sequence,instance,trial,seed,solver,cost,solver_seconds,call_seconds,timeout,budget_met,tour
1,39rat195,5,5,julia,854,0.135465625,0.139906125,0,0,"44,55,53,66,81,82,94,106,119,132,157,170,172,174,189,192,193,165,151,153,140,127,126,115,101,87,75,63,62,49,36,35,23,7,3,2,14,15,29"
2,39rat195,5,5,cpp,854,0.092352083,0.092522709,0,0,"15,14,2,4,7,23,35,36,49,62,63,75,87,101,115,113,127,140,153,151,165,193,192,189,174,173,170,157,132,119,106,94,82,81,66,53,55,44,29"
3,217vm1084,10,10,cpp,130704,16.132205667,16.134825375,0,0,"143,195,276,327,211,126,17,341,29,342,234,27,315,332,430,725,715,281,714,799,282,525,908,844,871,642,643,284,335,389,278,401,229,425,345,41,84,344,10,205,393,622,324,378,268,646,14,316,336,745,12,361,271,209,208,181,394,496,150,190,131,80,358,39,406,860,742,808,724,1047,602,235,331,16,337,357,495,478,213,618,452,273,467,458,655,601,440,636,446,594,863,907,476,439,571,182,433,470,295,19,107,43,376,457,552,515,454,553,445,720,899,988,511,413,68,475,827,414,238,1041,723,983,155,559,51,55,122,123,200,178,503,632,98,243,578,255,397,173,2,381,254,396,248,103,240,251,444,507,386,172,520,438,509,418,471,626,44,517,521,469,175,508,257,502,104,249,649,395,435,49,88,46,154,310,32,53,124,96,630,309,545,1009,694,263,71,264,58,59,61,256,580,608,581,373,447,171,170,604,615,609,605,585,106,115,117,482,661,848,835,21,8,226,294,423,432,486,189"
4,217vm1084,10,10,julia,130704,21.895238708,22.029078084,0,0,"486,432,423,294,226,8,21,835,663,661,482,117,115,106,585,605,609,615,604,170,171,447,373,581,608,580,256,61,59,58,264,71,263,694,1009,545,309,630,96,124,53,32,310,154,46,88,49,435,395,649,249,104,502,257,508,175,469,521,95,44,626,471,418,509,438,520,172,386,507,444,251,240,103,248,396,254,381,2,173,397,255,578,243,98,632,503,178,200,123,122,55,51,559,155,983,1067,1041,238,414,1079,475,68,413,511,988,1029,720,445,553,454,515,552,457,376,43,107,19,295,470,433,182,571,439,476,907,863,594,446,636,440,601,655,458,467,273,452,618,213,478,495,357,337,16,331,235,602,1047,668,749,711,860,406,39,358,80,131,190,150,496,394,181,208,209,271,361,12,745,336,316,14,646,268,378,324,622,393,205,10,344,84,41,345,425,229,401,278,389,335,284,643,642,871,900,908,525,282,799,714,281,715,725,430,332,315,27,234,342,29,341,330,126,211,327,276,195,143,189"
5,45ts225,10,10,julia,68340,0.222363708,0.228524709,0,0,"127,128,29,31,34,37,39,162,58,56,54,177,178,77,202,104,107,108,207,85,211,212,116,117,120,222,221,95,93,91,66,67,70,172,47,148,147,20,141,142,14,13,8,5,4"
6,45ts225,10,10,cpp,68340,0.182278792,0.182481417,0,0,"37,41,44,45,148,147,20,19,15,11,10,132,131,4,127,128,27,152,54,56,58,83,81,79,201,202,104,107,108,212,211,89,217,116,119,120,222,221,97,197,70,68,66,162,35"
7,46pr226,10,10,cpp,64007,0.105286875,0.105557459,0,0,"1,7,71,70,68,65,64,18,19,63,56,55,49,20,21,27,48,47,45,42,41,38,39,40,93,143,150,156,157,167,175,183,190,193,201,206,215,221,131,132,106,113,79,78,72,0"
8,46pr226,10,10,julia,64007,0.158552208,0.16450925,0,0,"1,7,71,70,68,65,64,18,19,63,56,55,49,20,21,27,48,47,45,42,41,38,39,40,93,143,150,156,157,167,175,183,190,193,201,206,215,221,131,132,106,113,79,78,72,0"
9,32u159,1,1,julia,22664,0.082838125,0.0858275,0,0,"92,109,110,113,123,124,125,158,153,148,141,19,27,29,32,33,38,121,120,46,48,51,54,62,61,63,72,76,87,94,105,106"
10,32u159,1,1,cpp,22664,0.050987875,0.051136791,0,0,"105,94,87,76,72,63,61,62,54,51,48,46,120,121,38,33,32,29,27,19,141,148,153,158,125,124,123,113,110,109,92,106"
11,35si175,8,8,cpp,5564,0.064350125,0.06514,0,0,"107,73,72,66,27,28,3,19,17,2,1,9,7,32,78,37,95,82,44,86,101,102,147,112,167,137,140,134,131,130,123,122,163,151,110"
12,35si175,8,8,julia,5564,0.1081805,0.109156375,0,0,"112,167,137,140,134,131,130,123,122,163,151,110,92,73,72,66,27,28,3,19,17,2,1,9,7,33,78,37,95,82,44,86,101,102,147"
13,36brg180,6,6,julia,4420,0.113383916,0.1147795,0,0,"65,64,33,32,67,40,41,60,55,54,61,45,44,70,50,51,154,20,21,8,13,12,6,37,36,4,16,17,25,24,10,59,58,0,28,29"
14,36brg180,6,6,cpp,4420,0.068171958,0.069125958,0,0,"10,47,46,4,25,24,0,53,52,70,57,56,71,38,39,64,65,42,43,67,29,28,62,32,33,179,18,19,6,15,14,8,22,23,49,48"
15,107ali535,9,9,cpp,128639,1.939577584,1.944749958,0,0,"5,405,84,215,330,372,453,408,291,34,232,32,9,203,341,71,104,253,55,131,237,196,427,485,327,437,317,76,83,245,78,252,2,41,470,176,149,109,406,502,442,236,160,288,321,244,488,217,377,435,369,416,246,391,162,378,122,466,18,338,221,25,523,525,226,301,4,382,172,308,312,247,133,393,120,501,273,282,429,417,409,507,455,91,297,421,60,47,356,516,526,428,451,471,349,73,373,280,379,59,345,199,219,225,258,371,355"
16,107ali535,9,9,julia,128639,2.187255166,2.308726083,0,0,"78,245,83,76,317,437,327,485,427,196,237,131,55,253,104,71,341,203,9,32,232,34,101,408,453,372,330,215,84,405,5,355,371,258,225,219,199,345,59,379,280,373,73,349,471,451,428,526,516,356,47,60,421,297,91,455,507,409,417,429,282,273,501,120,393,133,247,312,308,172,382,4,301,226,525,523,25,221,338,18,466,122,378,162,391,246,416,369,435,377,217,488,244,321,288,160,236,442,502,406,109,149,176,470,41,2,252"
17,60pr299,9,9,julia,22615,0.376625,0.387091958,0,0,"7,6,1,2,147,151,296,293,213,288,215,220,219,279,282,281,229,227,163,164,167,197,234,272,237,241,192,244,247,254,259,258,255,177,175,119,118,54,55,51,57,59,58,37,62,32,33,68,72,71,24,23,82,94,95,96,140,157,156,142"
18,60pr299,9,9,cpp,22615,0.299222083,0.299495292,0,0,"7,6,1,2,147,151,296,293,213,288,215,220,219,279,282,281,229,227,163,164,167,197,234,272,237,241,192,244,247,254,259,258,255,177,175,119,118,54,55,51,57,59,58,37,62,32,33,68,72,71,24,23,82,94,95,96,140,157,156,142"
19,134gr666,3,3,cpp,163847,3.081918,3.087704042,0,0,"166,139,234,297,299,268,260,244,250,146,148,182,183,187,189,193,206,216,217,220,224,211,214,230,232,231,233,202,201,200,160,163,504,514,459,491,490,428,412,443,447,437,463,464,466,473,469,532,536,538,550,555,552,573,572,576,579,583,590,585,591,596,599,609,610,611,622,485,619,476,477,480,478,3,4,1,0,309,308,17,15,11,10,8,19,24,25,28,35,55,63,68,75,76,82,81,85,136,96,97,92,664,663,661,662,660,659,653,654,655,656,657,658,635,636,638,646,647,640,641,642,644,648,665,107,115,114,116,117,125,124,129,130,169"
20,134gr666,3,3,julia,163028,5.452496084,5.64193875,0,0,"107,115,114,116,117,125,124,129,130,169,168,170,148,183,187,189,193,206,216,217,220,224,211,214,230,232,231,233,202,201,200,160,163,504,514,459,491,490,416,413,407,403,347,299,293,250,242,238,140,234,17,16,308,309,0,464,463,437,462,465,466,473,532,536,538,550,555,552,573,572,576,579,583,590,585,591,596,599,609,610,611,622,485,619,476,477,480,478,1,2,4,11,10,8,19,24,25,28,35,55,63,68,75,76,82,81,85,136,96,97,92,664,663,661,662,660,659,653,654,655,656,657,658,635,636,638,646,647,640,641,642,644,648,665"
21,115rat575,4,4,julia,2388,2.895564584,2.933194541,0,0,"558,562,564,566,568,571,550,526,502,480,458,459,434,433,411,389,365,343,320,297,274,227,226,180,181,179,178,176,151,172,171,169,146,124,100,99,78,81,82,85,109,133,110,113,90,44,17,16,14,12,33,10,32,29,27,25,24,47,71,95,118,140,141,162,184,185,186,211,212,234,278,300,324,348,347,370,392,415,417,395,374,352,354,330,284,262,263,264,265,291,313,314,337,360,381,404,428,427,451,474,497,493,469,467,466,465,487,485,484,506,507,531,532,555,557"
22,115rat575,4,4,cpp,2399,2.057950792,2.058739833,0,0,"555,532,531,507,506,484,485,487,489,490,467,443,419,440,416,393,369,347,348,324,300,278,234,212,211,186,185,184,162,141,140,118,95,71,47,24,25,27,29,32,10,33,12,14,16,19,44,67,113,110,133,109,85,82,81,78,99,100,124,146,169,171,172,151,176,178,179,181,180,226,227,274,297,320,343,341,338,315,313,291,265,264,263,285,284,307,352,375,377,379,380,383,405,427,451,452,431,411,388,413,435,457,480,502,525,550,571,568,566,542,519,517,516,559,557"
23,89pcb442,7,7,cpp,21657,1.048175333,1.048829375,0,0,"142,389,128,117,116,127,137,174,211,212,199,213,222,223,224,232,258,411,412,217,197,208,225,413,419,274,334,335,372,431,329,328,364,363,362,360,434,295,277,416,414,246,424,289,314,351,350,432,346,427,281,425,240,239,238,233,405,400,185,172,160,148,440,101,65,441,4,5,6,44,47,48,49,83,84,55,56,28,29,30,96,124,134,133,123,122,132,131,143"
24,89pcb442,7,7,julia,21657,1.486673791,1.507703458,0,0,"4,5,6,44,47,48,49,83,84,55,56,28,29,30,96,124,134,133,123,122,132,131,143,142,389,128,117,116,127,137,174,211,212,199,213,222,223,224,232,258,411,412,217,197,208,225,413,419,274,334,335,372,431,329,328,364,363,362,360,434,295,277,416,414,246,424,289,314,351,350,432,346,427,281,425,240,239,238,233,405,400,185,172,160,148,440,101,65,441"
25,145u724,7,7,julia,17281,7.162367083,7.219544625,0,0,"723,721,10,3,712,702,701,709,700,699,16,109,110,114,62,103,649,121,118,122,640,647,651,116,107,66,87,88,93,95,21,92,28,38,35,676,665,663,662,618,152,607,605,591,558,574,573,549,187,556,588,133,601,583,584,282,283,130,281,270,258,523,264,520,525,210,252,211,502,353,503,497,343,345,215,207,220,253,195,200,204,227,321,331,322,496,491,490,489,477,295,292,294,293,364,414,430,432,452,462,459,418,417,467,363,402,471,367,375,382,393,394,396,309,314,305,303,333,327,240,237,201,537,561,559,179,178,144,141,165,153,621,611,612,672,681,670,48,80,31,94,25,13,11,0"
26,145u724,7,7,cpp,17281,5.190094375,5.191225542,0,0,"723,721,10,3,712,702,701,709,700,699,16,109,110,114,62,103,649,121,118,122,640,647,651,116,107,66,87,88,93,95,21,92,28,38,35,676,665,663,662,618,152,607,605,591,558,574,573,549,187,556,588,133,601,583,584,282,283,130,281,270,258,523,264,520,525,210,252,211,502,353,503,497,343,345,215,207,220,253,195,200,204,227,321,331,322,496,491,490,489,477,295,292,294,293,364,414,430,432,452,462,459,418,417,467,363,402,471,367,375,382,393,394,396,309,314,305,303,333,327,240,237,201,537,561,559,179,178,143,141,165,153,621,611,612,672,681,670,48,80,31,94,25,13,11,0"
27,99d493,4,4,cpp,20023,1.742063583,1.742874375,0,0,"92,94,104,100,98,89,76,75,77,79,67,66,19,62,63,86,127,138,64,57,56,13,14,18,11,10,6,4,1,0,2,51,48,43,20,234,265,21,40,34,38,31,29,28,26,25,428,341,333,297,267,254,221,193,175,160,154,144,128,118,119,122,132,143,152,163,183,212,216,227,247,286,330,343,405,413,444,464,466,467,472,474,478,481,492,490,334,213,177,194,164,150,142,123,117,108,110,103,93"
28,99d493,4,4,julia,20023,2.5612765,2.588763458,0,0,"92,94,104,100,98,89,76,75,77,79,67,66,19,62,63,86,127,138,64,57,56,13,14,18,11,10,6,4,1,0,2,51,48,43,20,234,265,21,40,34,38,31,29,28,26,25,428,341,333,297,267,254,221,193,175,160,154,144,128,118,119,122,132,143,152,163,183,212,216,227,247,286,302,343,405,413,459,464,466,467,472,474,478,481,492,490,334,213,177,194,164,150,142,123,117,108,110,103,93"
29,32u159,5,5,julia,22664,0.084902708,0.088049167,0,0,"105,94,87,76,72,63,61,62,54,51,48,46,120,121,38,33,32,29,27,19,141,148,153,158,125,124,123,113,110,109,92,106"
30,32u159,5,5,cpp,22664,0.054658542,0.054815959,0,0,"51,54,62,61,63,72,76,87,94,105,106,92,109,110,113,123,124,125,158,153,148,141,19,27,29,32,33,38,121,120,46,48"
31,31pr152,2,2,cpp,51576,0.049033667,0.049199959,0,0,"11,5,10,6,9,17,42,65,87,81,86,82,60,83,109,117,118,119,121,122,113,89,71,77,91,50,35,33,13,12,4"
32,31pr152,2,2,julia,51576,0.074668792,0.077448042,0,0,"11,5,10,6,9,17,42,65,87,81,86,82,60,83,109,117,118,119,121,122,113,89,71,77,91,50,35,33,13,12,4"
33,212u1060,5,5,julia,106100,18.094593083,18.217105291,0,0,"669,633,627,622,616,613,436,610,605,603,598,597,451,452,454,558,562,552,553,468,475,479,481,496,502,503,514,504,509,508,493,492,367,366,369,372,377,485,411,463,423,424,417,431,429,400,398,395,393,387,389,273,272,268,267,279,281,283,285,310,249,234,236,230,842,851,921,919,916,901,899,897,78,79,76,82,87,86,101,97,95,110,109,882,879,872,871,909,865,217,212,211,207,206,258,261,263,197,194,190,183,181,168,166,154,143,140,135,126,125,7,8,4,1,0,1057,1053,1052,29,12,25,32,1043,1046,1038,1034,1031,1032,37,39,42,52,69,61,63,1028,1029,1015,991,985,975,974,964,963,949,953,930,931,945,942,941,827,939,936,938,837,833,822,821,808,810,814,316,307,303,300,299,349,351,348,344,327,324,330,337,340,342,794,792,779,778,765,756,751,534,541,543,542,747,740,738,732,731,734,736,574,578,579,725,699,722,720,708,703,689,674,673,676,678,713,717,718"
34,212u1060,5,5,cpp,106052,14.02753975,14.029944042,0,0,"717,713,678,676,673,674,689,703,708,720,722,699,725,579,578,574,736,734,731,732,738,740,747,542,543,541,534,751,757,765,778,779,792,794,342,340,337,330,324,327,344,348,351,349,299,300,303,307,316,814,810,808,821,822,833,837,938,936,939,827,941,942,945,933,930,953,949,963,962,964,974,975,985,991,1015,1029,1028,63,61,69,70,51,76,81,82,87,86,100,18,20,23,40,37,1032,1031,1034,1038,1046,1049,1050,30,1052,1057,0,1,4,8,7,125,126,135,140,143,154,167,171,180,188,190,194,197,263,261,258,206,207,211,212,217,865,909,871,872,879,882,108,109,94,92,896,899,901,916,919,921,851,842,230,236,234,249,310,285,283,281,279,267,268,272,273,389,387,393,395,398,400,429,431,417,424,423,463,411,485,377,372,369,366,367,492,493,508,509,504,514,503,502,496,481,479,475,468,553,552,562,558,454,452,451,597,598,603,605,610,436,613,616,622,627,633,669,718"
35,31pr152,10,10,cpp,51576,0.04917325,0.049386958,0,0,"11,5,10,6,9,17,42,65,87,81,86,82,60,83,109,117,118,119,120,122,113,89,71,77,91,50,35,33,13,12,4"
36,31pr152,10,10,julia,51576,0.078265,0.081034625,0,0,"3,2,15,33,46,91,77,71,89,113,122,120,119,118,117,109,83,60,82,86,81,87,65,42,17,9,6,10,5,11,4"
37,72rbg358,6,6,julia,693,0.863825791,0.871382042,0,0,"111,170,59,88,117,162,68,14,179,108,187,43,215,250,7,15,25,2,100,203,74,319,115,164,348,142,109,325,107,10,41,23,212,194,67,95,92,275,342,177,340,301,150,60,17,13,121,36,118,252,335,8,57,190,9,158,343,140,110,217,201,48,247,154,124,5,148,161,178,265,210,184"
38,72rbg358,6,6,cpp,693,0.597962375,0.603843542,0,0,"348,187,59,10,117,17,13,121,142,109,325,107,148,178,265,210,184,161,158,343,179,108,111,170,203,74,41,23,57,194,67,223,140,110,252,335,8,247,162,341,100,217,201,177,340,301,150,88,92,275,342,154,9,48,43,7,15,25,215,250,2,212,190,14,68,124,5,36,118,319,115,164"
39,217vm1084,8,8,cpp,131010,21.170992375,21.173437208,0,0,"143,195,276,327,211,126,100,341,29,342,234,27,315,332,430,725,715,281,714,799,282,525,908,831,871,642,643,284,335,389,278,401,229,425,345,41,84,344,10,205,393,622,324,378,268,646,14,316,336,745,12,361,271,209,208,181,394,496,150,190,131,80,358,39,406,860,877,920,724,1047,602,235,331,16,337,357,495,478,213,618,452,273,467,458,655,601,440,636,446,594,863,907,476,439,571,433,182,457,552,515,454,553,445,720,1014,988,511,413,68,475,1079,414,238,1041,723,983,155,559,51,55,122,123,200,178,503,632,98,243,578,255,397,173,2,381,254,374,103,63,501,653,453,1,244,499,77,395,435,49,88,46,154,310,32,53,124,96,630,309,545,1009,694,263,71,264,58,59,61,256,580,608,581,373,447,450,508,583,171,170,604,615,609,605,585,106,115,117,482,661,802,835,21,8,226,294,423,432,448,471,418,463,517,521,469,179,438,421,35,598,167,370,94,466,19,470,295,404,189"
40,217vm1084,8,8,julia,130704,18.422849292,18.550598,0,0,"486,432,423,294,226,8,21,835,848,661,482,117,115,106,585,605,609,615,604,170,171,447,373,581,608,580,256,61,59,58,264,71,263,694,1009,545,309,630,96,124,53,32,310,154,46,88,49,435,395,649,249,104,502,257,508,175,469,521,95,44,626,471,418,509,438,520,172,386,507,444,251,240,103,248,396,254,381,2,173,397,255,578,243,98,632,503,178,200,123,122,55,51,559,155,983,726,1041,238,414,1079,475,68,413,511,988,996,720,445,553,454,515,552,457,376,43,107,19,295,470,433,182,571,439,476,907,863,594,446,636,440,601,655,458,467,273,452,618,213,478,495,357,337,16,331,235,602,1047,873,920,887,860,406,39,358,80,131,190,150,496,394,181,208,209,271,361,12,745,336,316,14,646,268,378,324,622,393,205,10,344,84,41,345,425,229,401,278,389,335,284,643,642,871,844,908,525,282,799,714,281,715,725,430,332,315,27,234,342,29,341,17,126,211,327,276,195,143,189"
41,131p654,3,3,julia,27428,3.245950041,3.292275333,0,0,"548,533,534,551,552,555,556,558,559,109,121,129,161,185,189,101,99,98,97,96,95,93,91,92,89,81,85,86,84,83,80,76,73,75,78,77,74,561,562,563,565,569,546,547,571,217,221,249,265,281,285,105,104,103,72,71,70,69,67,68,66,65,64,62,9,8,7,6,12,10,61,13,34,29,22,24,23,25,33,37,40,42,46,47,48,49,52,50,51,56,59,58,57,17,18,454,477,456,431,423,402,601,600,598,596,595,593,591,587,391,371,351,339,323,307,586,585,607,582,581,579,578,574,573,15,16,14,4,3,1,0"
42,131p654,3,3,cpp,27428,2.452853209,2.453923583,0,0,"1,3,4,14,16,15,573,574,578,580,581,582,607,585,586,303,319,335,351,359,387,642,644,646,647,649,628,629,653,409,413,429,457,469,477,18,17,57,58,59,56,51,50,52,49,48,47,46,42,40,37,33,25,23,24,22,28,34,13,61,10,12,6,7,8,9,62,64,65,66,68,67,69,70,71,72,103,104,105,285,281,265,237,225,217,571,547,570,566,565,564,562,561,74,77,78,75,73,76,80,83,84,86,85,81,89,92,91,93,95,96,97,98,99,101,189,185,157,129,125,113,559,558,556,555,552,551,534,533,548,0"
43,45ts225,9,9,cpp,68340,0.167632875,0.167916375,0,0,"201,202,104,208,207,110,111,115,119,120,222,221,95,92,91,88,85,187,66,69,70,172,171,47,147,20,17,16,142,39,138,137,8,5,4,127,128,29,30,33,58,55,54,177,77"
44,45ts225,9,9,julia,68340,0.239454959,0.245414,0,0,"7,8,132,35,138,137,16,18,20,147,148,45,42,41,66,69,70,197,97,221,222,120,218,217,114,113,108,105,104,202,201,79,82,85,88,89,187,58,56,54,152,151,27,127,4"
45,81rbg403,4,4,julia,1170,0.754617458,0.763928125,0,0,"24,186,211,77,31,115,90,69,123,109,110,100,375,233,324,238,229,214,174,185,35,183,17,182,38,111,135,270,129,127,222,177,345,299,60,44,193,80,108,120,149,347,283,124,175,65,384,383,67,235,106,78,241,112,47,32,274,272,41,248,42,254,58,82,247,162,105,19,128,23,62,33,171,252,188,37,179,361,7,194,380"
46,81rbg403,4,4,cpp,1170,0.52328325,0.531165709,0,0,"51,60,44,361,347,174,250,35,384,383,67,23,69,124,33,171,127,233,324,82,247,77,100,109,42,252,162,32,274,272,28,62,194,380,283,235,58,175,182,78,183,17,123,177,222,211,65,128,375,186,254,248,111,179,7,101,106,90,214,193,110,24,238,229,345,173,115,108,120,241,112,47,105,19,38,135,270,188,37,129,149"
47,89rbg443,2,2,cpp,639,0.978163459,0.987201833,0,0,"244,151,85,399,320,142,97,376,76,43,60,87,266,204,278,45,41,416,42,317,30,162,94,433,428,241,63,65,254,342,283,302,330,104,66,74,93,414,7,68,126,0,269,83,343,391,49,80,167,61,185,406,364,81,211,182,127,242,262,273,160,84,258,159,274,373,181,31,75,427,380,394,20,100,14,82,189,18,292,176,347,264,146,360,186,192,397,355,367"
48,89rbg443,2,2,julia,635,1.8388095,1.850222833,0,0,"100,14,76,342,283,323,211,45,397,355,167,61,185,204,278,182,330,104,433,95,81,305,264,254,292,176,343,244,30,68,416,18,399,258,7,406,389,241,162,94,189,86,0,269,83,160,84,252,75,87,266,429,65,146,151,85,181,31,142,97,376,186,192,208,60,427,380,127,242,262,273,120,20,82,159,49,80,285,57,41,367,391,274,373,66,74,93,414,214"
49,107si535,7,7,julia,13502,2.683623459,2.691666041,0,0,"385,19,474,134,164,162,168,167,178,177,176,154,159,345,302,293,292,355,267,265,125,192,126,129,127,124,116,113,109,105,91,88,65,60,50,17,43,185,183,15,41,39,494,470,454,28,10,476,507,27,528,29,209,277,332,148,171,145,140,137,337,287,212,534,524,509,135,20,8,0,366,370,420,444,456,490,514,286,289,255,522,512,498,479,449,440,436,421,376,368,2,375,371,4,180,179,5,378,402,403,390,392,400,397,357,358,7"
50,107si535,7,7,cpp,13502,1.706552083,1.713665291,0,0,"385,19,474,134,164,162,169,167,178,177,176,154,155,345,349,293,292,355,267,265,125,192,126,129,127,124,118,113,109,105,88,86,65,60,18,49,42,185,183,15,14,39,494,470,11,28,10,476,507,27,528,29,211,270,318,148,173,145,140,137,337,287,212,534,524,509,135,20,8,0,366,370,420,444,456,490,514,286,289,255,522,512,480,479,449,440,436,421,376,368,2,375,371,4,180,179,5,360,383,387,408,407,400,397,357,358,7"
51,107att532,5,5,cpp,13464,1.592730042,1.593478625,0,0,"503,490,477,440,448,461,491,518,530,494,466,455,460,432,409,391,401,387,380,407,424,433,341,305,306,296,268,224,147,137,89,44,23,14,5,1,4,20,26,76,123,159,134,133,90,55,49,75,158,207,283,298,307,302,293,311,366,373,394,393,392,370,348,354,300,234,170,127,61,94,97,172,138,116,273,335,329,250,237,238,360,346,310,219,239,255,313,377,405,421,456,465,479,510,516,526,513,509,498,478,442,389,400,376,388,431,470"
52,107att532,5,5,julia,13464,2.056391459,2.094924708,0,0,"310,346,360,238,237,250,329,335,273,116,138,172,97,94,61,127,170,234,300,354,348,370,392,393,394,373,366,311,293,302,307,298,283,207,158,75,49,55,90,133,134,140,159,76,26,18,4,1,5,14,23,44,89,137,147,224,261,286,306,305,341,433,424,407,402,380,401,391,409,432,460,455,466,494,530,518,491,461,448,440,477,490,503,470,431,388,376,400,389,442,478,498,509,513,526,516,510,479,465,456,421,405,377,316,255,239,219"
53,99d493,5,5,julia,20039,2.046540667,2.073240958,0,0,"103,110,108,117,123,142,150,177,213,192,191,186,201,205,183,152,143,132,122,119,118,128,144,154,160,175,193,221,254,267,297,333,316,305,278,279,285,286,315,361,490,492,481,478,474,472,448,447,469,466,461,24,25,26,28,29,31,38,34,40,21,265,234,20,43,48,51,2,0,1,4,6,10,11,18,14,13,56,57,64,138,127,86,63,62,19,66,67,79,77,75,76,89,98,100,104,94,92,93"
54,99d493,5,5,cpp,20023,1.700848041,1.701502584,0,0,"92,94,104,100,98,89,76,75,77,79,67,66,19,62,63,86,127,138,64,57,56,13,14,18,11,10,6,4,1,0,2,51,48,43,20,234,265,21,40,34,38,31,29,28,26,25,428,341,333,297,267,254,221,193,175,160,154,144,128,118,119,122,132,143,152,163,183,212,216,227,261,286,330,343,405,413,459,464,466,467,472,474,478,481,492,490,334,213,177,194,164,150,142,123,117,108,110,103,93"
55,72rbg358,8,8,cpp,693,0.672473459,0.678471625,0,0,"13,121,194,67,111,170,203,74,310,178,108,319,115,41,100,140,110,154,124,5,148,252,335,2,212,177,340,301,150,60,321,337,210,184,217,201,142,109,325,107,190,9,48,43,7,15,25,215,250,8,247,158,343,68,14,59,88,161,117,162,10,36,118,179,348,92,275,342,187,23,57,17"
56,72rbg358,8,8,julia,693,0.9206745,0.928306667,0,0,"17,203,74,111,170,92,275,342,13,121,48,23,57,162,161,341,88,190,9,41,247,178,184,187,43,215,250,7,15,25,8,100,154,14,217,201,177,340,301,150,142,109,325,107,148,59,117,10,140,110,252,335,2,212,68,124,5,36,118,290,179,108,194,67,319,115,321,337,210,348,158,343"
57,46pr226,2,2,julia,64007,0.163100584,0.169041042,0,0,"72,78,79,113,106,132,131,221,220,209,202,200,191,186,177,170,159,156,150,143,93,40,39,38,41,42,45,47,48,27,21,20,49,55,56,63,19,18,64,65,68,70,71,7,1,0"
58,46pr226,2,2,cpp,64007,0.107577292,0.10779725,0,0,"106,132,131,221,216,211,205,198,190,184,180,168,158,156,150,143,93,40,39,38,41,42,45,47,48,27,21,20,49,55,56,63,19,18,64,65,68,70,71,7,1,0,72,78,79,113"
59,65rbg323,6,6,cpp,471,0.419642958,0.424598625,0,0,"14,226,26,119,36,249,215,112,30,69,10,110,209,74,114,231,139,217,216,109,108,104,286,47,0,56,27,178,318,41,135,115,6,280,284,120,121,16,34,296,125,315,314,89,211,227,11,29,49,2,300,35,152,1,83,25,153,7,31,65,301,136,156,171,162"
60,65rbg323,6,6,julia,471,0.639886208,0.645993458,0,0,"74,249,108,25,153,7,31,65,301,14,226,114,231,139,136,156,171,162,255,216,109,215,26,69,10,27,178,318,125,315,280,284,112,30,29,49,120,121,16,83,36,2,300,56,47,0,314,115,6,35,90,11,34,152,1,41,294,102,89,51,110,286,119,104,209"
61,157rat783,9,9,julia,3265,7.249157291,7.317964084,0,0,"39,83,86,108,148,169,180,193,237,246,263,296,313,328,366,412,441,460,480,470,453,464,473,475,463,440,416,418,423,425,432,459,494,514,528,534,555,557,542,552,536,544,545,549,594,636,646,662,686,716,743,752,750,715,740,779,769,765,739,699,653,630,629,620,660,706,712,756,757,744,760,768,733,708,677,647,644,626,596,585,550,525,505,483,481,444,422,400,389,355,343,327,301,276,241,235,238,204,194,221,242,257,258,305,324,345,346,344,332,302,310,325,347,363,372,387,377,361,319,307,282,281,225,212,196,166,140,149,163,168,162,160,155,152,122,114,99,96,51,36,16,17,11,57,75,73,76,35,30,49,61,53,68,43,27,12,5"
62,157rat783,9,9,cpp,3265,5.866983917,5.868298375,0,0,"12,27,43,68,53,61,49,30,35,76,73,75,57,11,17,16,36,51,96,99,114,122,152,150,151,162,168,163,149,140,166,196,212,225,281,282,307,319,361,377,387,384,363,347,325,310,302,332,344,349,345,324,305,258,257,242,221,194,204,238,235,241,276,301,327,343,355,389,400,422,444,481,483,505,529,547,585,596,626,644,647,677,687,733,768,760,744,757,756,712,706,660,620,632,630,653,699,739,765,769,779,740,715,750,752,743,716,686,662,646,636,594,549,545,544,543,552,542,557,555,534,528,514,494,459,432,425,423,418,416,440,463,475,473,464,453,470,480,460,441,412,366,328,313,296,263,246,237,193,180,169,148,108,86,83,39,5"
63,115rat575,5,5,cpp,2399,2.225567333,2.226458708,0,0,"559,516,517,519,542,566,568,571,550,526,502,480,457,435,413,388,411,431,452,451,427,405,383,380,379,377,375,352,307,284,285,263,264,265,291,313,314,338,341,343,320,297,274,227,226,203,181,179,178,176,151,172,171,169,146,124,100,99,78,81,82,85,109,133,110,113,90,44,19,16,14,12,33,10,32,29,27,25,24,47,71,95,118,140,141,162,184,185,186,211,212,234,278,300,324,348,347,369,393,416,440,419,443,467,490,489,487,485,484,506,507,531,532,555,557"
64,115rat575,5,5,julia,2388,2.584976208,2.622965875,0,0,"558,562,563,566,568,571,550,526,502,480,458,459,434,433,410,389,365,343,320,297,274,227,226,180,181,179,178,176,151,172,171,169,146,124,100,99,78,81,82,85,109,133,110,113,67,44,19,16,14,12,33,10,32,29,27,25,24,47,71,95,118,140,141,162,184,185,186,211,212,234,278,300,324,348,347,369,393,415,417,395,374,352,354,330,284,262,263,264,265,291,313,314,337,360,382,404,428,427,451,474,497,493,469,467,466,465,487,485,484,506,507,531,532,555,557"
65,53gil262,9,9,julia,1013,0.275408459,0.283204958,0,0,"251,221,242,168,131,28,133,158,200,77,225,174,65,255,224,240,100,8,88,247,219,205,227,172,53,72,111,212,78,210,89,204,228,70,67,98,243,187,257,159,207,250,151,191,118,93,90,186,44,142,13,97,254"
66,53gil262,9,9,cpp,1013,0.197102,0.197363167,0,0,"133,28,131,180,242,221,251,254,97,13,142,44,186,49,93,118,191,151,250,207,159,257,187,243,98,67,70,228,204,89,210,78,212,111,197,53,172,227,205,35,247,88,8,100,240,224,255,65,174,225,77,200,158"
67,99d493,6,6,cpp,20023,1.827949125,1.82869725,0,0,"92,94,104,100,98,89,76,75,77,79,67,66,19,62,63,86,127,138,64,57,56,13,14,18,11,10,6,4,1,0,2,51,48,43,20,234,265,21,40,34,38,31,29,28,26,25,428,341,333,297,267,254,221,193,175,160,154,144,128,118,119,122,132,143,152,163,183,212,216,227,261,286,318,343,405,413,444,464,466,467,472,474,478,481,492,490,334,213,177,194,164,150,142,123,117,108,110,103,93"
68,99d493,6,6,julia,20023,2.553196083,2.580152,0,0,"103,110,108,117,123,142,150,164,194,177,213,334,490,492,481,478,474,472,467,466,464,443,413,405,343,318,286,261,227,216,212,183,163,152,143,132,122,119,118,128,144,154,160,175,193,221,254,267,297,333,341,428,25,26,28,29,31,38,34,40,21,265,234,20,43,48,51,2,0,1,4,6,10,11,18,14,13,56,57,64,138,127,86,63,62,19,66,67,79,77,75,76,89,98,100,104,94,92,93"
69,99d493,3,3,julia,20023,2.193300625,2.221553,0,0,"92,94,104,100,98,89,76,75,77,79,67,66,19,62,63,86,127,138,64,57,56,13,14,18,11,10,6,4,1,0,2,51,48,43,20,234,265,21,40,34,38,31,29,28,26,25,428,341,333,297,267,254,221,193,175,160,154,144,128,118,119,122,132,143,152,163,183,212,216,227,247,286,302,343,405,413,444,464,466,467,472,474,478,481,492,490,334,213,177,194,164,150,142,123,117,108,110,103,93"
70,99d493,3,3,cpp,20033,1.468168583,1.46883475,0,0,"75,76,89,98,100,104,94,92,93,103,110,108,117,123,142,150,177,213,195,204,220,226,227,216,183,163,152,143,132,122,119,118,128,144,154,160,175,193,221,254,267,297,341,370,423,406,405,330,323,287,334,490,492,481,478,474,472,467,466,461,24,25,26,28,29,31,38,34,40,21,265,234,20,43,48,51,2,0,1,4,6,10,11,18,14,13,56,57,64,138,127,86,63,62,19,66,67,79,77"
71,80rd400,6,6,cpp,6361,0.617226125,0.61779425,0,0,"392,188,124,387,220,11,26,230,369,142,309,32,149,137,85,324,321,276,363,133,73,398,337,54,167,248,160,285,257,231,382,312,228,318,209,179,191,155,358,397,173,24,199,339,277,399,394,88,316,163,172,41,287,150,5,212,153,34,47,22,31,362,344,292,310,275,75,136,114,8,202,21,226,178,381,72,386,329,92,15"
72,80rd400,6,6,julia,6361,0.853325208,0.871577208,0,0,"92,329,386,72,381,178,226,21,202,8,114,136,75,275,310,292,344,362,31,22,47,34,153,212,5,150,287,41,172,163,316,88,394,399,277,339,199,24,173,397,358,155,191,179,209,318,228,312,382,231,257,285,160,248,167,54,337,398,73,133,363,276,321,324,85,137,149,32,309,142,369,230,26,11,220,387,124,188,392,15"
73,45ts225,5,5,julia,68340,0.236122917,0.241903084,0,0,"127,128,27,152,54,56,58,187,89,86,84,82,79,201,202,104,105,109,113,114,217,218,120,222,97,198,197,70,67,66,41,44,45,148,147,20,19,16,137,138,35,132,8,7,4"
74,45ts225,5,5,cpp,68340,0.178374708,0.178587375,0,0,"127,128,29,31,34,37,39,162,58,56,54,177,77,201,202,104,106,108,207,85,211,212,116,117,120,222,221,95,92,91,66,69,70,172,171,47,147,20,141,142,14,11,10,5,4"
75,46gr229,10,10,cpp,71972,0.135204125,0.136102333,0,0,"224,225,228,227,226,216,215,219,221,222,199,200,202,210,211,205,204,154,150,151,138,137,128,112,111,102,72,77,58,53,15,12,1,27,29,32,39,174,175,186,183,45,41,44,42,223"
76,46gr229,10,10,julia,71972,0.192761791,0.215328042,0,0,"224,225,228,227,226,216,215,219,221,222,199,200,202,210,211,205,204,154,150,151,138,137,128,112,111,102,72,77,58,53,15,12,1,27,29,32,39,174,175,186,183,45,41,44,42,223"
77,201pr1002,8,8,julia,114311,17.128999792,17.246947167,0,0,"182,179,178,172,171,166,154,153,251,994,148,143,142,139,131,132,95,77,78,74,75,0,2,3,6,11,67,71,53,57,59,32,31,24,28,331,330,312,309,308,295,288,402,403,422,423,427,429,452,450,447,606,609,628,632,633,374,411,408,378,387,386,393,395,336,341,345,348,353,354,659,657,653,622,623,615,731,730,735,736,706,713,721,723,664,665,668,673,674,682,987,986,692,700,967,965,964,951,943,941,954,938,936,930,929,912,913,904,925,926,884,885,888,892,893,894,850,851,864,863,859,1001,836,835,815,816,822,820,808,806,798,801,782,780,758,999,752,789,793,794,602,601,599,597,586,580,579,571,591,558,562,564,566,515,521,538,536,535,531,998,510,506,500,498,488,489,490,491,480,478,471,470,468,272,273,274,276,283,298,110,109,105,123,122,121,256,269,259,260,245,263,224,232,239,236,217,208,207,205,201,995"
78,201pr1002,8,8,cpp,114311,11.625541333,11.627540583,0,0,"182,179,178,172,171,166,164,153,251,994,148,143,142,139,131,132,95,77,78,74,75,0,2,3,6,11,67,71,53,57,59,32,31,24,28,331,330,312,309,308,295,288,402,403,422,423,427,429,452,450,447,606,609,628,632,633,374,411,408,378,387,386,393,395,336,340,345,348,353,354,659,657,653,622,623,615,731,730,735,736,706,713,721,723,664,665,668,673,674,682,987,986,692,700,967,965,964,951,943,941,954,938,936,930,929,912,913,904,925,926,884,885,890,892,893,894,850,851,864,863,859,1001,836,835,815,816,822,820,808,806,798,801,782,780,758,999,752,789,793,794,602,601,599,597,586,580,579,571,591,558,562,564,566,515,521,538,536,535,531,998,510,506,500,498,488,489,490,482,480,478,471,470,468,272,273,274,276,283,298,110,109,105,123,122,121,256,269,259,260,245,263,224,232,239,236,217,208,207,205,201,995"
79,89pcb442,8,8,cpp,21657,0.942148209,0.9428125,0,0,"65,101,440,148,160,172,185,400,405,233,238,239,240,425,281,427,347,432,350,351,314,289,424,246,414,416,277,295,434,360,362,363,364,328,329,431,372,335,334,274,419,413,225,208,197,217,412,411,258,232,224,223,222,213,199,212,211,174,137,127,116,117,128,389,142,143,131,132,122,123,133,134,124,96,30,29,28,56,55,84,83,49,48,45,44,6,5,4,441"
80,89pcb442,8,8,julia,21659,1.221845208,1.242956791,0,0,"4,5,6,44,45,48,49,83,84,55,56,28,29,30,96,124,134,133,123,122,132,131,143,142,389,128,117,116,127,137,174,211,212,199,213,222,223,224,232,258,411,412,217,197,208,225,413,419,274,334,335,372,371,344,329,328,430,343,359,434,295,277,416,414,246,424,289,314,351,350,432,346,427,281,425,240,239,238,233,405,400,185,172,160,148,440,101,65,441"
81,53pr264,4,4,julia,29549,0.243454834,0.251931042,0,0,"120,37,38,39,41,43,44,56,49,55,124,149,228,233,227,159,160,161,147,163,162,236,263,218,217,175,181,184,183,253,261,256,257,202,201,195,134,131,88,82,81,6,11,12,73,103,69,23,25,66,109,112,128"
82,53pr264,4,4,cpp,29549,0.173300083,0.173532833,0,0,"120,59,38,39,41,43,44,56,49,125,124,149,229,233,227,159,160,161,147,163,224,236,263,218,217,175,178,184,183,253,261,256,257,202,196,195,134,131,88,82,81,6,11,12,73,103,69,23,25,24,109,112,128"
83,107ali535,2,2,cpp,128653,1.958671167,1.963789708,0,0,"466,122,378,162,391,246,416,369,435,377,217,488,244,321,288,160,236,442,502,406,534,176,420,149,245,83,76,317,437,327,485,427,196,237,131,55,253,104,71,341,203,9,32,34,291,306,40,78,477,41,227,330,215,84,405,5,355,371,111,225,100,460,52,434,345,59,379,280,373,73,349,474,451,428,526,516,234,47,60,421,297,91,455,425,409,417,429,282,273,501,120,393,133,247,312,308,172,382,4,301,226,525,523,25,221,338,18"
84,107ali535,2,2,julia,128653,2.630341292,2.753431916,0,0,"466,122,378,162,391,246,416,369,435,377,217,488,244,321,288,160,236,442,502,406,534,176,420,149,245,83,76,317,437,327,485,427,196,237,131,55,253,104,71,341,203,9,32,34,291,306,152,78,477,41,227,330,215,84,405,5,355,371,258,225,100,460,52,434,345,59,379,280,373,73,349,474,451,428,526,516,234,47,60,421,297,91,455,507,409,417,429,282,273,501,120,393,133,247,312,308,172,382,4,301,226,525,523,25,221,338,18"
85,46pr226,1,1,julia,64007,0.161913167,0.168263,0,0,"1,7,71,70,68,65,64,18,19,63,56,55,49,20,21,27,48,47,45,42,41,38,39,40,93,143,150,156,157,167,175,183,190,193,201,206,215,221,131,132,106,113,79,78,72,0"
86,46pr226,1,1,cpp,64007,0.106736583,0.106942125,0,0,"72,78,79,113,106,132,131,221,220,210,201,198,191,188,178,172,163,156,150,143,93,40,39,38,41,42,45,47,48,27,21,20,49,55,56,63,19,18,64,65,68,70,71,7,1,0"
87,107si535,9,9,cpp,13505,1.95704375,1.96408875,0,0,"385,19,474,134,133,130,123,122,192,125,265,267,355,292,293,164,162,168,167,178,177,176,154,158,345,304,118,113,109,105,91,88,65,60,51,17,42,185,183,15,14,39,494,470,469,28,10,476,507,27,528,29,211,281,333,148,171,145,138,139,337,287,212,534,524,509,135,20,8,0,366,370,420,444,456,490,514,286,289,231,522,512,498,479,449,440,417,421,376,368,2,375,371,4,180,179,5,360,383,387,408,407,400,397,357,358,7"
88,107si535,9,9,julia,13505,2.226685625,2.2344635,0,0,"358,357,397,400,392,390,387,383,395,53,48,43,184,182,5,179,180,4,371,375,2,368,376,440,449,436,463,495,480,512,522,231,289,286,514,490,456,444,420,370,366,0,8,20,135,509,524,534,212,287,337,143,142,144,173,148,333,281,211,29,528,27,507,476,10,28,11,470,494,39,14,15,60,65,88,91,105,109,113,116,124,127,129,126,192,125,265,267,355,292,293,349,345,159,156,176,177,178,167,169,162,164,134,474,19,385,7"
89,107att532,6,6,julia,13464,1.958736167,1.998726458,0,0,"491,518,530,494,466,455,460,432,409,391,401,387,380,407,424,433,341,305,306,296,251,224,147,137,89,44,23,14,5,1,4,20,26,76,123,159,134,133,90,55,49,75,158,207,283,298,307,302,293,311,366,373,394,393,392,370,348,354,300,234,170,127,61,94,97,172,138,116,273,335,329,250,237,238,360,346,310,219,239,255,316,377,405,421,456,465,479,510,516,526,513,509,498,478,442,389,400,376,388,431,470,503,490,477,440,448,461"
90,107att532,6,6,cpp,13464,1.619525208,1.620208625,0,0,"503,490,477,440,448,461,491,518,530,494,466,455,460,432,409,391,401,380,402,407,424,433,341,305,306,286,261,224,147,137,89,44,23,14,5,1,4,20,26,76,123,159,134,133,90,55,49,75,158,207,283,298,307,302,293,311,366,373,394,393,392,370,348,354,300,234,170,127,61,94,97,172,138,116,273,335,329,250,237,238,360,346,310,219,239,255,316,377,405,421,456,465,479,510,516,526,513,509,498,478,442,389,400,376,388,431,470"
91,89pcb442,9,9,cpp,21657,0.945500208,0.946153375,0,0,"56,55,84,83,49,48,46,44,6,5,4,441,65,101,440,148,160,172,185,400,405,233,238,239,240,425,281,427,347,432,350,351,314,289,424,246,414,416,277,295,434,360,361,363,364,328,329,431,372,335,334,274,419,413,225,208,197,217,412,411,258,232,224,223,222,213,199,212,211,174,137,127,116,117,128,389,142,143,131,132,122,123,133,134,124,96,30,29,28"
92,89pcb442,9,9,julia,21657,1.199543958,1.222056041,0,0,"65,101,440,148,160,172,185,400,405,233,238,239,240,425,281,427,347,432,350,351,314,289,424,246,414,416,277,295,434,360,362,363,364,328,329,431,372,335,334,274,419,413,225,208,197,217,412,411,258,232,224,223,222,213,199,212,211,174,137,127,116,117,128,389,142,143,131,132,122,123,133,134,124,96,30,29,28,56,55,84,83,49,48,47,44,6,5,4,441"
93,212u1060,10,10,julia,106064,19.26979625,19.395484791,0,0,"541,543,542,747,740,738,732,731,734,736,574,578,579,725,699,722,720,708,703,689,674,673,676,678,713,717,718,669,633,627,622,616,613,436,610,605,603,598,597,451,452,454,558,562,552,553,468,475,479,481,496,502,503,514,504,509,508,493,492,367,366,369,372,377,485,411,463,423,424,417,431,429,400,398,395,393,387,389,273,272,268,267,279,281,283,285,310,249,234,236,230,842,851,920,860,863,217,212,211,207,206,258,261,263,197,194,190,183,181,172,167,154,143,140,135,126,125,7,8,4,1,0,1057,1053,1052,29,12,25,32,1043,1046,1038,1034,1031,1032,37,39,42,52,69,61,63,1028,1029,1015,991,985,975,974,964,963,949,958,80,76,82,87,86,101,97,95,110,109,882,879,872,871,908,902,899,898,926,952,953,933,945,942,941,827,939,936,938,837,833,822,821,808,810,814,316,307,303,300,299,349,351,348,344,327,324,330,337,340,342,794,792,779,778,765,756,751,534"
94,212u1060,10,10,cpp,106007,18.451131708,18.453566667,0,0,"717,713,678,676,673,674,689,703,708,720,722,699,725,579,578,574,736,734,731,732,738,740,747,542,543,541,534,751,756,765,778,779,792,794,342,340,337,330,327,344,348,351,325,321,317,813,810,808,821,822,833,837,938,936,939,827,941,942,945,933,953,952,898,899,901,916,919,921,851,842,230,236,234,249,256,261,258,206,207,211,212,217,865,909,871,872,879,882,109,110,95,97,101,86,87,82,76,80,958,949,963,964,974,975,985,991,1015,1029,1028,63,61,69,52,42,39,37,1032,1031,1034,1038,1046,1043,32,25,12,29,1052,1053,1057,0,1,4,8,7,125,126,135,140,143,154,166,172,181,183,190,193,195,267,268,272,273,388,281,282,283,285,311,308,302,300,296,364,371,375,381,387,393,395,398,400,429,431,417,424,423,463,411,485,486,490,493,508,509,504,514,503,502,496,481,479,475,468,553,552,562,558,454,452,451,597,598,603,605,610,436,613,616,622,627,633,669,718"
95,217vm1084,9,9,cpp,131010,13.783985125,13.786711917,0,0,"404,295,470,19,466,94,370,167,598,35,421,438,179,469,521,517,463,418,471,448,432,423,294,226,8,21,835,663,661,482,117,115,106,585,605,609,615,604,170,171,583,508,450,447,373,581,608,580,256,61,59,58,264,71,263,694,1009,545,309,630,96,124,53,32,310,154,46,88,49,435,395,77,499,244,1,453,653,501,63,103,396,254,381,2,173,397,255,578,243,98,632,503,178,200,123,122,55,51,559,155,983,723,1041,238,414,1079,475,68,413,511,988,1014,720,445,553,454,515,552,457,182,433,571,439,476,907,863,594,446,636,440,601,655,458,467,273,452,618,213,478,495,357,337,16,331,235,602,1047,724,749,742,860,406,39,358,80,131,190,150,496,394,181,208,209,271,361,12,745,336,316,14,646,268,378,324,622,393,205,10,344,84,41,345,425,229,401,278,389,335,284,643,642,871,900,908,525,282,799,714,281,715,725,430,332,315,27,234,342,29,341,330,126,211,327,276,195,143,189"
96,217vm1084,9,9,julia,131021,18.539442459,18.668068375,0,0,"143,195,276,327,211,126,100,341,29,342,234,27,315,332,430,725,715,281,714,799,282,525,908,892,871,642,643,284,335,389,278,401,229,425,345,41,84,344,10,205,393,622,324,378,268,646,14,316,336,745,12,361,271,209,208,181,394,496,150,190,131,80,358,39,406,860,887,920,873,1047,602,235,331,16,337,357,495,478,213,618,452,273,467,458,655,601,440,636,446,594,863,907,476,439,571,182,433,470,295,19,107,79,451,418,626,44,517,521,469,179,438,421,35,598,167,376,457,552,515,454,553,445,720,895,988,511,413,68,475,827,414,238,1041,1065,983,155,559,51,55,122,123,200,178,503,632,98,243,578,255,397,173,2,381,254,374,103,63,501,653,185,502,104,249,649,395,435,49,88,46,154,310,32,53,124,96,630,309,545,1009,694,263,71,264,58,59,61,256,580,608,581,373,447,450,508,583,171,170,604,615,609,605,585,106,115,117,482,661,802,835,21,8,226,294,423,432,486,189"
97,41gr202,8,8,julia,23301,0.142981917,0.160039,0,0,"199,196,151,145,23,22,18,11,9,7,1,0,15,50,53,70,63,66,67,73,74,75,76,77,78,79,82,85,86,92,94,118,119,124,163,165,177,179,181,193,201"
98,41gr202,8,8,cpp,23301,0.095852208,0.096433292,0,0,"193,181,179,177,165,163,124,119,118,94,92,86,85,82,79,78,77,76,75,74,73,67,66,63,70,53,50,15,0,1,7,9,11,18,22,23,145,151,196,199,201"
99,40d198,10,10,cpp,10557,0.093904292,0.094176375,0,0,"2,4,9,10,70,55,54,53,64,75,90,105,110,117,122,138,157,158,137,130,126,136,171,165,190,186,194,193,174,175,181,167,166,24,20,21,16,14,39,0"
100,40d198,10,10,julia,10557,0.129046667,0.133832334,0,0,"39,14,16,21,20,24,166,167,181,175,174,193,194,186,190,165,171,136,126,130,137,158,157,138,122,117,110,105,90,75,61,53,54,55,70,10,9,4,2,0"
101,40kroa200,7,7,julia,13406,0.139253291,0.14398825,0,0,"77,15,62,43,47,164,103,91,105,3,107,68,58,88,163,22,172,90,181,194,4,195,71,129,113,102,142,7,111,46,30,157,166,192,26,131,110,171,31,6"
102,40kroa200,7,7,cpp,13406,0.094924042,0.095088833,0,0,"31,171,110,131,26,192,166,157,30,46,111,7,142,102,113,129,71,195,4,194,181,149,172,22,163,88,58,68,107,3,105,91,103,164,47,43,62,15,77,6"
103,217vm1084,3,3,cpp,131010,15.212787792,15.215279167,0,0,"143,195,276,327,211,126,330,341,29,342,234,27,315,332,430,725,715,281,714,799,282,525,908,892,871,642,643,284,335,389,278,401,229,425,345,41,84,344,10,205,393,622,324,378,268,646,14,316,336,745,12,361,271,209,208,181,394,496,150,190,131,80,358,39,406,860,877,920,740,1047,602,235,331,16,337,357,495,478,213,618,452,273,467,458,655,601,440,636,446,594,863,907,476,439,571,433,182,457,552,515,454,553,445,720,1029,988,511,413,68,475,1079,414,238,1041,1067,983,155,559,51,55,122,123,200,178,503,632,98,243,578,255,397,173,2,381,254,396,103,63,501,653,453,1,244,499,77,395,435,49,88,46,154,310,32,53,124,96,630,309,545,1009,694,263,71,264,58,59,61,256,580,608,581,373,447,450,508,583,171,170,604,615,609,605,585,106,115,117,482,661,804,835,21,8,226,294,423,432,448,471,418,463,517,521,469,179,438,421,35,598,167,370,94,466,19,470,295,404,189"
104,217vm1084,3,3,julia,130704,18.565155917,18.697557084,0,0,"486,432,423,294,226,8,21,835,663,661,482,117,115,106,585,605,609,615,604,170,171,447,373,581,608,580,256,61,59,58,264,71,263,694,1009,545,309,630,96,124,53,32,310,154,46,88,49,435,395,649,249,104,502,257,508,175,469,521,517,44,626,471,418,509,438,520,172,386,507,444,251,240,103,248,396,254,381,2,173,397,255,578,243,98,632,503,178,200,123,122,55,51,559,155,983,718,1041,238,414,827,475,68,413,511,988,895,720,445,553,454,515,552,457,376,43,107,19,295,470,433,182,571,439,476,907,863,594,446,636,440,601,655,458,467,273,452,618,213,478,495,357,337,16,331,235,602,1047,668,676,711,860,406,39,358,80,131,190,150,496,394,181,208,209,271,361,12,745,336,316,14,646,268,378,324,622,393,205,10,344,84,41,345,425,229,401,278,389,335,284,643,642,871,844,908,525,282,799,714,281,715,725,430,332,315,27,234,342,29,341,330,126,211,327,276,195,143,189"
105,107si535,6,6,julia,13504,2.032197833,2.040643667,0,0,"385,19,474,134,164,162,169,167,178,177,176,156,158,345,349,293,292,355,267,265,197,125,191,129,127,124,118,113,109,105,91,88,65,60,52,47,43,185,183,15,41,39,494,470,469,28,10,476,507,27,528,29,209,277,332,148,172,145,138,137,338,288,212,534,524,502,135,20,8,0,366,370,420,444,456,490,514,286,289,231,522,512,498,479,458,436,449,440,376,368,2,375,371,4,180,179,5,360,402,403,390,392,400,397,357,358,7"
106,107si535,6,6,cpp,13502,1.809838833,1.816799416,0,0,"385,19,474,134,164,162,169,167,178,177,176,154,155,345,349,293,292,355,267,265,125,192,126,129,127,124,118,113,109,105,91,88,65,60,50,47,43,185,183,15,41,39,494,470,11,28,10,476,507,27,528,29,209,270,318,148,174,144,142,137,338,288,212,534,524,502,135,20,8,0,366,370,420,444,456,490,514,286,289,255,522,512,498,479,449,440,410,421,376,368,2,375,371,4,180,179,5,378,383,387,408,407,400,397,357,358,7"
107,217vm1084,6,6,cpp,130988,15.571926792,15.574326417,0,0,"404,295,470,19,466,94,370,167,598,35,421,438,179,469,521,517,463,418,471,448,432,423,294,226,8,21,835,802,661,482,117,115,106,585,605,609,615,604,170,171,583,508,450,447,373,581,608,580,256,61,59,58,264,71,263,694,1009,545,309,630,96,124,53,32,310,154,46,88,49,435,395,649,249,104,502,185,653,501,63,103,374,254,381,2,173,397,255,578,243,98,632,503,178,200,123,122,55,51,559,155,983,692,1041,238,414,1079,475,68,413,511,988,996,720,445,553,454,515,552,457,182,433,571,439,476,907,863,594,446,636,440,601,655,458,467,273,452,618,213,478,495,357,337,16,331,235,602,1047,873,1071,800,860,406,39,358,80,131,190,150,496,394,181,208,209,271,361,12,745,336,316,14,646,268,378,324,622,393,205,10,344,84,41,345,425,229,401,278,389,335,284,643,642,871,892,908,525,282,799,714,281,715,725,430,332,315,27,234,342,29,341,330,126,211,327,276,195,143,189"
108,217vm1084,6,6,julia,131010,19.553146667,19.695003917,0,0,"404,295,470,19,466,94,370,167,598,35,421,438,179,469,521,517,463,418,471,448,432,423,294,226,8,21,835,752,661,482,117,115,106,585,605,609,615,604,170,171,583,508,450,447,373,581,608,580,256,61,59,58,264,71,263,694,1009,545,309,630,96,124,53,32,310,154,46,88,49,435,395,77,499,244,1,453,653,501,63,103,374,254,381,2,173,397,255,578,243,98,632,503,178,200,123,122,55,51,559,155,983,1065,1041,238,414,827,475,68,413,511,988,991,720,445,553,454,515,552,457,182,433,571,439,476,907,863,594,446,636,440,601,655,458,467,273,452,618,213,478,495,357,337,16,331,235,602,1047,810,920,877,860,406,39,358,80,131,190,150,496,394,181,208,209,271,361,12,745,336,316,14,646,268,378,324,622,393,205,10,344,84,41,345,425,229,401,278,389,335,284,643,642,871,892,908,525,282,799,714,281,715,725,430,332,315,27,234,342,29,341,330,126,211,327,276,195,143,189"
109,200dsj1000,4,4,julia,9203665,16.012267959,16.206983584,0,0,"842,472,21,536,188,872,789,266,38,32,572,621,869,368,495,777,484,167,908,859,922,977,292,106,374,501,88,260,87,781,807,232,803,134,5,953,844,467,521,815,462,329,921,507,77,714,343,682,332,967,668,911,946,933,1,3,315,452,722,393,147,757,158,109,664,317,949,488,830,444,862,792,118,601,846,240,580,548,326,301,388,827,394,512,990,930,995,527,713,550,207,95,328,670,440,239,446,48,574,198,762,991,746,929,179,828,913,633,254,201,523,347,614,386,639,766,153,338,728,218,434,391,458,316,365,442,447,432,454,873,985,152,124,786,377,821,754,319,678,255,543,609,279,650,680,427,797,856,212,137,994,989,586,839,679,755,114,924,594,403,422,423,234,392,948,156,406,897,770,381,980,519,626,959,14,606,130,637,476,300,791,112,68,736,428,215,456,699,667,127,245,563,917,764,94,190,811,275,506,894"
110,200dsj1000,4,4,cpp,9203252,14.159299583,14.16112675,0,0,"842,472,21,536,188,872,789,266,38,32,572,621,368,495,777,167,908,859,922,977,292,106,374,501,88,260,87,781,807,232,803,134,5,953,844,467,521,815,462,329,921,507,77,714,343,682,332,967,468,946,955,3,902,288,505,452,722,393,147,757,158,109,664,317,949,488,830,444,862,792,118,601,846,240,178,947,695,33,586,110,618,578,655,212,137,964,23,827,394,512,990,930,995,527,713,550,207,95,328,670,440,239,446,48,574,198,762,991,746,929,179,828,913,633,254,201,523,632,560,966,614,386,639,766,153,338,728,218,434,391,458,316,365,442,447,432,454,873,906,786,377,97,775,295,821,177,881,385,279,650,680,797,427,471,114,924,594,403,422,423,234,392,948,156,406,897,770,381,980,519,626,959,14,606,130,637,476,300,791,112,68,450,159,718,428,215,456,699,667,127,245,563,917,764,94,190,811,275,506,894"
111,87gr431,4,4,cpp,101946,0.81383325,0.817286458,0,0,"74,75,73,67,82,78,81,204,203,227,229,230,232,234,235,239,240,243,246,244,245,250,389,251,386,383,377,366,365,363,361,401,402,404,403,422,423,424,425,426,427,430,429,428,419,418,417,421,412,410,408,407,406,413,405,358,356,352,353,342,341,339,332,372,326,315,318,321,313,300,296,292,276,277,271,268,258,257,220,192,190,142,136,26,25,15,0"
112,87gr431,4,4,julia,101946,1.23111825,1.309415583,0,0,"81,78,82,67,73,75,74,0,15,25,26,136,142,190,192,220,257,258,268,271,277,276,292,296,300,313,321,318,315,326,372,332,339,341,342,353,352,356,358,405,413,406,407,408,410,412,421,417,418,419,428,429,430,427,426,425,424,423,422,403,404,402,401,361,363,365,366,377,383,386,251,389,250,245,244,246,243,240,239,235,234,232,230,229,227,203,204"
113,40d198,7,7,julia,10557,0.134254583,0.139956791,0,0,"39,14,16,21,20,24,166,167,181,175,174,193,194,186,190,165,171,136,126,130,137,158,157,138,122,117,110,105,90,75,64,53,54,55,70,10,9,4,2,0"
114,40d198,7,7,cpp,10557,0.091626875,0.091824708,0,0,"2,4,9,10,70,55,54,53,61,75,90,105,110,117,122,138,157,158,137,130,126,136,171,165,190,186,194,193,174,175,181,167,166,24,20,21,16,14,39,0"
115,40kroa200,1,1,cpp,13406,0.094844375,0.095961625,0,0,"31,171,110,131,26,192,166,157,30,46,111,7,142,102,113,129,71,195,4,194,181,90,172,22,163,88,58,68,107,3,105,91,103,164,47,43,62,15,77,6"
116,40kroa200,1,1,julia,13406,0.134446834,0.138883375,0,0,"31,171,110,131,26,192,166,157,30,46,111,7,142,102,113,129,71,195,4,194,181,90,172,22,163,88,58,68,107,3,105,91,103,164,47,43,62,15,77,6"
117,201pr1002,7,7,julia,114394,13.289348084,13.40325025,0,0,"182,179,178,172,171,166,164,153,251,994,148,143,142,139,131,132,95,77,78,74,75,0,2,3,6,11,67,71,53,57,59,32,31,24,25,331,330,312,309,308,295,288,402,403,422,420,409,410,378,387,386,393,395,336,340,345,348,353,355,659,657,643,639,637,636,623,615,731,730,735,736,706,713,721,723,664,665,668,673,674,682,987,986,692,700,967,965,964,951,943,941,954,938,936,930,929,912,913,904,925,926,884,885,890,892,893,894,850,851,864,863,859,1001,836,835,815,816,822,820,808,806,798,801,782,780,758,999,752,789,793,794,600,601,602,604,608,627,630,433,431,455,454,584,585,579,575,587,588,590,558,562,564,566,515,521,538,536,535,531,998,510,506,500,498,488,489,490,491,480,478,471,470,468,272,273,274,276,283,298,110,109,105,123,122,121,256,269,259,260,245,263,224,232,239,236,217,208,207,205,201,995"
118,201pr1002,7,7,cpp,114394,10.18910575,10.191154291,0,0,"182,179,178,172,171,166,154,153,251,994,148,143,142,139,131,132,95,77,78,74,75,0,2,3,6,11,67,71,53,57,59,32,31,24,28,331,330,312,309,308,295,288,402,403,422,420,409,410,378,387,386,393,395,336,340,345,348,353,355,659,657,643,639,637,636,623,615,731,730,735,736,706,713,721,723,664,665,668,673,674,682,987,986,692,700,967,965,964,951,943,941,954,938,936,930,929,912,913,904,925,926,884,885,888,892,893,894,850,851,864,863,859,1001,836,835,815,816,822,820,808,806,798,801,782,780,758,999,752,789,793,794,600,601,602,604,608,627,630,433,431,455,454,584,585,579,575,587,588,590,558,562,564,566,515,521,538,536,535,531,998,510,506,500,498,488,489,490,491,480,478,471,470,468,272,273,274,276,283,298,110,109,105,123,122,121,256,269,259,260,245,263,224,232,239,236,217,208,207,205,201,995"
119,131p654,10,10,cpp,27428,2.202899625,2.204997917,0,0,"103,104,105,285,281,257,245,225,209,571,547,570,569,565,564,562,561,74,77,78,75,73,76,80,83,84,86,85,81,89,92,91,93,95,96,97,98,99,101,189,185,165,141,125,117,559,558,557,555,553,551,534,533,548,0,1,3,4,14,16,15,573,574,578,579,581,582,607,585,586,307,319,335,351,355,391,588,592,593,594,596,599,600,601,406,427,431,456,477,463,18,17,57,58,59,56,51,50,52,49,48,47,46,42,40,37,33,25,23,24,22,29,34,13,61,10,12,6,7,8,9,62,64,65,66,68,67,69,70,71,72"
120,131p654,10,10,julia,27428,2.947783458,2.997245416,0,0,"1,3,4,14,16,15,573,574,578,579,581,582,607,585,586,307,323,331,351,359,387,643,644,645,647,649,628,629,653,401,421,429,449,469,477,18,17,57,58,59,56,51,50,52,49,48,47,46,42,40,37,33,25,23,24,22,29,34,13,61,10,12,6,7,8,9,62,64,65,66,68,67,69,70,71,72,103,104,105,285,281,257,249,221,217,571,547,546,568,565,563,562,561,74,77,78,75,73,76,80,83,84,86,85,81,89,92,91,93,95,96,97,98,99,101,189,177,173,137,125,109,559,558,556,555,553,551,534,533,548,0"
121,88pr439,6,6,julia,60099,1.171455834,1.19428275,0,0,"283,227,185,82,50,48,43,78,56,35,34,76,74,72,62,63,22,20,18,101,103,143,146,144,142,152,155,138,124,98,128,162,171,249,247,258,318,322,324,306,266,267,232,222,274,295,335,362,377,386,400,403,416,427,428,414,418,413,388,378,376,347,351,290,289,285,231,188,187,186,280,281,341,340,372,380,390,392,397,406,421,432,429,423,407,433,434,438"
122,88pr439,6,6,cpp,60099,0.928778417,0.929302209,0,0,"283,227,185,82,50,48,43,78,56,35,34,76,74,72,62,63,22,20,18,101,103,143,146,144,142,152,155,138,124,98,128,162,171,249,247,258,318,322,324,305,266,267,232,222,274,295,335,362,377,386,400,403,416,417,428,414,418,413,388,378,376,347,351,290,289,285,231,188,187,186,280,281,341,340,372,380,390,392,397,406,421,432,429,423,407,433,434,438"
123,60pr299,2,2,cpp,22615,0.315067625,0.316390542,0,0,"156,157,140,96,95,94,82,23,24,71,72,68,33,32,62,37,58,59,57,51,55,54,118,119,175,177,255,258,259,254,247,244,192,241,237,272,234,197,167,164,163,201,229,281,282,279,219,220,215,288,213,293,296,151,147,2,1,6,7,142"
124,60pr299,2,2,julia,22615,0.410009208,0.420927667,0,0,"156,157,140,96,95,94,82,23,24,71,72,68,33,32,62,37,58,59,57,51,55,54,118,121,174,177,255,258,259,254,247,244,192,241,237,272,234,197,167,164,163,201,229,281,282,279,219,220,215,288,213,293,296,151,147,2,1,6,7,142"
125,107att532,10,10,julia,13464,1.813650333,1.852844458,0,0,"431,388,376,400,389,442,478,498,509,513,526,516,510,479,465,456,421,405,377,313,255,239,219,310,346,360,238,237,250,329,335,273,116,138,172,97,94,61,127,170,234,300,354,348,370,392,393,394,373,366,311,293,302,307,298,283,207,158,75,49,55,90,133,134,140,159,76,26,20,4,1,5,14,23,44,89,137,147,224,261,286,306,305,341,433,424,407,402,380,401,391,409,432,460,455,466,494,530,518,491,461,448,440,477,490,503,470"
126,107att532,10,10,cpp,13464,1.490523709,1.491232708,0,0,"503,490,477,440,448,461,491,518,530,494,466,455,460,432,409,391,401,387,380,407,424,433,341,305,306,296,251,224,147,137,89,44,23,14,5,1,4,18,26,76,123,159,134,133,90,55,49,75,158,207,283,298,307,302,293,311,366,373,394,393,392,370,348,354,300,234,170,127,61,94,97,172,138,116,273,335,329,250,237,238,360,346,310,219,239,255,316,377,405,421,456,465,479,510,516,526,513,509,498,478,442,389,400,376,388,431,470"
127,132d657,6,6,cpp,22528,3.487362458,3.489803584,0,0,"11,24,28,40,48,26,23,445,441,462,458,460,459,475,477,519,518,516,522,523,535,539,542,551,556,567,511,173,203,193,175,188,145,506,496,491,83,82,75,80,112,121,149,139,119,157,204,225,241,251,227,250,311,305,312,328,313,283,274,256,278,265,229,246,586,589,595,591,583,577,571,564,552,545,631,636,643,647,649,627,654,655,656,579,587,590,609,614,621,619,624,620,622,356,355,354,381,383,418,411,417,412,410,405,401,430,422,421,415,409,390,361,346,342,309,308,299,271,261,235,231,237,163,190,172,155,101,79,64,3,2,0"
128,132d657,6,6,julia,22528,4.635019125,4.682101416,0,0,"11,24,28,40,48,26,23,445,441,462,458,460,459,475,477,519,517,516,522,523,535,539,542,551,556,567,511,173,203,193,175,188,145,506,496,491,83,82,75,80,112,121,149,139,119,157,204,225,241,251,227,242,311,305,312,328,313,283,274,256,278,265,229,246,586,589,595,591,583,577,571,564,552,545,631,636,643,647,649,627,654,655,656,579,587,590,599,614,621,619,624,620,622,356,355,354,381,383,418,411,417,412,410,405,401,430,422,421,415,409,390,361,346,342,309,308,299,271,261,235,231,237,163,190,172,155,101,79,64,3,2,0"
129,87gr431,9,9,julia,101946,1.156356125,1.233154416,0,0,"296,300,313,321,318,315,326,372,332,339,341,342,353,352,356,358,405,413,406,407,408,410,412,421,417,418,419,428,429,430,427,426,425,424,423,422,403,404,402,401,361,363,365,366,377,383,386,251,389,250,245,244,246,243,240,239,235,234,232,230,229,227,203,204,81,78,82,67,73,75,74,0,15,25,26,136,142,190,192,220,257,258,268,271,277,276,292"
130,87gr431,9,9,cpp,101946,0.958376125,0.960893208,0,0,"74,75,73,67,82,78,81,204,203,227,229,230,232,234,235,239,240,243,246,244,245,250,389,251,386,383,377,366,365,363,361,401,402,404,403,422,423,424,425,426,427,430,429,428,419,418,417,421,412,410,408,407,406,413,405,358,356,352,353,342,341,339,332,372,326,315,318,321,313,300,296,292,276,277,271,268,258,257,220,192,190,142,136,26,25,15,0"
131,207si1032,3,3,cpp,22316,13.017610459,13.044980291,0,0,"17,19,20,23,22,26,25,99,29,32,31,35,105,186,187,284,191,195,288,292,293,299,378,412,437,473,499,471,498,512,497,392,391,390,393,319,322,324,231,226,225,222,221,217,218,214,215,304,211,301,300,205,202,201,113,112,38,108,40,43,44,46,47,120,50,52,53,56,55,58,59,62,61,65,135,67,68,71,141,232,239,332,331,402,424,441,459,490,538,780,823,826,855,816,773,774,794,878,872,802,803,754,756,809,810,761,763,896,924,964,1007,561,604,641,686,998,562,996,648,556,1026,555,593,715,672,569,1014,573,707,706,584,1027,991,1019,669,666,645,647,993,576,997,983,909,827,767,765,759,542,482,442,409,368,419,364,360,275,276,183,178,177,172,169,170,268,269,267,415,448,476,502,495,522,527,540,480,461,451,339,247,342,251,345,255,259,258,167,166,162,158,157,154,153,149,150,240,147,72,2,5,4,7,8,10,11,84,14,16"
132,207si1032,3,3,julia,22336,17.662013959,17.694932041,0,0,"20,19,23,22,26,25,29,99,32,31,35,105,191,284,187,186,276,183,178,177,174,173,169,170,166,167,163,256,158,157,153,154,251,342,255,345,350,420,352,267,354,358,357,360,275,363,368,419,485,482,442,409,38,108,40,41,43,44,46,47,120,50,52,53,56,55,59,58,62,61,65,135,67,68,71,141,239,332,234,235,231,324,226,225,222,221,217,218,215,214,304,211,206,205,201,202,197,195,288,292,293,299,412,437,473,499,498,471,381,382,512,497,391,390,393,319,396,397,398,515,516,530,424,441,749,818,816,773,774,794,878,872,802,803,754,756,809,810,761,763,804,924,964,1007,561,604,641,686,998,562,996,648,556,1026,555,672,715,674,569,1014,573,707,706,584,1027,583,669,666,645,647,576,997,983,984,944,902,866,869,759,765,767,830,546,523,549,540,480,461,451,339,247,240,147,150,149,72,2,5,4,7,8,11,10,84,14,17,16"
133,200dsj1000,7,7,julia,9195156,14.157369417,14.343448416,0,0,"506,275,811,190,94,764,917,563,245,127,667,699,456,215,428,718,159,450,68,112,791,300,476,637,130,606,14,959,626,519,980,381,770,897,406,156,948,392,234,423,422,403,594,924,114,471,427,797,680,650,279,609,543,255,678,319,754,821,377,786,124,152,985,873,454,432,447,442,365,316,458,391,434,218,728,338,153,766,639,386,614,347,523,201,254,633,913,828,179,929,746,991,762,198,574,48,446,239,440,670,328,95,207,550,713,527,995,930,990,964,137,212,655,578,618,110,586,33,695,388,512,394,141,129,178,240,846,601,118,792,862,444,830,488,949,317,664,109,158,757,147,393,722,452,315,3,1,933,946,911,668,967,332,682,343,714,77,507,921,329,462,815,521,467,844,953,5,134,803,232,807,781,87,260,88,501,374,106,292,977,922,859,908,167,777,495,368,621,572,32,38,266,789,872,188,536,21,472,842,894"
134,200dsj1000,7,7,cpp,9195265,12.071506208,12.073313833,0,0,"842,472,21,536,188,872,789,266,38,32,572,621,368,495,777,167,908,859,922,977,292,106,374,501,88,260,87,781,807,232,803,134,5,953,844,467,521,815,462,329,921,507,77,714,343,682,332,967,668,911,946,933,1,3,315,452,722,393,147,757,158,109,664,317,949,488,830,444,862,792,118,240,601,269,769,394,512,388,576,580,695,33,586,110,618,578,655,212,137,964,990,930,995,527,713,550,207,95,328,670,440,239,446,48,574,198,762,991,746,929,179,828,913,633,254,201,523,347,614,386,639,766,153,338,728,218,434,391,458,316,365,442,447,432,454,873,985,152,124,786,377,821,754,319,678,255,543,609,279,650,680,797,427,471,114,924,594,403,422,423,234,392,948,156,406,897,770,381,980,519,626,959,14,606,130,637,476,300,791,112,68,450,159,718,428,215,456,699,667,127,245,563,917,764,94,190,811,275,506,894"
135,64lin318,7,7,cpp,20765,0.283394583,0.284663459,0,0,"217,223,244,246,250,253,256,261,270,275,297,304,308,302,298,285,282,276,169,192,185,193,197,196,195,189,186,64,60,62,80,88,92,91,90,316,50,46,43,40,35,26,19,10,9,2,8,4,111,107,112,127,136,37,153,160,148,208,141,139,224,219,216,212"
136,64lin318,7,7,julia,20765,0.381285084,0.393219292,0,0,"218,223,244,246,250,253,256,261,270,275,297,304,308,302,298,285,282,276,169,192,185,193,197,196,195,189,186,64,60,62,80,88,92,91,90,316,49,50,43,40,35,26,19,10,9,2,8,4,111,107,112,127,136,37,153,160,148,208,141,139,224,219,216,212"
137,132d657,1,1,julia,22501,3.17130325,3.217901209,0,0,"2,3,64,79,73,63,72,113,147,149,121,112,80,75,82,83,491,496,505,506,175,188,233,274,283,313,328,312,305,311,242,227,251,241,225,204,165,178,190,156,163,237,231,235,261,271,299,308,309,342,346,361,390,409,415,421,422,430,401,405,410,412,417,411,418,383,381,354,360,622,620,624,619,621,614,611,599,590,587,579,656,655,654,627,649,647,643,636,631,545,552,564,571,576,577,582,589,598,306,297,296,265,213,205,182,173,511,567,556,551,542,539,535,532,522,516,517,519,477,475,459,460,458,462,25,440,22,18,20,21,11,0"
138,132d657,1,1,cpp,22498,3.167353208,3.16838975,0,0,"11,24,28,40,48,26,23,445,441,462,458,460,459,475,477,519,517,516,522,531,535,539,542,551,556,567,511,173,182,205,213,265,296,297,306,598,589,582,577,576,571,564,552,545,631,636,643,647,649,627,654,655,656,579,587,590,599,611,614,621,619,624,620,622,360,354,381,383,418,411,417,412,410,405,401,430,388,397,415,421,409,390,345,317,323,303,309,292,254,251,247,227,242,311,305,312,328,313,283,274,233,188,175,506,505,496,491,83,82,75,80,112,121,149,139,119,157,204,199,217,218,220,231,237,163,116,101,79,64,3,2,0"
139,53gil262,6,6,cpp,1013,0.219343791,0.220565125,0,0,"133,28,131,180,242,221,251,254,97,13,142,44,186,49,93,118,143,151,250,207,159,257,187,243,98,67,70,228,204,89,210,78,212,111,197,53,172,227,205,219,247,88,8,100,240,224,55,65,174,225,77,200,158"
140,53gil262,6,6,julia,1013,0.274854083,0.28316375,0,0,"200,77,225,174,65,55,224,240,100,8,88,247,149,82,227,172,53,72,111,212,78,210,89,204,228,70,141,98,243,187,257,159,207,250,151,143,118,93,49,186,44,142,13,97,254,251,221,242,168,131,28,133,158"
141,134gr666,5,5,julia,163028,4.574236958,4.759121875,0,0,"107,115,114,116,117,125,124,129,130,169,168,170,148,183,187,189,193,206,216,217,220,224,211,214,230,232,231,233,202,201,200,160,163,504,514,459,491,490,416,413,407,403,334,299,293,250,242,238,140,234,17,16,308,309,0,464,463,437,462,465,466,473,532,536,538,550,555,552,573,572,576,579,583,590,585,591,596,599,609,610,611,622,485,619,476,477,480,478,1,2,4,11,10,8,19,24,25,28,35,55,63,68,75,76,82,81,85,136,96,97,92,664,663,661,662,660,659,653,654,655,656,657,658,635,636,638,646,647,640,641,642,644,648,665"
142,134gr666,5,5,cpp,163028,3.4788085,3.484918583,0,0,"107,115,114,116,117,125,124,129,130,169,168,170,148,183,187,189,193,206,216,217,220,224,211,214,230,232,231,233,202,201,200,160,163,504,514,459,491,490,416,413,407,403,328,299,293,250,242,238,140,234,17,16,308,309,0,464,463,437,462,465,466,473,532,536,538,550,555,552,573,572,576,579,583,590,585,591,596,599,609,610,611,622,485,619,476,477,480,478,1,2,4,11,10,8,19,24,25,28,35,55,63,68,75,76,82,81,85,136,96,97,92,664,663,661,662,660,659,653,654,655,656,657,658,635,636,638,646,647,640,641,642,644,648,665"
143,31pr152,9,9,cpp,51576,0.047928875,0.049006042,0,0,"12,13,33,35,50,91,77,71,89,113,122,121,119,118,117,109,83,60,82,86,81,87,65,42,17,9,6,10,5,11,4"
144,31pr152,9,9,julia,51576,0.079660334,0.0823035,0,0,"11,5,10,6,9,17,42,65,87,81,86,82,60,83,109,117,118,119,120,122,113,89,71,77,91,50,35,33,13,12,4"
145,99d493,10,10,julia,20023,1.981360083,2.010609875,0,0,"150,142,123,117,108,110,103,93,92,94,104,100,98,89,76,75,77,79,67,66,19,62,63,86,127,138,64,57,56,13,14,18,11,10,6,4,1,0,2,51,48,43,20,234,265,21,40,34,38,31,29,28,26,25,428,341,333,297,267,254,221,193,175,160,154,144,128,118,119,122,132,143,152,163,183,212,216,227,261,286,318,343,405,413,443,464,466,467,472,474,478,481,492,490,334,213,177,194,164"
146,99d493,10,10,cpp,20033,1.644753459,1.645402125,0,0,"92,94,104,100,98,89,76,75,77,79,67,66,19,62,63,86,127,138,64,57,56,13,14,18,11,10,6,4,1,0,2,51,48,43,20,234,265,21,40,34,38,31,29,28,26,25,24,461,466,467,472,474,478,481,492,490,334,287,323,330,405,406,423,370,341,297,267,254,221,193,175,160,154,144,128,118,119,122,132,143,152,163,183,216,227,226,220,204,195,213,177,150,142,123,117,108,110,103,93"
147,35ftv170,9,9,cpp,1205,0.058240125,0.061187041,0,0,"115,127,125,118,102,163,98,90,87,67,63,55,54,47,39,38,10,76,12,13,21,29,22,24,15,150,149,137,136,145,144,6,0,111,112"
148,35ftv170,9,9,julia,1205,0.095843959,0.099828417,0,0,"15,150,149,147,146,145,140,141,6,1,111,113,115,125,118,103,163,98,91,87,70,63,55,54,47,39,38,10,76,12,13,17,29,22,23"
149,207si1032,7,7,julia,22327,21.154782125,21.187384,0,0,"20,19,23,22,25,26,29,99,31,32,35,105,186,187,284,191,38,108,41,40,44,43,46,47,120,50,52,53,56,55,59,58,62,61,65,135,68,67,71,141,232,239,332,331,402,424,441,530,516,515,512,497,392,391,390,393,319,321,320,324,231,225,221,222,218,217,214,215,304,211,301,206,205,202,201,197,198,195,288,294,299,378,412,437,473,499,471,498,787,786,805,806,756,761,763,814,841,894,975,1007,561,604,641,686,998,562,996,648,556,1026,555,671,674,715,716,707,706,1001,587,1023,937,938,940,794,793,774,773,781,780,823,858,988,1012,580,669,666,645,647,576,997,983,909,827,767,765,759,542,482,442,409,419,368,363,360,275,276,183,177,178,174,173,170,169,166,167,266,357,415,448,476,502,453,350,420,493,540,480,461,451,339,247,251,342,345,255,256,163,158,157,153,154,149,150,240,147,72,2,4,5,8,7,11,10,14,84,17,16"
150,207si1032,7,7,cpp,22334,13.374368875,13.399516417,0,0,"288,195,293,292,202,201,113,112,108,38,40,44,43,46,47,120,50,53,52,56,55,59,58,61,62,135,65,68,67,71,141,239,332,234,235,324,231,226,225,222,221,217,218,214,215,304,211,205,206,301,299,378,412,437,473,499,471,498,512,497,391,390,319,393,396,397,398,515,490,459,424,441,787,786,805,806,756,761,763,814,841,884,989,1007,561,641,686,643,998,562,996,648,556,1026,555,593,715,716,707,706,573,1014,569,940,878,794,793,774,773,781,780,820,911,944,939,584,1027,583,669,666,645,647,997,576,993,983,845,759,765,767,542,482,442,409,419,368,363,360,275,276,183,178,177,174,173,168,166,167,264,265,271,415,448,476,502,453,350,420,493,540,480,461,451,339,247,342,251,345,255,256,163,158,157,154,153,149,150,240,147,72,2,4,5,7,8,11,10,84,14,16,17,20,19,22,23,26,25,29,99,31,32,35,105,186,187,284,191"
151,41gr202,1,1,cpp,23301,0.089042167,0.089973334,0,0,"73,74,75,76,77,78,79,82,85,86,92,94,118,119,124,163,165,177,179,181,193,201,199,196,151,145,23,21,18,11,9,7,1,0,15,50,53,70,63,66,67"
152,41gr202,1,1,julia,23301,0.139294167,0.156513916,0,0,"193,181,179,177,165,163,124,119,118,94,92,86,85,82,79,78,77,76,75,74,73,67,66,63,70,53,50,15,0,1,7,9,11,18,22,23,145,151,196,199,201"
153,39rat195,9,9,julia,854,0.139493,0.145180583,0,0,"15,14,2,4,7,23,35,36,49,62,63,75,87,101,115,126,127,140,153,151,166,193,192,189,174,172,170,157,132,119,106,94,82,81,66,53,55,44,29"
154,39rat195,9,9,cpp,854,0.102105334,0.102274042,0,0,"15,14,2,3,7,23,35,36,49,62,63,75,87,101,115,126,127,140,153,151,179,193,192,189,174,172,170,157,132,119,106,94,82,81,66,53,55,44,29"
155,35si175,2,2,cpp,5564,0.0672905,0.069241333,0,0,"3,28,27,66,72,73,92,110,151,163,122,123,130,131,134,140,137,167,112,147,102,101,86,44,82,95,37,78,32,7,9,1,2,17,19"
156,35si175,2,2,julia,5564,0.102029,0.103061292,0,0,"2,1,9,7,35,78,37,95,82,44,86,101,102,147,112,167,137,140,134,131,130,123,122,163,151,110,94,73,72,66,27,28,3,19,17"
157,53pr264,8,8,julia,29549,0.246067125,0.255341917,0,0,"120,36,38,39,41,42,44,56,49,126,124,149,229,233,227,159,160,161,147,163,237,236,263,218,217,175,181,184,183,253,261,256,257,202,196,195,134,131,88,82,81,6,11,12,73,103,69,23,25,24,109,112,128"
158,53pr264,8,8,cpp,29549,0.171619,0.171855833,0,0,"112,109,24,25,23,70,103,73,12,11,6,81,82,88,131,134,195,201,202,257,256,261,253,183,184,181,175,217,218,263,236,223,163,147,161,160,159,226,233,152,149,124,126,49,56,44,42,41,39,38,36,120,128"
159,87gr431,7,7,cpp,101946,0.935332125,0.938039292,0,0,"15,25,26,136,142,190,192,220,257,258,268,271,277,276,292,296,300,313,321,318,315,326,372,332,339,341,342,353,352,356,358,405,413,406,407,408,410,412,421,417,418,419,428,429,430,427,426,425,424,423,422,403,404,402,401,361,363,365,366,377,383,386,251,389,250,245,244,246,243,240,239,235,234,232,230,229,227,203,204,81,78,82,67,73,75,74,0"
160,87gr431,7,7,julia,101946,1.1945835,1.2750445,0,0,"15,25,26,136,142,190,192,220,257,258,268,271,277,276,292,296,300,313,321,318,315,326,372,332,339,341,342,353,352,356,358,405,413,406,407,408,410,412,421,417,418,419,428,429,430,427,426,425,424,423,422,403,404,402,401,361,363,365,366,377,383,386,251,389,250,245,244,246,243,240,239,235,234,232,230,229,227,203,204,81,78,82,67,73,75,74,0"
161,99d493,1,1,julia,20049,2.035083625,2.062069291,0,0,"92,94,104,100,98,89,76,75,77,79,67,66,19,62,63,86,127,138,64,57,56,13,14,18,11,10,6,4,1,0,2,51,48,43,40,34,38,31,23,29,28,26,24,384,276,239,265,234,20,189,172,154,144,128,118,119,122,132,143,152,163,181,196,217,222,240,275,325,370,408,423,464,466,467,472,476,474,492,490,361,426,429,393,310,286,262,219,204,195,213,177,150,142,123,117,108,110,103,93"
162,99d493,1,1,cpp,20023,1.672035625,1.67268425,0,0,"92,94,104,100,98,89,76,75,77,79,67,66,19,62,63,86,127,138,64,57,56,13,14,18,11,10,6,4,1,0,2,51,48,43,20,234,265,21,40,34,38,31,29,28,26,25,428,341,333,297,267,254,221,193,175,160,154,144,128,118,119,122,132,143,152,163,183,212,216,227,247,286,330,343,405,413,444,464,466,467,472,474,478,481,492,490,334,213,177,194,164,150,142,123,117,108,110,103,93"
163,56a280,2,2,cpp,1079,0.2416135,0.242843334,0,0,"66,64,115,82,75,76,93,92,101,170,172,160,174,176,175,182,190,192,196,198,140,139,264,263,258,253,206,211,213,224,225,227,245,242,279,3,276,5,8,10,271,270,132,18,21,25,28,123,122,33,35,36,45,44,56,67"
164,56a280,2,2,julia,1079,0.323020167,0.332336458,0,0,"160,174,176,181,182,190,192,196,198,145,139,264,263,258,253,252,211,213,224,225,227,245,243,279,2,276,5,8,10,271,15,132,18,21,25,28,123,122,33,35,36,45,44,56,67,66,64,115,86,75,76,93,92,101,171,173"
165,99d493,9,9,julia,20032,2.09218775,2.120354917,0,0,"92,94,104,100,98,89,76,75,77,79,67,66,19,62,63,86,127,138,64,57,56,13,14,18,11,10,6,4,1,0,2,51,48,43,20,234,265,21,40,34,38,31,29,28,26,25,428,297,267,254,221,193,175,160,154,144,128,118,119,122,132,143,152,163,183,212,216,256,279,289,320,349,396,442,464,466,467,472,482,474,478,481,492,490,361,315,287,225,177,194,164,150,142,123,117,108,110,103,93"
166,99d493,9,9,cpp,20023,1.389494792,1.390182625,0,0,"103,110,108,117,123,142,150,164,194,177,213,334,490,492,481,478,474,472,467,466,464,443,413,405,343,330,286,261,227,216,212,183,163,152,143,132,122,119,118,128,144,154,160,175,193,221,254,267,297,333,341,428,25,26,28,29,31,38,34,40,21,265,234,20,43,48,51,2,0,1,4,6,10,11,18,14,13,56,57,64,138,127,86,63,62,19,66,67,79,77,75,76,89,98,100,104,94,92,93"
167,41gr202,3,3,cpp,23301,0.090432667,0.091040375,0,0,"193,181,179,177,165,163,124,119,118,94,92,86,85,82,79,78,77,76,75,74,73,67,66,63,70,53,50,15,0,1,7,9,11,18,22,23,145,151,196,199,201"
168,41gr202,3,3,julia,23301,0.142525875,0.159009375,0,0,"193,181,179,177,165,163,124,119,118,94,92,86,85,82,79,78,77,76,75,74,73,67,66,63,70,53,50,15,0,1,7,9,11,18,22,23,145,151,196,199,201"
169,157rat783,10,10,julia,3267,8.454395417,8.523741958,0,0,"39,83,86,108,148,169,180,193,237,246,263,296,313,328,366,412,441,460,470,480,509,531,544,549,594,636,646,662,686,716,743,752,750,715,740,779,769,765,747,709,652,650,665,706,712,756,757,744,760,768,733,708,677,647,644,626,596,585,547,529,505,483,481,444,422,400,389,355,343,327,301,276,238,241,235,204,194,221,242,257,258,280,289,324,345,349,332,344,359,374,390,409,407,425,432,459,494,514,528,534,586,602,600,604,574,526,493,463,458,473,449,439,411,377,361,348,336,319,307,287,286,256,225,212,196,166,140,149,163,168,162,160,155,152,122,114,99,96,51,36,16,17,11,57,75,73,76,63,35,30,61,53,68,43,27,12,5"
170,157rat783,10,10,cpp,3268,7.781283459,7.782597042,0,0,"39,83,86,108,148,169,180,193,237,246,263,296,313,328,366,412,441,460,478,470,453,464,473,475,463,440,416,418,423,425,432,459,491,512,514,528,534,555,557,542,552,543,544,545,549,594,615,628,646,662,686,716,743,752,750,715,740,779,769,765,739,688,652,645,620,660,706,712,756,757,760,768,746,717,704,670,651,647,626,596,585,550,510,481,465,457,422,400,389,355,343,327,301,276,238,241,235,204,194,221,242,257,258,305,324,345,349,344,321,302,310,325,347,363,372,387,377,361,319,307,282,281,225,212,196,166,140,149,163,168,162,160,155,152,122,114,99,96,51,36,16,17,11,57,75,73,76,63,35,30,61,53,68,43,27,12,5"
171,35si175,5,5,cpp,5564,0.067590125,0.068515458,0,0,"108,73,72,66,27,28,3,19,17,2,1,9,7,32,78,37,95,82,44,86,101,102,147,112,167,137,140,134,131,130,123,122,163,151,110"
172,35si175,5,5,julia,5564,0.108738625,0.109768459,0,0,"130,123,122,163,151,110,92,73,72,66,27,28,3,19,17,2,1,9,7,34,78,37,95,82,44,86,101,102,147,112,167,137,140,134,131"
173,107si535,4,4,julia,13505,2.302732416,2.311811083,0,0,"192,122,123,130,133,134,474,19,385,7,358,357,397,400,407,408,387,383,378,5,179,180,4,371,375,2,368,376,421,430,440,449,479,498,512,522,255,289,286,514,490,456,444,420,370,366,0,8,20,135,509,524,534,212,288,338,143,138,145,172,148,333,281,211,29,528,27,507,476,10,28,454,470,494,39,41,15,183,185,42,48,50,60,65,88,91,105,109,113,118,304,345,158,156,176,177,178,167,168,162,164,293,292,355,267,265,125"
174,107si535,4,4,cpp,13505,1.916709167,1.923667458,0,0,"385,19,474,134,133,130,123,122,192,125,265,267,355,292,293,164,162,168,167,178,177,176,154,159,345,304,112,113,109,105,91,88,65,60,53,47,42,185,183,15,41,39,494,470,454,28,10,476,507,27,528,29,209,281,333,148,173,145,136,139,337,287,212,534,524,502,135,20,8,0,366,370,420,444,456,490,514,286,289,231,522,512,480,479,449,440,436,421,376,368,2,375,371,4,180,179,5,378,402,403,408,407,400,397,357,358,7"
175,107si535,5,5,cpp,13509,1.839529083,1.846596083,0,0,"180,179,5,378,383,387,408,407,400,397,357,358,7,385,19,474,134,164,162,169,167,178,177,176,154,158,345,349,293,292,355,267,265,125,192,126,129,127,124,116,113,109,105,91,88,65,60,15,41,50,17,42,185,183,4,371,375,2,368,376,421,430,440,449,479,498,512,522,231,289,286,514,490,456,444,420,370,366,0,8,20,135,509,524,534,212,288,338,137,136,145,174,148,332,277,209,29,528,27,507,476,10,28,454,470,494,39"
176,107si535,5,5,julia,13509,2.488403125,2.496694667,0,0,"358,357,397,400,407,408,387,383,360,5,179,180,39,494,470,11,28,10,476,507,27,528,29,209,281,333,148,172,144,136,137,337,287,212,534,524,509,135,20,8,0,366,370,420,444,456,490,514,286,289,231,522,512,498,479,449,440,417,421,376,368,2,375,371,4,183,185,43,49,50,41,15,60,65,86,88,105,109,113,116,124,127,129,126,192,125,265,267,355,292,293,302,345,158,154,176,177,178,167,168,162,164,134,474,19,385,7"
177,53pr264,10,10,julia,29549,0.24462925,0.254035542,0,0,"112,109,66,25,23,69,103,73,12,11,6,81,82,88,131,134,195,196,202,257,256,261,253,183,184,181,175,217,218,263,236,224,163,147,161,160,159,227,233,228,149,124,54,49,56,44,42,41,39,38,59,120,128"
178,53pr264,10,10,cpp,29549,0.173376959,0.17363725,0,0,"120,37,38,39,41,43,44,56,49,54,124,149,151,233,226,159,160,161,147,163,162,236,263,218,217,175,178,184,183,253,261,256,257,202,196,195,134,131,88,82,81,6,11,12,73,103,70,23,25,24,109,112,128"
179,35ftv170,4,4,cpp,1205,0.056587417,0.060204959,0,0,"15,25,149,137,129,145,144,141,6,7,2,111,115,127,125,118,102,163,99,90,87,67,64,55,54,47,39,38,76,12,13,17,29,22,23"
180,35ftv170,4,4,julia,1205,0.100127541,0.104072125,0,0,"144,141,6,1,113,115,114,125,118,103,163,98,91,87,69,64,56,54,46,39,38,76,74,12,13,21,29,22,23,15,150,149,147,129,145"
181,65rbg323,2,2,julia,471,0.573190959,0.581111792,0,0,"108,104,286,29,49,7,35,296,83,25,153,2,300,56,115,6,280,284,120,121,16,26,27,178,114,65,31,231,139,136,156,171,162,14,226,89,211,227,11,119,36,249,215,112,30,41,135,34,152,1,47,0,314,69,10,125,315,318,110,209,74,301,217,216,109"
182,65rbg323,2,2,cpp,471,0.472703458,0.477545708,0,0,"26,112,30,119,36,153,2,300,314,114,231,31,65,45,120,121,16,110,209,74,139,14,226,29,284,83,49,249,108,104,286,47,0,318,89,211,227,11,34,152,296,41,25,7,301,136,156,171,162,255,216,109,115,6,280,250,56,27,178,125,66,35,1,69,10"
183,157rat783,7,7,cpp,3265,5.248873167,5.251148167,0,0,"39,83,86,108,148,169,180,193,237,246,263,296,313,328,366,393,441,460,478,470,453,464,473,475,463,440,416,418,423,425,432,459,491,512,514,528,534,555,557,542,552,536,544,545,549,594,636,646,662,686,716,743,752,750,715,740,779,769,765,739,699,653,630,629,620,660,706,712,756,757,744,760,768,733,708,677,647,644,626,596,585,550,510,481,465,457,422,400,389,355,343,327,301,276,241,235,238,204,194,221,242,257,258,305,324,345,349,344,332,302,310,325,347,363,372,387,377,361,319,307,287,281,225,212,196,166,140,149,163,168,162,160,155,152,122,114,99,96,51,36,16,17,11,57,75,73,76,63,35,30,61,53,68,43,27,12,5"
184,157rat783,7,7,julia,3265,9.727875708,9.795334291,0,0,"39,83,86,108,148,169,180,193,237,246,263,296,313,328,366,412,441,460,478,470,453,464,473,475,463,440,416,418,423,425,432,459,491,512,514,528,534,555,557,542,552,536,544,545,549,594,636,646,662,686,716,743,752,750,715,740,779,769,765,739,699,653,630,632,620,660,706,712,756,757,744,760,768,733,687,677,647,644,626,596,585,550,510,481,465,457,422,400,389,355,343,327,301,276,238,241,235,204,194,221,242,257,258,305,324,345,349,344,332,302,310,325,347,363,372,387,377,361,319,307,282,281,225,212,196,166,140,149,163,168,162,160,155,152,122,114,99,96,51,36,16,17,11,57,75,73,76,63,35,30,61,53,68,43,27,12,5"
185,32u159,9,9,julia,22664,0.089749375,0.093272625,0,0,"92,109,110,113,123,124,125,158,153,148,141,19,27,29,32,33,38,121,120,46,48,51,54,62,61,63,72,76,87,94,105,106"
186,32u159,9,9,cpp,22664,0.0548295,0.054985667,0,0,"92,109,110,113,123,124,125,158,153,148,141,19,27,29,32,33,38,121,120,46,48,51,54,62,61,63,72,76,87,94,105,106"
187,145u724,9,9,cpp,17281,4.011288917,4.013662416,0,0,"11,13,25,94,31,684,48,670,681,672,612,611,621,153,165,141,143,178,179,559,561,537,201,237,240,327,333,303,305,309,314,396,394,393,382,375,367,471,402,363,467,417,418,459,462,452,432,430,414,364,293,294,292,295,477,489,490,491,496,322,331,321,227,204,200,195,253,220,207,215,345,343,497,503,353,502,211,252,210,525,520,264,523,258,270,281,130,283,282,584,583,601,133,588,556,187,549,573,574,558,591,605,607,152,618,662,663,665,676,35,38,28,92,21,95,93,88,87,66,107,116,651,647,640,122,118,121,649,69,62,114,110,109,16,699,700,709,701,702,712,3,10,721,723,0"
188,145u724,9,9,julia,17272,6.920414208,6.9813155,0,0,"723,721,10,3,712,697,695,698,701,709,700,699,16,109,110,114,62,103,117,121,118,122,640,647,651,116,107,66,87,102,46,688,44,28,43,683,669,664,676,665,663,662,618,152,607,605,591,558,574,573,549,187,556,588,133,601,583,584,282,283,130,281,270,258,523,264,520,525,210,252,211,502,353,503,497,343,345,215,207,220,253,195,200,204,227,321,331,322,496,491,490,489,477,295,292,294,293,364,414,430,434,452,462,459,418,417,467,363,402,471,367,375,382,393,394,396,314,309,305,303,333,327,240,237,201,537,561,559,179,178,143,141,165,153,613,612,654,670,48,47,94,25,13,11,0"
189,134gr666,1,1,julia,163765,4.241656291,4.432800166,0,0,"107,115,114,116,117,125,124,129,133,135,136,81,82,76,75,65,66,62,92,95,97,664,663,661,662,660,659,653,654,655,656,657,658,635,597,599,609,610,611,622,485,619,475,473,466,465,462,463,464,477,480,478,1,2,4,7,19,24,25,27,32,30,11,15,17,308,309,0,311,316,321,289,285,260,244,250,235,234,139,166,172,170,148,183,187,189,193,206,216,217,220,224,211,214,230,232,231,233,202,201,200,164,160,158,157,486,454,459,519,525,526,536,541,551,555,552,573,572,576,579,583,590,585,593,636,638,646,647,640,641,642,644,648,665"
190,134gr666,1,1,cpp,163028,3.482717875,3.488787916,0,0,"0,309,308,16,17,234,140,238,242,250,293,295,299,403,407,413,416,490,491,459,514,504,163,160,200,201,202,233,231,232,230,214,211,224,220,217,216,206,193,189,187,183,148,170,168,169,130,129,124,125,117,116,114,115,107,665,648,644,642,641,640,647,646,638,636,635,658,657,656,655,654,653,659,660,662,661,663,664,92,97,96,136,85,81,82,76,75,68,63,55,35,28,25,24,19,8,10,11,4,2,1,478,480,477,476,619,485,622,611,610,609,599,596,591,585,590,583,579,576,572,573,552,555,550,538,536,532,473,466,465,462,437,463,464"
191,31pr152,7,7,cpp,51576,0.049969542,0.050345833,0,0,"3,2,15,33,46,91,77,71,89,113,122,120,119,118,117,109,83,60,82,86,81,87,65,42,17,9,6,10,5,11,4"
192,31pr152,7,7,julia,51576,0.075384625,0.078303959,0,0,"11,5,10,6,9,17,42,65,87,81,86,82,60,83,109,117,118,119,120,122,113,89,71,77,91,50,35,33,13,12,4"
193,201pr1002,1,1,julia,114311,14.61966225,14.733140458,0,0,"393,386,387,378,408,411,374,633,632,628,609,606,447,450,452,429,427,423,422,403,402,288,295,308,309,312,330,331,25,24,31,32,59,57,53,71,67,11,6,3,2,0,75,74,78,77,95,132,131,139,142,143,148,994,251,153,154,166,171,172,178,179,182,995,201,205,207,208,217,236,239,232,224,263,245,260,259,269,256,121,122,123,105,109,110,298,283,276,274,273,272,468,470,471,478,480,482,490,489,488,498,500,506,510,998,531,535,536,538,521,515,566,564,562,558,591,571,579,580,586,597,599,601,602,794,793,789,752,999,758,780,782,801,798,806,808,820,822,816,815,835,836,1001,859,863,864,851,850,894,893,892,888,885,884,926,925,904,913,912,929,930,936,938,954,941,943,951,964,965,967,700,692,986,987,682,674,673,668,665,664,723,721,713,706,736,735,730,731,615,623,622,653,657,659,354,353,348,345,340,336,395"
194,201pr1002,1,1,cpp,114311,11.314304084,11.316268833,0,0,"201,205,207,208,217,236,239,232,224,263,245,260,259,269,256,121,122,123,105,109,110,298,283,276,274,273,272,468,470,471,478,480,482,490,489,488,498,500,506,510,998,531,535,536,538,521,515,566,564,562,558,591,590,579,580,586,597,599,601,602,794,793,789,752,999,758,780,782,801,798,806,808,820,822,816,815,835,836,1001,859,863,864,851,850,894,893,892,890,885,884,926,925,904,913,912,929,930,936,938,954,941,943,951,964,965,967,700,692,986,987,682,674,673,668,665,664,723,721,713,706,736,735,730,731,615,623,622,653,657,659,354,353,348,345,340,336,395,393,386,387,378,408,411,374,633,632,628,609,606,447,450,452,429,427,423,422,403,402,288,295,308,309,312,330,331,25,24,31,32,59,57,53,71,67,11,6,3,2,0,75,74,78,77,95,132,131,139,142,143,148,994,251,153,154,166,171,172,178,179,182,995"
195,53pr264,2,2,cpp,29549,0.168427166,0.169657334,0,0,"112,109,24,25,23,70,103,73,12,11,6,81,82,88,131,134,195,197,202,257,256,261,253,183,184,178,175,217,218,263,236,162,163,147,161,160,159,227,233,228,149,124,55,49,56,44,43,41,39,38,60,120,128"
196,53pr264,2,2,julia,29549,0.243706542,0.252228542,0,0,"120,36,38,39,41,42,44,56,49,55,124,149,152,233,227,159,160,161,147,163,162,236,263,218,217,175,178,184,183,253,261,256,257,202,201,195,134,131,88,82,81,6,11,12,73,103,70,23,25,24,109,112,128"
197,80rd400,4,4,julia,6361,0.793326416,0.81269,0,0,"392,188,124,387,220,11,26,230,369,142,309,32,149,137,85,324,321,276,363,133,73,398,337,54,167,248,160,285,257,231,382,312,228,318,209,179,191,155,358,397,173,24,199,339,277,399,394,88,316,163,172,41,287,150,5,212,153,34,47,22,31,362,344,292,129,275,75,136,114,8,202,366,226,178,381,72,386,329,92,15"
198,80rd400,4,4,cpp,6361,0.648609875,0.649081875,0,0,"392,188,124,387,220,11,217,230,369,142,309,32,149,137,85,324,321,276,363,133,73,398,337,54,167,248,160,285,257,231,382,312,228,318,209,179,191,155,358,397,173,24,199,339,277,399,394,88,316,163,172,41,287,150,5,212,153,34,47,22,31,362,344,292,129,275,75,136,114,8,202,21,226,178,381,72,386,329,92,15"
199,200dsj1000,9,9,cpp,9194303,11.738773542,11.741641,0,0,"842,472,21,536,188,872,789,266,38,32,572,621,368,495,777,167,908,859,922,977,292,106,374,501,88,260,87,781,807,232,803,134,5,953,844,815,521,462,329,921,507,77,714,343,682,888,401,3,902,288,505,452,722,393,147,745,965,984,424,798,812,845,34,488,688,293,164,735,118,792,470,404,846,601,769,394,512,388,576,580,695,33,586,110,618,578,655,212,137,964,990,930,995,527,713,550,207,95,328,670,440,239,446,48,574,198,762,991,746,929,179,828,913,633,254,201,523,347,614,386,639,766,153,338,728,218,434,391,458,316,365,442,447,432,454,873,985,152,124,786,377,821,754,319,678,255,543,609,279,650,680,797,427,471,114,924,594,403,422,423,234,392,948,156,406,897,770,381,980,519,626,959,14,606,130,637,476,300,791,112,68,450,159,718,428,215,456,699,667,127,245,563,917,764,94,190,811,275,506,894"
200,200dsj1000,9,9,julia,9206022,14.832563167,15.020579084,0,0,"842,472,21,536,188,872,789,266,38,32,572,621,368,495,777,167,908,859,922,977,292,106,374,501,88,260,87,781,807,232,803,134,5,953,844,467,521,815,462,329,921,507,77,714,343,682,332,967,468,946,955,3,902,288,505,452,722,393,147,757,158,109,664,317,949,488,830,444,862,792,118,601,846,240,580,548,326,301,388,827,394,512,990,930,995,527,713,550,207,95,328,670,440,239,446,48,574,198,762,991,746,929,179,828,913,633,254,201,523,632,560,966,614,386,639,766,153,338,728,218,434,391,458,316,365,442,447,432,454,873,985,152,124,786,377,821,754,319,881,385,279,650,680,427,797,856,212,137,994,989,586,839,679,755,114,924,594,403,422,423,234,392,948,156,406,897,770,381,980,519,626,959,14,606,130,637,476,300,791,112,68,450,159,718,428,215,456,699,667,127,245,563,917,764,94,190,811,275,506,894"
201,207si1032,5,5,julia,22341,19.900874667,19.933882417,0,0,"17,14,84,11,10,7,8,4,5,2,72,148,147,240,245,244,154,153,158,157,163,256,255,345,251,342,341,451,461,480,540,493,420,350,453,415,448,476,502,767,765,759,845,982,997,576,993,647,645,666,669,706,707,584,1027,583,939,944,911,820,780,781,775,774,793,794,878,940,573,1014,569,672,715,674,555,1026,556,648,996,562,998,643,686,641,561,1007,975,894,841,814,763,761,756,806,805,786,787,538,530,516,441,424,402,331,332,239,232,141,71,68,67,135,65,62,61,58,59,56,55,52,53,120,50,46,47,44,43,40,38,108,112,113,201,202,205,206,304,211,214,215,218,217,222,221,225,226,231,324,322,393,319,390,391,392,512,497,381,382,383,498,499,473,437,412,299,293,292,195,288,409,442,482,485,419,368,363,275,360,270,265,264,167,166,168,173,174,177,178,276,183,186,187,284,191,105,35,32,31,29,99,25,26,22,23,20,19,16"
202,207si1032,5,5,cpp,22333,13.518438208,13.54398275,0,0,"17,19,20,23,22,25,26,29,99,32,31,35,105,191,284,187,186,183,276,275,360,363,368,419,409,442,506,195,288,293,292,202,201,113,112,108,38,40,44,43,46,118,119,120,50,53,52,55,56,59,58,61,62,65,135,67,68,71,141,232,239,332,331,402,424,441,459,490,514,500,439,392,391,390,393,319,321,324,231,226,225,221,222,217,218,215,214,211,304,300,301,299,378,412,437,473,499,471,498,791,823,826,855,816,773,774,794,878,872,802,803,754,756,809,810,761,763,814,922,975,1007,561,604,641,686,998,562,996,648,653,714,674,672,555,1024,569,1014,573,707,706,584,1027,991,1019,669,666,645,647,997,576,993,912,909,827,767,765,759,532,489,477,354,267,269,268,178,177,95,169,170,167,166,256,163,158,157,153,154,251,342,255,345,350,420,418,453,493,540,480,461,451,339,247,240,147,150,149,72,2,4,5,8,7,10,11,84,14,16"
203,132d657,4,4,cpp,22498,3.49863325,3.50096925,0,0,"2,3,64,79,101,130,163,237,231,220,218,217,199,204,157,119,139,149,121,112,80,75,82,83,491,496,505,506,175,188,233,274,283,313,328,312,305,311,250,227,247,251,254,292,309,303,323,317,345,390,409,421,415,397,388,430,401,405,410,412,417,411,418,383,381,354,360,622,620,624,619,621,614,611,599,590,587,579,656,655,654,627,649,647,643,636,631,545,552,564,571,576,577,582,589,598,306,297,296,265,213,205,182,173,511,567,556,551,542,539,535,523,522,516,517,519,477,475,459,460,458,462,441,445,23,26,48,40,28,24,11,0"
204,132d657,4,4,julia,22501,4.212977792,4.263015333,0,0,"2,3,64,79,73,63,72,113,147,149,121,112,80,75,82,83,491,496,505,506,175,188,233,274,283,313,328,312,305,311,242,227,251,241,225,204,165,178,190,156,163,237,231,235,261,271,299,308,309,342,346,361,390,409,415,421,422,430,401,405,410,412,417,411,418,383,381,354,360,622,620,624,619,621,614,611,599,590,587,579,656,655,654,627,649,647,643,636,631,545,552,564,571,576,577,582,589,598,306,297,296,265,213,205,182,173,511,567,556,551,542,539,535,523,522,516,517,519,477,475,459,460,458,462,25,440,22,18,20,21,11,0"
205,39rat195,7,7,julia,854,0.137027917,0.1419725,0,0,"44,55,53,66,81,82,94,106,119,132,157,170,172,174,189,192,193,165,151,153,140,127,126,115,101,87,75,63,62,49,36,35,23,7,3,2,14,15,29"
206,39rat195,7,7,cpp,854,0.097791834,0.09796525,0,0,"140,127,126,115,101,87,75,63,62,49,36,35,23,7,3,2,14,15,29,44,55,53,66,81,82,94,106,119,132,157,170,173,174,189,192,193,179,151,153"
207,81rbg403,10,10,cpp,1170,0.52940875,0.538442792,0,0,"7,62,78,162,211,38,129,175,67,33,128,109,105,19,193,77,100,44,58,24,35,82,247,108,120,233,324,252,32,274,272,115,66,74,214,179,106,241,112,47,149,347,283,345,37,171,65,384,383,145,101,127,177,222,250,111,188,299,135,270,174,238,229,254,42,158,23,194,380,375,110,90,69,182,123,186,183,17,248,235,361"
208,81rbg403,10,10,julia,1170,0.741181167,0.75062775,0,0,"324,33,24,211,38,193,149,347,42,106,58,177,222,252,186,123,283,162,179,361,51,7,235,241,112,47,248,35,127,109,174,185,128,375,182,108,120,78,82,247,32,274,272,69,188,173,214,233,380,157,183,17,65,384,383,145,101,90,62,135,270,77,100,44,254,105,19,110,129,175,67,111,23,115,66,37,171,238,229,345,194"
209,115u574,3,3,julia,16689,2.263637917,2.301799084,0,0,"439,435,433,443,441,451,488,489,493,482,481,497,499,507,512,519,522,242,203,204,239,229,217,22,31,19,14,528,529,535,543,546,552,11,10,557,556,562,565,567,570,47,46,45,53,57,55,79,85,86,87,28,89,104,110,112,74,75,59,61,62,127,126,132,135,136,137,144,146,156,152,167,288,287,284,173,174,210,209,184,187,282,302,301,309,312,280,279,189,196,251,465,464,459,397,255,254,390,383,385,265,270,327,328,330,342,344,369,374,361,359,358,411,427,428"
210,115u574,3,3,cpp,16689,1.855961,1.856814125,0,0,"439,435,433,443,441,451,488,489,492,482,481,497,499,507,512,519,522,242,203,204,228,229,217,22,31,19,14,528,529,535,543,546,552,11,10,557,556,562,565,567,570,47,46,45,53,57,55,79,85,86,87,28,89,104,110,112,74,75,59,61,62,127,126,132,135,136,137,144,146,156,152,167,288,287,284,173,174,210,209,184,187,282,302,301,309,313,280,279,189,196,251,465,464,459,397,255,254,390,383,385,265,270,327,328,330,342,344,369,374,361,359,358,411,427,428"
211,134gr666,6,6,cpp,163765,4.2954675,4.301497792,0,0,"107,115,114,116,117,125,124,129,133,135,136,81,82,76,75,65,66,62,92,95,97,664,663,661,662,660,659,653,654,655,656,657,658,635,597,599,609,610,611,622,485,619,475,473,466,465,462,463,464,477,480,478,1,2,4,7,19,24,25,27,32,30,11,15,17,308,309,0,311,316,321,289,285,260,244,250,235,234,139,166,172,170,148,183,187,189,193,206,216,217,220,224,211,214,230,232,231,233,202,201,200,164,160,158,157,486,454,459,519,525,526,536,541,551,555,552,573,572,576,579,583,590,585,593,636,638,646,647,640,641,642,644,648,665"
212,134gr666,6,6,julia,163765,4.127329209,4.315983667,0,0,"107,115,114,116,117,125,124,129,133,135,136,81,82,76,75,65,66,62,92,95,97,664,663,661,662,660,659,653,654,655,656,657,658,635,597,599,609,610,611,622,485,619,475,473,466,465,462,463,464,477,480,478,1,2,4,7,19,24,25,27,32,30,11,15,17,308,309,0,311,316,321,289,285,260,244,250,235,234,139,166,172,170,148,183,187,189,193,206,216,217,220,224,211,214,230,232,231,233,202,201,200,164,160,158,157,486,454,459,519,525,526,536,541,551,555,552,573,572,576,579,583,590,585,593,636,638,646,647,640,641,642,644,648,665"
213,132d657,3,3,julia,22530,4.534950208,4.584012708,0,0,"11,24,28,40,48,26,23,445,441,462,458,460,459,475,477,519,517,516,522,523,535,539,542,548,553,560,561,628,629,636,643,647,649,627,654,655,656,575,576,577,585,590,599,611,614,621,619,624,622,620,337,598,589,586,246,229,202,567,559,511,182,216,245,295,330,360,381,383,418,411,417,412,410,405,401,430,388,397,415,421,409,390,345,317,323,303,309,292,254,251,247,227,242,311,305,312,328,313,283,274,233,188,175,506,505,496,491,83,82,75,80,112,121,149,139,119,157,204,199,217,218,220,231,237,163,130,101,79,64,3,2,0"
214,132d657,3,3,cpp,22498,3.628696708,3.629750625,0,0,"2,3,64,79,101,130,163,237,231,220,218,217,199,204,157,119,139,149,121,112,80,75,82,83,491,496,505,506,175,188,233,274,283,313,328,312,305,311,250,227,247,251,254,292,309,303,323,317,345,390,409,421,415,397,388,430,401,405,410,412,417,411,418,383,381,354,360,622,620,624,619,621,614,611,599,590,587,579,656,655,654,627,649,647,643,636,631,545,552,564,571,576,577,582,589,598,306,297,296,265,213,205,182,173,511,567,556,551,542,539,535,531,522,516,517,519,477,475,459,460,458,462,441,445,23,26,48,40,28,24,11,0"
215,53gil262,3,3,cpp,1013,0.221756667,0.222869292,0,0,"133,28,131,180,242,221,251,254,97,13,142,44,186,49,93,118,191,151,250,207,159,257,187,243,98,141,70,228,204,89,210,78,212,111,72,53,172,227,205,219,247,88,8,100,234,224,255,65,174,225,77,200,158"
216,53gil262,3,3,julia,1013,0.275491084,0.283929416,0,0,"200,77,225,174,65,55,224,240,100,8,88,247,149,82,227,172,53,72,111,212,78,210,89,204,228,70,141,98,243,187,257,159,207,250,151,191,118,93,90,186,44,142,13,97,254,251,221,242,180,131,28,133,158"
217,35ftv170,3,3,julia,1205,0.093802125,0.099417709,0,0,"47,39,38,75,76,12,13,21,29,22,24,15,150,148,137,146,145,144,141,6,0,113,115,104,125,118,102,163,99,90,87,67,63,56,54"
218,35ftv170,3,3,cpp,1205,0.056640625,0.058886041,0,0,"47,39,38,76,75,12,13,21,29,22,24,15,150,148,137,146,145,144,141,6,2,113,115,114,125,118,103,163,99,91,87,67,63,56,54"
219,53gil262,5,5,cpp,1013,0.194350917,0.194684625,0,0,"187,257,159,207,250,151,143,118,93,49,186,44,142,13,97,254,251,221,242,168,131,28,133,158,200,77,225,174,65,55,224,240,100,8,88,247,35,205,227,172,53,197,111,212,78,210,89,204,228,70,67,98,243"
220,53gil262,5,5,julia,1013,0.289839834,0.2976685,0,0,"133,28,131,180,242,221,251,254,97,13,142,44,186,90,93,118,143,151,250,207,159,257,187,243,98,141,70,228,204,89,210,78,212,111,72,53,172,227,82,182,247,88,8,100,240,224,255,65,174,225,77,200,158"
221,207si1032,2,2,julia,22323,16.450922542,16.483628416,0,0,"17,84,14,11,10,7,8,5,4,2,72,147,240,150,149,154,153,157,158,163,256,255,345,251,342,247,339,451,461,480,540,493,420,350,453,502,476,448,415,357,265,264,167,166,169,174,173,178,177,183,276,275,360,364,368,419,409,442,482,542,759,765,767,827,909,912,997,576,993,647,645,666,669,628,991,1027,584,706,707,573,1014,569,1024,555,672,674,714,653,648,996,562,998,643,686,641,561,1007,975,922,804,763,761,810,809,756,754,803,802,872,878,859,774,773,816,852,855,823,791,441,424,530,516,515,398,397,396,393,319,390,391,497,512,471,498,499,473,437,412,378,299,301,206,205,211,304,215,214,218,217,222,221,225,226,324,231,234,235,332,239,141,71,67,68,65,135,61,62,59,58,55,56,52,53,50,120,46,47,43,44,40,41,38,108,113,201,202,292,293,288,195,191,284,187,186,105,35,31,32,99,29,25,26,22,23,19,20,16"
222,207si1032,2,2,cpp,22339,13.676168917,13.701619916,0,0,"20,19,23,22,25,26,29,99,31,32,35,105,191,284,186,187,183,276,178,177,172,170,169,166,167,265,268,269,275,360,364,368,419,485,482,442,409,288,195,293,292,202,201,113,108,38,41,40,43,44,46,118,119,120,50,53,52,56,55,59,58,62,61,65,135,67,68,71,141,232,239,332,331,402,424,441,490,459,538,512,497,392,391,390,393,319,321,320,324,231,225,222,221,217,218,214,215,304,211,300,301,299,378,412,437,473,499,471,498,749,818,816,773,774,794,878,872,802,803,754,756,809,810,761,763,895,922,975,1007,561,604,641,686,998,562,996,648,653,714,674,672,555,1024,569,1014,573,707,706,584,1027,583,669,666,645,647,576,997,983,984,944,902,866,869,759,765,767,827,502,476,448,415,453,350,420,493,540,480,461,451,341,342,251,345,255,256,163,157,158,153,154,244,245,240,147,148,72,2,5,4,8,7,11,10,14,84,17,16"
223,45tsp225,1,1,cpp,1612,0.133723583,0.134243791,0,0,"127,164,157,162,136,140,156,145,175,173,172,181,183,121,123,124,108,64,65,115,116,46,206,51,44,45,194,3,2,4,7,38,17,19,13,12,35,33,201,216,97,98,90,91,209"
224,45tsp225,1,1,julia,1612,0.18455425,0.190803167,0,0,"181,183,121,123,124,108,64,65,115,116,46,206,51,44,45,194,3,2,4,7,38,17,19,16,12,35,33,201,216,97,98,90,91,209,127,164,157,162,136,140,156,145,175,173,172"
225,64lin318,3,3,julia,20765,0.398454959,0.410745,0,0,"217,223,244,246,250,253,256,261,270,275,297,304,308,302,298,285,282,276,169,192,185,193,197,196,195,189,186,64,60,62,80,88,92,91,90,316,49,50,43,40,35,26,19,10,9,2,8,4,111,107,112,127,136,37,153,160,148,208,141,139,224,219,216,212"
226,64lin318,3,3,cpp,20765,0.313437208,0.31375725,0,0,"217,223,244,246,250,253,256,261,270,275,297,304,308,302,298,285,282,276,169,192,185,193,197,196,195,189,186,64,60,62,80,88,92,91,90,316,49,50,43,40,35,26,19,10,9,2,8,4,111,107,112,127,136,37,153,160,148,208,141,139,224,219,216,212"
227,107si535,8,8,cpp,13505,1.539835916,1.547413,0,0,"358,357,397,400,392,390,387,383,360,5,179,180,4,371,375,2,368,376,421,430,440,449,479,498,512,522,255,289,286,514,490,456,444,420,370,366,0,8,20,135,509,524,534,212,288,338,141,136,144,172,148,308,272,209,29,528,27,507,476,10,28,11,470,494,39,41,15,183,185,43,48,53,60,65,88,91,109,113,112,108,304,345,155,154,176,177,178,167,168,162,164,293,292,355,267,265,125,192,122,123,130,133,134,474,19,385,7"
228,107si535,8,8,julia,13505,2.564998208,2.572897667,0,0,"385,19,474,134,133,130,123,122,192,125,265,267,355,292,293,164,162,168,167,178,177,176,156,158,345,304,112,113,109,105,91,88,65,60,18,17,43,185,183,15,14,39,494,470,469,28,10,476,507,27,528,29,211,272,308,148,173,145,142,137,337,287,212,534,524,509,135,20,8,0,366,370,420,444,456,490,514,286,289,231,522,512,480,479,449,440,417,421,376,368,2,375,371,4,180,179,5,360,383,387,390,392,400,397,357,358,7"
229,60pr299,8,8,julia,22615,0.487789416,0.499459958,0,0,"259,254,247,244,192,241,237,272,234,197,167,164,163,227,229,281,282,279,219,220,215,288,213,293,296,151,147,2,1,6,7,142,156,157,140,96,95,94,82,23,24,71,72,68,33,32,62,37,58,59,57,51,55,54,118,119,175,177,255,258"
230,60pr299,8,8,cpp,22615,0.319539792,0.319839833,0,0,"156,157,140,96,95,94,82,23,24,71,72,68,33,32,62,37,58,59,57,51,55,54,118,119,175,177,255,258,259,254,247,244,192,241,237,272,234,197,167,164,163,201,229,281,282,279,219,220,215,288,213,293,296,151,147,2,1,6,7,142"
231,145u724,3,3,cpp,17281,3.922984667,3.925001625,0,0,"723,721,10,3,712,702,701,709,700,699,16,109,110,114,62,103,117,121,118,122,640,647,651,116,107,66,87,88,93,95,21,92,28,38,35,676,665,663,662,618,152,607,605,591,558,574,573,549,187,556,588,133,601,583,584,282,283,130,281,270,258,523,264,520,525,210,252,211,502,353,503,497,343,345,215,207,220,253,195,200,204,227,321,331,322,496,491,490,489,477,295,292,294,293,364,414,430,432,452,462,459,418,417,467,363,402,471,367,375,382,393,394,396,309,314,305,303,333,327,240,237,201,537,561,559,179,178,143,141,165,153,621,611,612,672,681,670,48,684,31,94,25,13,11,0"
232,145u724,3,3,julia,17278,5.535980083,5.596192334,0,0,"11,13,25,94,47,48,670,654,612,613,153,165,141,144,178,179,559,561,537,201,237,240,327,333,303,305,309,314,396,394,393,382,375,367,471,402,363,467,417,418,459,462,452,431,430,414,364,293,294,292,295,477,489,490,491,496,322,331,321,227,204,200,195,253,220,207,215,345,343,503,353,502,508,248,210,250,525,520,264,523,258,270,281,130,283,282,584,583,601,133,588,556,187,549,573,574,558,591,605,607,152,618,662,663,665,676,664,669,683,43,28,44,688,46,102,87,66,107,116,651,647,640,122,118,121,117,69,62,114,110,109,16,699,700,709,701,698,695,697,712,3,10,721,723,0"
233,46gr229,9,9,julia,71972,0.185462,0.20843425,0,0,"224,225,228,227,226,216,215,219,221,222,199,200,202,210,211,205,204,154,150,151,138,137,113,112,111,102,72,77,58,53,15,12,1,27,29,32,39,174,175,186,183,45,41,44,42,223"
234,46gr229,9,9,cpp,71972,0.142439459,0.143226167,0,0,"224,225,228,227,226,216,215,219,221,222,199,200,202,210,211,205,204,154,150,151,138,137,128,112,111,102,72,77,58,53,15,12,1,27,29,32,39,174,175,186,183,45,41,44,42,223"
235,72rbg358,3,3,cpp,693,0.62778825,0.63492175,0,0,"57,88,4,117,41,187,247,10,161,341,100,179,348,217,201,177,340,301,150,92,275,342,194,67,140,110,190,14,68,124,5,148,17,13,121,158,343,48,43,7,15,25,215,250,8,23,212,162,154,9,36,118,310,203,74,319,115,321,337,210,184,111,170,142,109,325,107,178,108,252,335,2"
236,72rbg358,3,3,julia,693,0.896426542,0.9040005,0,0,"150,140,110,203,74,179,108,142,109,325,107,148,161,117,217,201,48,247,88,252,335,8,23,57,17,13,121,162,341,100,4,154,124,5,190,9,41,43,215,250,7,15,25,2,212,187,36,118,319,115,321,337,210,184,158,343,178,348,111,170,10,194,67,146,92,275,342,68,14,177,340,301"
237,87gr431,6,6,julia,101946,1.145243917,1.223499542,0,0,"74,75,73,67,82,78,81,204,203,227,229,230,232,234,235,239,240,243,246,244,245,250,389,251,386,383,377,366,365,363,361,401,402,404,403,422,423,424,425,426,427,430,429,428,419,418,417,421,412,410,408,407,406,413,405,358,356,352,353,342,341,339,332,372,326,315,318,321,313,300,296,292,276,277,271,268,258,257,220,192,190,142,136,26,25,15,0"
238,87gr431,6,6,cpp,101946,0.897282584,0.899787833,0,0,"73,67,82,78,81,204,203,227,229,230,232,234,235,239,240,243,246,244,245,250,389,251,386,383,377,366,365,363,361,401,402,404,403,422,423,424,425,426,427,430,429,428,419,418,417,421,412,410,408,407,406,413,405,358,356,352,353,342,341,339,332,372,326,315,318,321,313,300,296,292,276,277,271,268,258,257,220,192,190,142,136,26,25,15,0,74,75"
239,41gr202,5,5,cpp,23301,0.09241725,0.093910375,0,0,"193,181,179,177,165,163,124,119,118,94,92,86,85,82,79,78,77,76,75,74,73,67,66,63,70,53,50,15,0,1,7,9,11,18,22,23,145,151,196,199,201"
240,41gr202,5,5,julia,23301,0.144540917,0.161297458,0,0,"193,181,179,177,165,163,124,119,118,94,92,86,85,82,79,78,77,76,75,74,73,67,66,63,70,53,50,15,0,1,7,9,11,18,22,23,145,151,196,199,201"
241,81rbg403,5,5,julia,1170,0.7916335,0.80116975,0,0,"174,185,78,65,149,7,115,345,299,60,100,44,58,109,248,188,37,108,120,252,238,229,42,105,19,361,347,375,241,112,47,175,67,222,23,69,128,193,235,194,324,77,31,214,171,177,82,247,129,35,384,383,145,101,111,179,211,135,270,90,62,110,157,127,283,32,274,272,38,254,162,182,123,233,380,186,106,183,17,33,24"
242,81rbg403,5,5,cpp,1170,0.528239792,0.536285458,0,0,"80,252,127,375,123,106,283,186,23,69,248,179,174,171,402,32,274,272,28,214,177,42,162,58,235,77,31,115,233,324,38,135,270,105,19,149,51,60,183,17,128,35,129,65,222,250,188,7,175,241,112,47,90,62,238,229,361,347,24,254,111,345,37,33,78,109,182,100,98,194,380,384,383,67,82,247,108,120,110,211,193"
243,40kroa200,4,4,cpp,13406,0.09817325,0.099325375,0,0,"31,171,110,131,26,192,166,157,30,46,111,7,142,102,113,129,71,195,4,194,181,90,172,22,163,88,58,68,107,3,105,91,103,164,47,43,62,15,77,6"
244,40kroa200,4,4,julia,13406,0.140484125,0.145101083,0,0,"77,15,62,43,47,164,103,91,105,3,107,68,58,88,163,22,172,90,181,194,4,195,71,129,113,102,142,7,111,46,30,157,166,192,26,131,110,171,31,6"
245,53gil262,8,8,julia,1013,0.270514625,0.278634625,0,0,"133,28,131,168,242,221,251,254,97,13,142,44,186,90,93,118,191,151,250,207,159,257,187,243,98,67,70,228,204,89,210,78,212,111,197,53,172,227,205,219,247,88,8,100,240,224,255,65,174,225,77,200,158"
246,53gil262,8,8,cpp,1013,0.198819708,0.199070583,0,0,"133,28,131,170,242,221,251,254,97,13,142,44,186,49,93,118,143,151,250,207,159,257,187,243,98,141,70,228,204,89,210,78,212,111,197,53,172,227,205,219,247,88,8,100,240,224,55,65,174,225,77,200,158"
247,46pr226,4,4,cpp,64007,0.10701675,0.108243875,0,0,"1,7,71,70,68,65,64,18,19,63,56,55,49,20,21,27,48,47,45,42,41,38,39,40,93,143,150,156,163,174,182,189,192,194,202,207,220,221,131,132,106,113,79,78,72,0"
248,46pr226,4,4,julia,64007,0.161151791,0.167480667,0,0,"1,7,71,70,68,65,64,18,19,63,56,55,49,20,21,27,48,47,45,42,41,38,39,40,93,143,150,156,159,174,182,183,192,193,203,214,220,221,131,132,106,113,79,78,72,0"
249,217vm1084,1,1,julia,130988,20.184964667,20.317898709,0,0,"143,195,276,327,211,126,100,341,29,342,234,27,315,332,430,725,715,281,714,799,282,525,908,900,871,642,643,284,335,389,278,401,229,425,345,41,84,344,10,205,393,622,324,378,268,646,14,316,336,745,12,361,271,209,208,181,394,496,150,190,131,80,358,39,406,860,1073,749,724,1047,602,235,331,16,337,357,495,478,213,618,452,273,467,458,655,601,440,636,446,594,863,907,476,439,571,433,182,457,552,515,454,553,445,720,923,988,511,413,68,475,1079,414,238,1041,990,983,155,559,51,55,122,123,200,178,503,632,98,243,578,255,397,173,2,381,254,396,103,63,501,653,185,502,104,249,649,395,435,49,88,46,154,310,32,53,124,96,630,309,545,1009,694,263,71,264,58,59,61,256,580,608,581,373,447,450,508,583,171,170,604,615,609,605,585,106,115,117,482,661,663,835,21,8,226,294,423,432,448,471,418,463,517,521,469,179,438,421,35,598,167,370,94,466,19,470,295,404,189"
250,217vm1084,1,1,cpp,130988,16.806765333,16.809274958,0,0,"143,195,276,327,211,126,100,341,29,342,234,27,315,332,430,725,715,281,714,799,282,525,908,831,871,642,643,284,335,389,278,401,229,425,345,41,84,344,10,205,393,622,324,378,268,646,14,316,336,745,12,361,271,209,208,181,394,496,150,190,131,80,358,39,406,860,798,749,1059,1047,602,235,331,16,337,357,495,478,213,618,452,273,467,458,655,601,440,636,446,594,863,907,476,439,571,433,182,457,552,515,454,553,445,720,923,988,511,413,68,475,1079,414,238,1041,719,983,155,559,51,55,122,123,200,178,503,632,98,243,578,255,397,173,2,381,254,374,103,63,501,653,185,502,104,249,649,395,435,49,88,46,154,310,32,53,124,96,630,309,545,1009,694,263,71,264,58,59,61,256,580,608,581,373,447,450,508,583,171,170,604,615,609,605,585,106,115,117,482,661,663,835,21,8,226,294,423,432,448,471,418,463,517,521,469,179,438,421,35,598,167,370,94,466,19,470,295,404,189"
251,36brg180,7,7,cpp,4420,0.071846208,0.07393475,0,0,"24,6,19,18,32,33,65,64,44,45,67,28,29,69,51,50,61,40,41,60,55,54,8,58,59,4,23,22,10,37,36,2,15,14,0,25"
252,36brg180,7,7,julia,4420,0.111371958,0.112864,0,0,"8,37,36,4,16,17,10,58,59,13,12,90,31,30,63,54,55,69,51,50,60,61,45,44,66,27,26,67,41,40,6,34,35,0,21,20"
253,32u159,6,6,julia,22664,0.083092583,0.086568167,0,0,"105,94,87,76,72,63,61,62,54,51,48,46,120,121,38,33,32,29,27,19,141,148,153,158,125,124,123,113,110,109,92,106"
254,32u159,6,6,cpp,22664,0.05410225,0.054258083,0,0,"105,94,87,76,72,63,61,62,54,51,48,46,120,121,38,33,32,29,27,19,141,148,153,158,125,124,123,113,110,109,92,106"
255,60pr299,3,3,cpp,22615,0.328023333,0.328392917,0,0,"156,157,140,96,95,94,82,23,24,71,72,68,33,32,62,37,58,59,57,51,55,54,118,119,175,177,255,258,259,254,247,244,192,241,237,272,234,197,167,164,163,201,229,281,282,279,219,220,215,288,213,293,296,151,147,2,1,6,7,142"
256,60pr299,3,3,julia,22615,0.366715542,0.377532625,0,0,"7,6,1,2,147,151,296,293,213,288,215,220,219,279,282,281,229,201,163,164,167,197,234,272,237,241,192,244,247,254,259,258,255,177,174,121,118,54,55,51,57,59,58,37,62,32,33,68,72,71,24,23,82,94,95,96,140,157,156,142"
257,35ftv170,6,6,julia,1205,0.094625875,0.098542667,0,0,"144,141,6,0,111,115,127,125,118,102,163,98,90,87,67,64,56,54,47,39,38,76,75,12,13,21,29,22,24,15,25,149,137,136,145"
258,35ftv170,6,6,cpp,1205,0.057537042,0.059698292,0,0,"144,6,2,112,113,115,104,125,118,103,163,98,90,87,70,64,56,54,47,39,38,10,76,12,13,21,29,22,23,15,150,148,137,146,145"
259,200dsj1000,8,8,cpp,9197969,10.885728958,10.887631375,0,0,"118,735,164,293,688,488,34,845,812,798,424,750,998,18,745,147,393,722,505,288,902,3,401,888,682,343,714,77,507,921,329,462,521,815,844,953,5,134,803,232,807,781,87,260,88,501,374,106,292,977,922,859,908,167,484,777,495,368,869,621,572,32,38,266,789,872,188,536,21,472,842,894,506,275,811,190,94,764,917,563,245,127,667,699,456,215,428,736,68,112,791,300,476,637,130,606,14,959,626,519,980,381,770,897,406,156,948,392,234,423,422,403,594,924,114,471,427,797,680,650,279,385,881,319,754,821,377,786,124,152,985,873,454,432,447,442,365,316,458,391,434,218,728,338,153,766,639,386,614,966,560,632,523,201,254,633,913,828,179,929,746,991,556,574,48,446,239,440,670,328,95,207,550,713,527,995,649,290,990,964,137,212,655,578,618,110,586,33,695,580,576,388,512,394,769,601,846,404,470,792"
260,200dsj1000,8,8,julia,9195156,18.146197292,18.330052833,0,0,"506,275,811,190,94,764,917,563,245,127,667,699,456,215,428,718,159,450,68,112,791,300,476,637,130,606,14,959,626,519,980,381,770,897,406,156,948,392,234,423,422,403,594,924,114,471,427,797,680,650,279,609,543,255,678,319,754,821,377,786,124,152,985,873,454,432,447,442,365,316,458,391,434,218,728,338,153,766,639,386,614,347,523,201,254,633,913,828,179,929,746,991,762,198,574,48,446,239,440,670,328,95,207,550,713,527,995,930,990,964,137,212,655,578,618,110,586,33,695,388,512,394,141,129,178,240,846,601,118,792,862,444,830,488,949,317,664,109,158,757,147,393,722,452,315,3,1,933,946,911,668,967,332,682,343,714,77,507,921,329,462,815,521,467,844,953,5,134,803,232,807,781,87,260,88,501,374,106,292,977,922,859,908,167,777,495,368,621,572,32,38,266,789,872,188,536,21,472,842,894"
261,107ali535,3,3,julia,128653,2.733303208,2.855537208,0,0,"338,221,25,523,525,226,301,4,382,172,308,312,247,133,393,120,501,273,282,429,417,409,425,455,91,297,421,60,47,356,516,526,428,451,471,349,73,373,280,379,59,345,434,52,460,100,225,368,371,355,5,405,84,215,330,227,41,477,78,40,306,291,34,32,9,203,341,71,104,253,55,131,237,196,427,485,327,437,317,76,83,245,149,420,176,534,406,502,442,236,160,288,321,244,488,217,377,435,369,416,246,391,162,378,122,466,18"
262,107ali535,3,3,cpp,128653,1.643892541,1.64910625,0,0,"338,221,25,523,525,226,301,4,382,172,308,312,247,133,393,120,501,273,282,429,417,409,507,455,91,297,421,60,47,356,516,526,428,451,474,349,73,373,280,379,59,345,434,52,460,100,225,368,371,355,5,405,84,215,330,227,41,477,78,152,306,291,34,32,9,203,341,71,104,253,55,131,237,196,427,485,327,437,317,76,83,245,149,420,176,534,406,502,442,236,160,288,321,244,488,217,377,435,369,416,246,391,162,378,122,466,18"
263,217vm1084,4,4,cpp,130704,21.120466416,21.122996875,0,0,"143,195,276,327,211,126,17,341,29,342,234,27,315,332,430,725,715,281,714,799,282,525,908,844,871,642,643,284,335,389,278,401,229,425,345,41,84,344,10,205,393,622,324,378,268,646,14,316,336,745,12,361,271,209,208,181,394,496,150,190,131,80,358,39,406,860,683,1071,810,1047,602,235,331,16,337,357,495,478,213,618,452,273,467,458,655,601,440,636,446,594,863,907,476,439,571,182,433,470,295,19,107,43,376,457,552,515,454,553,445,720,1014,988,511,413,68,475,827,414,238,1041,990,983,155,559,51,55,122,123,200,178,503,632,98,243,578,255,397,173,2,381,254,396,248,103,240,251,444,507,386,172,520,438,509,418,471,626,44,517,521,469,175,508,257,502,104,249,649,395,435,49,88,46,154,310,32,53,124,96,630,309,545,1009,694,263,71,264,58,59,61,256,580,608,581,373,447,171,170,604,615,609,605,585,106,115,117,482,661,848,835,21,8,226,294,423,432,486,189"
264,217vm1084,4,4,julia,131031,16.218904375,16.3468625,0,0,"143,195,276,327,211,126,17,341,29,342,234,27,315,332,430,725,715,281,714,799,282,525,908,844,871,642,643,284,335,389,278,401,229,425,345,41,84,344,10,205,393,622,324,378,268,646,14,316,336,745,12,361,271,209,208,181,394,496,150,190,131,80,358,39,406,860,685,749,724,1047,602,235,331,16,337,357,495,478,213,618,452,273,467,458,655,601,440,636,446,594,863,846,1026,1015,445,923,988,511,413,68,475,1079,414,238,1041,718,983,155,559,51,55,122,123,200,178,503,632,98,243,578,255,397,173,2,381,254,374,103,63,501,653,185,502,104,249,649,395,435,49,88,46,154,310,32,53,124,96,630,309,545,1009,694,263,71,264,58,59,61,256,580,608,581,373,447,450,508,583,171,170,604,615,609,605,585,106,115,117,482,661,802,835,21,8,226,294,423,432,448,471,418,463,517,521,469,179,438,421,35,598,167,370,94,107,457,552,515,454,553,439,571,433,182,19,470,295,404,189"
265,107att532,1,1,julia,13464,2.377917958,2.417603541,0,0,"431,388,376,400,389,442,478,498,509,513,526,516,510,479,465,456,421,405,377,316,255,239,219,310,346,360,238,237,250,329,335,273,116,138,172,97,94,61,127,170,234,300,354,348,370,392,393,394,373,366,311,293,302,307,298,283,207,158,75,49,55,90,133,134,140,159,76,26,20,4,1,5,14,23,44,89,137,147,224,261,286,306,305,341,433,424,407,402,380,401,391,409,432,460,455,466,494,530,518,491,461,448,440,477,490,503,470"
266,107att532,1,1,cpp,13464,1.714033333,1.714740417,0,0,"456,421,405,377,316,255,239,219,310,346,360,238,237,250,329,335,273,116,138,172,97,94,61,127,170,234,300,354,348,370,392,393,394,373,366,311,293,302,307,298,283,207,158,75,49,55,90,133,134,140,159,76,26,18,4,1,5,14,23,44,89,137,147,224,251,296,306,305,341,433,424,407,402,380,401,391,409,432,460,455,466,494,530,518,491,461,448,440,477,490,503,470,431,388,376,400,389,442,478,498,509,513,526,516,510,479,465"
267,65rbg323,8,8,cpp,471,0.476918791,0.482603042,0,0,"115,6,314,29,49,249,215,110,286,34,152,1,280,284,119,104,209,74,153,2,7,41,25,300,56,120,121,16,26,35,296,69,10,112,30,114,65,216,109,108,106,318,47,0,27,178,125,66,89,211,227,11,83,36,31,231,139,136,156,171,162,255,301,14,226"
268,65rbg323,8,8,julia,471,0.66638925,0.67261825,0,0,"31,65,139,301,136,156,171,162,255,216,109,215,26,119,104,209,74,115,6,314,34,296,120,121,16,29,49,2,300,56,110,286,112,30,125,66,83,36,14,226,27,178,318,35,152,1,41,25,153,7,249,108,106,280,284,89,211,227,11,69,10,47,0,114,231"
269,72rbg358,1,1,julia,693,0.928765208,0.936292,0,0,"348,142,109,325,107,148,187,57,41,161,341,23,100,140,110,203,74,319,115,321,337,210,184,310,117,158,343,177,340,301,150,170,36,118,111,17,13,121,92,275,342,217,201,10,178,108,190,14,162,88,59,68,124,5,154,9,194,67,252,335,2,212,48,43,215,250,7,15,25,8,247,179"
270,72rbg358,1,1,cpp,693,0.6211655,0.627585083,0,0,"108,214,178,348,252,335,2,57,41,100,92,275,342,13,121,88,154,124,5,68,9,48,43,7,15,25,215,250,8,247,194,67,177,340,301,150,60,321,337,210,184,203,74,111,170,158,343,190,14,17,161,217,201,142,109,325,107,148,117,59,187,23,212,162,10,140,110,36,118,319,115,179"
271,88pr439,10,10,cpp,60099,0.937183334,0.938556,0,0,"283,227,185,82,50,48,43,78,56,35,34,76,74,72,62,63,22,20,18,101,103,143,146,144,142,152,155,138,124,98,128,162,171,249,247,258,318,323,324,305,266,267,232,222,274,295,335,362,377,386,400,403,416,427,428,414,418,413,388,378,376,347,351,290,289,285,231,188,187,186,280,281,341,340,372,380,390,392,397,406,421,432,429,423,407,433,434,438"
272,88pr439,10,10,julia,60099,1.129042167,1.151090917,0,0,"283,227,185,82,50,48,43,78,56,35,34,76,74,72,62,63,22,20,18,101,103,143,146,144,142,152,155,138,124,98,128,162,171,249,247,258,318,322,324,306,266,267,232,222,274,295,335,362,377,386,400,403,404,427,428,414,418,413,388,378,376,347,351,290,289,285,231,188,187,186,280,281,341,340,372,380,390,392,397,406,421,432,429,423,407,433,434,438"
273,207si1032,1,1,julia,22335,17.870282334,17.902958958,0,0,"84,14,11,10,7,8,5,4,2,72,148,147,240,245,244,154,153,157,158,163,256,255,345,251,342,341,451,461,480,540,493,420,350,453,502,476,448,415,360,275,269,268,264,265,167,166,169,172,178,177,183,276,187,186,191,284,364,368,419,409,442,482,542,759,765,767,827,909,912,997,576,647,645,666,669,580,1012,988,850,820,780,781,775,816,778,797,798,874,873,950,1018,571,1016,956,1023,587,1001,706,707,672,674,714,653,648,996,562,998,686,641,604,561,1007,964,924,814,763,761,810,809,756,754,441,424,530,516,515,481,397,396,319,393,390,391,497,512,382,381,471,498,499,473,437,412,299,293,292,288,195,197,202,201,206,205,211,304,215,214,217,218,222,221,225,226,231,324,234,235,332,239,141,71,68,67,65,135,61,62,58,59,56,55,53,52,120,50,47,46,43,44,40,41,38,108,35,105,32,31,29,99,26,25,23,22,19,20,17,16"
274,207si1032,1,1,cpp,22317,13.511652834,13.537006916,0,0,"17,19,22,23,91,92,166,167,265,264,174,173,178,177,181,180,26,25,29,31,32,35,105,186,187,191,284,288,195,292,293,299,412,437,473,499,498,383,382,381,497,512,392,391,390,393,319,321,324,231,226,225,221,222,218,217,215,214,211,304,206,205,202,201,113,112,108,38,39,43,44,47,46,120,50,52,53,56,55,58,59,61,62,135,65,68,67,71,141,232,239,332,331,402,424,441,490,459,538,754,756,809,810,761,763,804,924,964,1007,561,604,641,686,998,562,996,648,653,678,715,716,707,706,1001,587,1023,956,1016,571,1018,950,873,874,798,797,778,816,775,781,780,823,850,988,1012,580,669,666,645,647,576,997,983,909,827,767,765,759,542,482,442,409,419,368,279,278,275,360,357,415,448,476,502,453,350,420,493,540,480,461,451,339,247,342,251,345,255,256,163,158,157,153,154,149,150,240,147,72,2,4,5,7,8,10,11,14,84,16"
275,40d198,9,9,cpp,10557,0.090711625,0.09192275,0,0,"39,14,16,21,20,24,166,167,181,175,174,193,194,186,190,165,171,136,126,130,137,158,157,138,122,117,110,105,90,75,64,53,54,55,70,10,9,4,2,0"
276,40d198,9,9,julia,10557,0.13225175,0.137129875,0,0,"2,4,9,10,70,55,54,53,61,75,90,105,110,117,122,138,157,158,137,130,126,136,171,165,190,186,194,193,174,175,181,167,166,24,20,21,16,14,39,0"
277,64lin318,5,5,julia,20765,0.383937791,0.396131667,0,0,"218,223,244,246,250,253,256,261,270,275,297,304,308,302,298,285,282,276,169,192,185,193,197,196,195,189,186,64,60,62,80,88,92,91,90,316,50,46,43,40,35,26,19,10,9,2,8,4,111,107,112,127,136,37,153,160,148,208,141,139,224,219,216,212"
278,64lin318,5,5,cpp,20765,0.292237167,0.292553583,0,0,"217,223,244,246,250,253,256,261,270,275,297,304,308,302,298,285,282,276,169,192,185,193,197,196,195,189,186,64,60,62,80,88,92,91,90,316,50,46,43,40,35,26,19,10,9,2,8,4,111,107,112,127,136,37,153,160,148,208,141,139,224,219,216,212"
279,53gil262,4,4,cpp,1013,0.208377667,0.2087175,0,0,"257,159,207,250,151,191,118,93,90,186,44,142,13,97,254,251,221,242,168,131,28,133,158,200,77,225,174,65,55,224,234,100,8,88,247,219,205,227,172,53,197,111,212,78,210,89,204,228,70,141,98,243,187"
280,53gil262,4,4,julia,1013,0.30307225,0.311335042,0,0,"133,28,131,180,242,221,251,254,97,13,142,44,186,49,93,118,191,151,250,207,159,257,187,243,98,67,70,228,204,89,210,78,212,111,197,53,172,227,205,219,247,88,8,100,234,224,255,65,174,225,77,200,158"
281,41gr202,2,2,julia,23301,0.141500917,0.158249333,0,0,"193,181,179,177,165,163,124,119,118,94,92,86,85,82,79,78,77,76,75,74,73,67,66,63,70,53,50,15,0,1,7,9,11,18,22,23,145,151,196,199,201"
282,41gr202,2,2,cpp,23301,0.093572,0.094195959,0,0,"193,181,179,177,165,163,124,119,118,94,92,86,85,82,79,78,77,76,75,74,73,67,66,63,70,53,50,15,0,1,7,9,11,18,22,23,145,151,196,199,201"
283,45ts225,1,1,cpp,68340,0.180618291,0.181073375,0,0,"6,8,137,138,39,142,16,18,20,147,148,47,172,70,69,66,187,85,87,91,94,95,221,222,120,118,115,112,110,207,208,104,202,201,77,177,54,56,58,33,32,29,128,127,4"
284,45ts225,1,1,julia,68340,0.202612334,0.208839667,0,0,"131,132,10,12,16,19,20,147,148,45,44,39,36,35,162,66,68,70,197,198,97,222,120,117,116,217,89,211,212,108,105,104,202,201,79,81,83,58,55,54,152,151,27,127,4"
285,88pr439,5,5,julia,60099,1.1879425,1.209258542,0,0,"434,433,407,423,429,432,421,406,397,392,390,380,372,340,341,281,280,186,187,188,231,285,289,290,351,347,376,378,388,413,418,414,428,427,416,403,400,386,377,362,335,295,274,222,232,267,266,305,324,323,318,258,247,249,171,162,128,98,124,138,155,152,142,144,146,143,103,101,18,20,22,63,62,72,74,76,34,35,56,78,43,48,50,82,185,227,283,438"
286,88pr439,5,5,cpp,60099,0.910912334,0.911403,0,0,"283,227,185,82,50,48,43,78,56,35,34,76,74,72,62,63,22,20,18,101,103,143,146,144,142,152,155,138,124,98,128,162,171,249,247,258,318,323,324,305,266,267,232,222,274,295,335,362,377,386,400,403,404,427,428,414,418,413,388,378,376,347,351,290,289,285,231,188,187,186,280,281,341,340,372,380,390,392,397,406,421,432,429,423,407,433,434,438"
287,107si535,10,10,cpp,13505,1.841538542,1.848593625,0,0,"358,357,397,400,392,390,387,383,360,5,179,180,4,371,375,2,368,376,421,410,440,449,479,498,512,522,231,289,286,514,490,456,444,420,370,366,0,8,20,135,502,524,534,212,287,337,143,142,144,171,148,333,281,211,29,528,27,507,476,10,28,11,470,494,39,14,15,183,185,43,47,51,60,65,88,91,105,109,113,118,304,345,159,156,176,177,178,167,169,162,164,293,292,355,267,265,125,192,122,123,130,133,134,474,19,385,7"
288,107si535,10,10,julia,13518,2.462559333,2.470434459,0,0,"209,29,528,27,507,476,10,28,11,470,494,39,14,15,60,65,86,88,105,109,113,112,395,383,387,408,407,400,397,357,358,7,385,19,474,134,133,130,123,122,192,125,265,267,355,292,293,164,162,169,167,178,177,176,156,159,346,301,50,47,43,184,182,5,179,180,4,371,375,2,368,376,421,430,440,449,479,498,512,522,231,289,286,514,490,456,444,420,370,366,0,8,20,135,502,524,534,212,288,338,143,140,145,174,148,332,277"
289,45tsp225,7,7,julia,1612,0.1781015,0.184195,0,0,"183,122,123,124,108,64,65,115,116,46,206,51,44,45,194,3,2,4,7,38,17,19,16,12,35,33,201,216,97,98,90,91,209,127,164,157,162,136,140,156,145,175,173,172,181"
290,45tsp225,7,7,cpp,1612,0.144893167,0.145110333,0,0,"172,173,175,145,156,140,136,162,157,164,127,209,91,90,98,97,216,201,33,35,12,16,19,17,38,7,4,2,3,194,45,44,51,206,46,116,115,65,64,108,124,123,122,183,181"
291,81rbg403,7,7,cpp,1170,0.545218958,0.552813125,0,0,"78,109,110,108,120,175,135,270,100,42,248,222,361,7,345,37,241,112,47,24,211,77,31,115,171,35,384,383,67,124,65,182,238,229,214,162,252,233,380,111,106,179,90,149,347,129,186,82,247,375,123,235,254,33,127,183,17,58,283,194,324,23,62,188,299,60,98,177,38,174,185,193,80,105,19,128,32,274,272,41,69"
292,81rbg403,7,7,julia,1170,0.780084667,0.789497042,0,0,"375,109,174,185,35,157,188,37,252,222,33,149,347,127,177,58,283,23,214,171,65,384,383,67,66,74,115,183,17,42,24,90,62,194,380,77,100,98,129,108,120,135,270,241,112,47,186,193,78,105,19,110,182,248,211,254,106,123,175,361,51,238,229,69,82,247,111,38,235,179,128,345,7,101,32,274,272,41,233,324,162"
293,132d657,8,8,julia,22528,4.660263333,4.709016542,0,0,"2,3,64,79,101,155,172,190,163,237,231,235,261,271,299,308,309,342,346,361,390,409,415,421,422,430,401,405,410,412,417,411,418,383,381,354,355,356,622,620,624,619,621,614,609,590,587,579,656,655,654,627,649,647,643,636,631,545,552,564,571,577,583,591,595,589,586,246,229,265,278,256,274,283,313,328,312,305,311,242,227,251,241,225,204,157,119,139,149,121,112,80,75,82,83,491,496,506,145,188,175,193,203,173,511,567,556,551,542,539,535,532,522,516,518,519,477,475,459,460,458,462,441,445,23,26,48,40,28,24,11,0"
294,132d657,8,8,cpp,22498,3.365763167,3.366796958,0,0,"2,3,64,79,101,156,163,237,231,220,218,217,199,204,157,119,139,149,121,112,80,75,82,83,491,496,505,506,175,188,233,274,283,313,328,312,305,311,242,227,247,251,254,292,309,303,323,317,345,390,409,421,415,397,388,430,401,405,410,412,417,411,418,383,381,354,360,622,620,624,619,621,614,611,599,590,587,579,656,655,654,627,649,647,643,636,631,545,552,564,571,576,577,582,589,598,306,297,296,265,213,205,182,173,511,567,556,551,542,539,535,532,522,516,517,519,477,475,459,460,458,462,441,445,23,26,48,40,28,24,11,0"
295,46pr226,6,6,cpp,64007,0.107204041,0.107514708,0,0,"72,78,79,113,106,132,131,221,217,213,203,200,191,187,179,171,159,156,150,143,93,40,39,38,41,42,45,47,48,27,21,20,49,55,56,63,19,18,64,65,68,70,71,7,1,0"
296,46pr226,6,6,julia,64007,0.162533334,0.1688705,0,0,"21,20,49,55,56,63,19,18,64,65,68,70,71,7,1,0,72,78,79,113,106,132,131,221,216,209,204,198,190,187,181,168,166,156,150,143,93,40,39,38,41,42,45,47,48,27"
297,31pr152,8,8,julia,51576,0.078814375,0.081797958,0,0,"11,5,10,6,9,17,42,65,87,81,86,82,60,83,109,117,118,119,121,122,113,89,71,77,91,46,33,15,2,3,4"
298,31pr152,8,8,cpp,51576,0.047571917,0.047701667,0,0,"12,13,33,35,50,91,77,71,89,113,122,121,119,118,117,109,83,60,82,86,81,87,65,42,17,9,6,10,5,11,4"
299,115u574,7,7,cpp,16689,1.740585417,1.7414795,0,0,"427,411,358,359,361,374,369,344,342,330,328,327,270,265,385,383,390,254,255,397,459,464,465,251,196,189,279,280,313,309,308,307,304,294,291,284,173,175,174,167,152,156,146,144,137,136,135,132,126,127,62,61,59,75,74,112,110,104,89,28,87,86,85,79,55,57,53,45,46,47,570,567,565,562,556,557,10,11,552,546,543,535,529,528,14,19,31,22,217,229,230,232,208,185,205,203,242,522,519,512,507,499,497,481,482,492,489,488,451,441,443,433,435,439,428"
300,115u574,7,7,julia,16689,2.333889834,2.369759792,0,0,"439,435,433,443,441,451,488,489,493,482,481,497,499,507,512,520,243,242,204,240,225,523,526,531,543,544,13,16,20,21,26,27,89,106,104,120,111,82,81,38,37,34,10,11,553,554,557,5,3,0,570,47,46,45,53,57,58,75,74,61,62,127,126,132,135,136,137,144,146,156,152,167,288,287,284,173,174,210,209,184,187,282,302,301,309,312,280,279,189,196,251,465,464,459,397,255,254,390,383,385,265,270,327,328,330,342,344,369,374,361,359,358,411,427,428"
301,107ali535,4,4,julia,128653,2.712306209,2.83394725,0,0,"338,221,25,523,525,226,301,4,382,172,308,312,247,133,393,120,501,273,282,429,417,409,507,455,91,297,421,60,47,356,516,526,428,451,474,349,73,373,280,379,59,345,434,52,460,100,225,258,371,355,5,405,84,215,330,227,41,477,78,152,306,291,34,32,9,203,341,71,104,253,55,131,237,196,427,485,327,437,317,76,83,245,149,420,176,534,406,502,442,236,160,288,321,244,488,217,377,435,369,416,246,391,162,378,122,466,18"
302,107ali535,4,4,cpp,128653,1.745157959,1.750313125,0,0,"4,382,172,308,312,247,133,393,120,501,273,282,429,417,409,507,455,91,297,421,60,47,356,516,526,428,451,471,349,73,373,280,379,59,345,434,52,460,100,225,111,371,355,5,405,84,215,330,227,41,477,78,152,306,291,34,32,9,203,341,71,104,253,55,131,237,196,427,485,327,437,317,76,83,245,149,420,176,534,406,502,442,236,160,288,321,244,488,217,377,435,369,416,246,391,162,378,122,466,18,338,221,25,523,525,226,301"
303,132d657,9,9,cpp,22498,3.507223542,3.50832675,0,0,"11,24,28,40,48,26,23,445,441,462,458,460,459,475,477,519,517,516,522,523,535,539,542,551,556,567,511,173,182,205,213,265,296,297,306,598,589,582,577,576,571,564,552,545,631,636,643,647,649,627,654,655,656,579,587,590,599,611,614,621,619,624,620,622,360,354,381,383,418,411,417,412,410,405,401,430,388,397,415,421,409,390,345,317,323,303,309,292,254,251,247,227,242,311,305,312,328,313,283,274,233,188,175,506,505,496,491,83,82,75,80,112,121,149,139,119,157,204,199,217,218,220,231,237,163,156,101,79,64,3,2,0"
304,132d657,9,9,julia,22550,4.595350416,4.6426455,0,0,"11,21,20,18,22,440,25,462,458,460,459,475,477,519,518,516,522,532,535,539,542,548,553,560,561,628,629,636,643,647,649,627,654,655,656,575,576,577,585,590,599,611,614,621,619,624,622,620,337,598,589,586,246,229,202,567,559,511,182,205,222,278,285,316,343,360,381,383,428,417,392,363,368,378,396,405,401,430,422,421,415,409,390,361,346,342,309,308,299,271,261,235,231,237,163,156,190,178,165,204,225,232,227,252,300,284,277,249,223,188,175,506,505,496,491,83,82,75,80,112,121,149,147,113,72,63,73,79,64,3,2,0"
305,212u1060,4,4,julia,106257,20.543639834,20.670501875,0,0,"666,633,627,622,616,613,436,610,605,603,598,597,451,452,454,558,562,552,553,468,475,479,481,496,502,503,514,504,509,508,493,490,486,485,411,463,423,424,417,431,429,400,398,395,393,387,381,375,369,364,296,300,302,308,247,310,285,283,282,281,388,273,272,268,267,266,263,261,260,232,236,230,842,851,920,860,863,217,216,212,209,204,193,190,183,181,168,166,155,143,140,135,126,125,7,8,4,1,0,1057,1053,1052,29,12,25,32,1043,1046,1038,1034,1031,1032,37,39,42,52,69,61,63,1028,1029,1015,991,985,975,974,964,963,949,958,80,76,82,87,86,101,97,95,110,109,882,879,872,871,908,902,899,898,926,952,953,933,945,942,941,827,939,936,938,837,833,822,821,808,810,813,317,321,325,351,348,344,329,330,337,340,342,794,792,779,778,765,756,751,534,541,543,542,747,740,738,732,731,734,736,574,578,579,725,699,722,720,708,704,689,674,673,676,678,713,717,718"
306,212u1060,4,4,cpp,106144,14.861674375,14.864069292,0,0,"669,633,627,622,616,613,436,610,605,603,598,597,451,452,454,558,562,552,553,468,475,479,481,496,502,503,514,504,509,508,493,492,367,366,369,372,377,485,411,463,423,424,417,431,429,400,398,395,393,387,389,273,272,268,267,279,281,283,285,310,249,234,236,230,842,851,920,860,863,217,212,211,207,206,258,261,263,197,194,190,183,181,172,166,154,143,140,135,126,125,7,8,4,1,0,1057,1053,1052,29,12,25,32,1043,1046,1038,1034,1031,1032,37,39,42,52,69,61,63,1028,1029,1015,991,985,983,974,964,963,949,958,80,76,82,87,86,98,101,107,110,109,882,879,872,871,908,902,899,898,926,952,953,933,945,942,941,827,939,936,938,837,833,822,821,808,810,814,316,307,303,300,299,349,351,348,344,327,324,330,337,340,342,794,792,779,778,765,756,751,534,541,543,542,747,740,738,732,731,734,736,574,578,579,725,699,722,720,708,704,689,674,673,676,678,713,717,718"
307,80rd400,7,7,cpp,6361,0.622566625,0.623222333,0,0,"34,153,212,5,150,287,41,172,163,316,88,394,399,277,339,199,24,173,397,358,155,191,179,209,318,228,312,382,231,257,285,160,248,167,54,337,398,73,133,363,276,321,324,85,137,149,32,309,142,369,230,26,11,220,387,124,188,392,15,92,329,386,72,381,178,226,366,202,8,114,136,75,275,129,292,344,362,31,22,47"
308,80rd400,7,7,julia,6361,0.7714605,0.789206875,0,0,"92,329,386,72,381,178,226,366,202,8,114,136,75,275,129,292,344,362,31,22,47,34,153,212,5,150,287,41,172,163,316,88,394,399,277,339,199,24,173,397,358,155,191,179,209,318,228,312,382,231,257,285,160,248,167,54,337,398,73,133,363,276,321,324,85,137,149,32,309,142,369,230,217,11,220,387,124,188,392,15"
309,217vm1084,2,2,julia,130988,17.2487875,17.380527083,0,0,"404,295,470,19,466,94,370,167,598,35,421,438,179,469,521,517,463,418,471,448,432,423,294,226,8,21,835,848,661,482,117,115,106,585,605,609,615,604,170,171,583,508,450,447,373,581,608,580,256,61,59,58,264,71,263,694,1009,545,309,630,96,124,53,32,310,154,46,88,49,435,395,649,249,104,502,185,653,501,63,103,396,254,381,2,173,397,255,578,243,98,632,503,178,200,123,122,55,51,559,155,983,692,1041,238,414,827,475,68,413,511,988,991,720,445,553,454,515,552,457,182,433,571,439,476,907,863,594,446,636,440,601,655,458,467,273,452,618,213,478,495,357,337,16,331,235,602,1047,740,808,685,860,406,39,358,80,131,190,150,496,394,181,208,209,271,361,12,745,336,316,14,646,268,378,324,622,393,205,10,344,84,41,345,425,229,401,278,389,335,284,643,642,871,900,908,525,282,799,714,281,715,725,430,332,315,27,234,342,29,341,100,126,211,327,276,195,143,189"
310,217vm1084,2,2,cpp,130988,15.960236167,15.962716666,0,0,"404,295,470,19,466,94,370,167,598,35,421,438,179,469,521,517,463,418,471,448,432,423,294,226,8,21,835,752,661,482,117,115,106,585,605,609,615,604,170,171,583,508,450,447,373,581,608,580,256,61,59,58,264,71,263,694,1009,545,309,630,96,124,53,32,310,154,46,88,49,435,395,649,249,104,502,185,653,501,63,103,374,254,381,2,173,397,255,578,243,98,632,503,178,200,123,122,55,51,559,155,983,718,1041,238,414,827,475,68,413,511,988,991,720,445,553,454,515,552,457,182,433,571,439,476,907,863,594,446,636,440,601,655,458,467,273,452,618,213,478,495,357,337,16,331,235,602,1047,1055,749,1073,860,406,39,358,80,131,190,150,496,394,181,208,209,271,361,12,745,336,316,14,646,268,378,324,622,393,205,10,344,84,41,345,425,229,401,278,389,335,284,643,642,871,900,908,525,282,799,714,281,715,725,430,332,315,27,234,342,29,341,17,126,211,327,276,195,143,189"
311,65rbg323,3,3,cpp,471,0.500022625,0.505041958,0,0,"49,31,65,301,136,156,171,162,14,226,26,114,231,139,217,216,109,108,36,7,249,215,110,209,74,35,152,296,115,6,280,250,318,119,104,286,89,211,227,11,112,30,125,66,47,0,314,34,1,56,27,178,41,25,153,2,300,120,121,16,69,10,29,284,83"
312,65rbg323,3,3,julia,471,0.584389792,0.590536,0,0,"26,27,178,115,6,314,47,0,280,250,56,112,30,35,152,1,318,34,296,114,231,31,65,139,14,226,69,10,125,66,119,104,286,41,25,7,249,108,36,153,2,300,83,49,89,211,227,11,120,121,16,29,284,110,209,74,301,136,156,171,162,255,216,109,215"
313,36brg180,1,1,julia,4420,0.116670542,0.118145833,0,0,"6,23,22,49,48,8,37,36,106,33,32,62,63,53,52,68,56,57,69,29,28,65,41,40,71,45,44,4,24,25,10,19,18,0,14,15"
314,36brg180,1,1,cpp,4420,0.066709209,0.06773125,0,0,"40,41,71,57,56,62,27,26,63,53,52,68,69,31,30,66,44,45,0,22,23,4,48,49,6,34,35,14,15,10,19,18,8,37,36,2"
315,134gr666,8,8,cpp,164361,3.389268292,3.395402625,0,0,"217,216,207,219,224,211,214,230,232,231,233,202,201,200,163,159,160,191,190,187,183,148,170,172,166,139,234,235,250,266,293,295,299,403,407,413,416,490,459,519,525,526,536,541,551,555,552,563,606,473,466,465,462,437,463,464,0,309,308,17,15,11,30,32,27,25,24,19,7,4,2,1,478,480,477,476,619,485,621,622,600,599,597,571,576,579,583,590,585,593,636,635,658,657,656,638,646,647,640,641,642,644,651,655,654,653,659,660,662,661,663,664,97,95,92,62,66,65,75,76,82,81,136,135,133,129,124,125,117,116,114,115,107,665"
316,134gr666,8,8,julia,163765,4.755260958,4.9398835,0,0,"107,115,114,116,117,125,124,129,133,135,136,81,82,76,75,65,66,62,92,95,97,664,663,661,662,660,659,653,654,655,656,657,658,635,597,599,609,610,611,622,485,619,475,473,466,465,462,463,464,477,480,478,1,2,4,7,19,24,25,27,32,30,11,15,17,308,309,0,311,316,321,289,285,260,244,250,235,234,139,166,172,170,148,183,187,189,193,206,216,217,220,224,211,214,230,232,231,233,202,201,200,164,160,158,157,486,454,459,519,525,526,536,541,551,555,552,573,572,576,579,583,590,585,593,636,638,646,647,640,641,642,644,648,665"
317,88pr439,8,8,julia,60099,1.187792084,1.209503334,0,0,"283,227,185,82,50,48,43,78,56,35,34,76,74,72,62,63,22,20,18,101,103,143,146,144,142,152,155,138,124,98,128,162,171,249,247,258,318,323,324,305,266,267,232,222,274,295,335,362,377,386,400,403,416,417,428,414,418,413,388,378,376,347,351,290,289,285,231,188,187,186,280,281,341,340,372,380,390,392,397,406,421,432,429,423,407,433,434,438"
318,88pr439,8,8,cpp,60099,0.907684958,0.908211,0,0,"434,433,407,423,429,432,421,406,397,392,390,380,372,340,341,281,280,186,187,188,231,285,289,290,351,347,376,378,388,413,418,414,428,427,404,403,400,386,377,362,335,295,274,222,232,267,266,306,324,323,318,258,247,249,171,162,128,98,124,138,155,152,142,144,146,143,103,101,18,20,22,63,62,72,74,76,34,35,56,78,43,48,50,82,185,227,283,438"
319,41gr202,9,9,cpp,23301,0.089177334,0.089800708,0,0,"193,181,179,177,165,163,124,119,118,94,92,86,85,82,79,78,77,76,75,74,73,67,66,63,70,53,50,15,0,1,7,9,11,18,21,23,145,151,196,199,201"
320,41gr202,9,9,julia,23301,0.139122292,0.156421209,0,0,"199,196,151,145,23,21,18,11,9,7,1,0,15,50,53,70,63,66,67,73,74,75,76,77,78,79,82,85,86,92,94,118,119,124,163,165,177,179,181,193,201"
321,115rat575,6,6,julia,2388,2.782812708,2.82192375,0,0,"555,532,531,507,506,484,485,487,465,466,467,468,493,497,474,451,427,428,404,382,360,337,313,292,291,265,264,263,285,284,330,354,352,374,396,417,415,393,369,347,348,324,300,278,234,212,211,186,185,184,162,141,140,118,95,71,47,24,25,27,29,32,10,33,12,14,16,17,44,67,113,110,133,109,85,82,81,78,99,100,124,146,169,171,172,151,176,178,179,181,203,226,227,274,297,320,343,365,389,411,433,434,459,458,480,502,525,550,571,568,566,564,562,558,557"
322,115rat575,6,6,cpp,2388,2.274861416,2.275642333,0,0,"558,562,563,566,568,571,550,525,502,480,458,459,434,433,410,389,365,343,320,297,274,227,226,203,181,179,178,176,151,172,171,169,146,124,100,99,78,81,82,85,109,133,110,113,90,44,19,16,14,12,33,10,32,29,27,25,24,47,71,95,118,140,141,162,184,185,186,211,212,234,278,300,324,348,347,369,393,415,417,395,374,352,354,330,284,285,263,264,265,291,292,313,337,360,381,404,428,427,451,474,497,493,469,467,466,465,487,485,484,506,507,531,532,555,557"
323,89rbg443,7,7,cpp,635,1.290062292,1.301103375,0,0,"406,49,146,7,87,266,347,264,76,159,2,81,282,186,192,429,65,254,208,60,427,380,292,80,342,283,272,167,61,185,211,176,399,258,367,244,433,428,241,127,242,262,273,120,20,100,14,82,330,104,204,278,45,189,86,0,269,83,295,57,41,66,74,397,355,343,391,274,373,68,160,84,252,142,97,376,182,162,94,93,414,30,416,18,151,85,181,31,75"
324,89rbg443,7,7,julia,635,1.768714791,1.780343791,0,0,"278,254,133,57,41,342,283,258,162,94,159,49,80,417,104,180,74,160,84,55,7,416,18,211,45,433,428,241,189,86,0,269,83,406,19,81,127,242,262,273,93,414,30,63,65,146,68,300,60,427,380,397,355,87,394,20,100,14,82,399,320,142,97,376,182,367,391,274,373,230,186,192,343,244,167,61,185,305,264,76,292,176,151,85,181,31,75,266,204"
325,45ts225,8,8,julia,68340,0.236757042,0.242962416,0,0,"127,27,151,152,54,57,58,187,89,87,85,80,79,201,202,104,105,110,111,114,217,218,120,222,97,198,197,70,68,66,41,42,45,148,147,20,19,16,137,138,35,132,8,5,4"
326,45ts225,8,8,cpp,68340,0.161452167,0.1616575,0,0,"131,132,10,11,16,19,20,147,148,45,43,39,37,35,162,66,68,70,197,97,221,222,120,119,116,217,89,211,212,108,107,104,202,201,79,80,83,58,55,54,152,151,27,127,4"
327,201pr1002,9,9,cpp,114311,11.228460375,11.230556333,0,0,"201,205,207,208,217,236,239,232,224,263,245,260,259,269,256,121,122,123,105,109,110,298,283,276,274,273,272,468,470,471,478,480,482,490,489,488,498,500,506,510,998,531,535,536,538,521,515,566,564,562,558,591,590,579,580,586,597,599,601,602,794,793,789,752,999,758,780,782,801,798,806,808,820,822,816,815,835,836,1001,859,863,864,851,850,894,893,892,888,885,884,926,925,904,913,912,929,930,936,938,954,941,943,951,964,965,967,700,692,986,987,682,674,673,668,665,664,723,721,713,706,736,735,730,731,615,623,650,653,657,659,355,353,348,345,341,336,395,393,386,387,378,408,411,374,633,632,628,609,606,447,450,452,429,427,423,422,403,402,288,295,308,309,312,330,331,28,24,31,32,59,57,53,71,67,11,6,3,2,0,75,74,78,77,95,132,131,139,142,143,148,994,251,153,164,166,171,172,178,179,182,995"
328,201pr1002,9,9,julia,114394,14.212269,14.328545458,0,0,"182,179,178,172,171,166,154,153,251,994,148,143,142,139,131,132,95,77,78,74,75,0,2,3,6,11,67,71,53,57,59,32,31,24,25,331,330,312,309,308,295,288,402,403,422,420,409,410,378,387,386,393,395,336,341,345,348,353,354,659,657,643,639,637,636,623,615,731,730,735,736,706,713,721,723,664,665,668,673,674,682,987,986,692,700,967,965,964,951,943,941,954,938,936,930,929,912,913,904,925,926,884,885,890,892,893,894,850,851,864,863,859,1001,836,835,815,816,822,820,808,806,798,801,782,780,758,999,752,789,793,794,600,601,602,604,608,627,630,433,431,455,454,584,585,579,575,587,588,590,558,562,564,566,515,521,538,536,535,531,998,510,506,500,498,488,489,490,491,480,478,471,470,468,272,273,274,276,283,298,110,109,105,123,122,121,256,269,259,260,245,263,224,232,239,236,217,208,207,205,201,995"
329,35si175,9,9,julia,5564,0.099875083,0.101482792,0,0,"107,73,72,66,27,28,3,19,17,2,1,9,7,33,78,37,95,82,44,86,101,102,147,112,167,137,138,134,131,130,123,122,163,151,110"
330,35si175,9,9,cpp,5564,0.066562709,0.067331417,0,0,"106,73,72,66,27,28,3,19,17,2,1,9,7,32,78,37,95,82,44,86,101,102,147,112,167,137,140,134,131,130,123,122,163,151,110"
331,115u574,8,8,cpp,16689,1.893210958,1.894095583,0,0,"427,411,358,359,361,374,369,344,342,330,328,327,270,265,385,383,390,254,255,397,459,464,465,251,196,189,279,280,313,309,301,302,282,187,184,209,210,174,173,284,287,288,167,152,156,146,144,137,136,135,132,126,127,62,61,59,75,74,112,110,104,89,28,87,86,85,79,55,57,53,45,46,47,570,567,565,562,556,557,10,11,552,546,543,535,529,528,14,19,31,22,217,229,228,204,203,242,522,519,512,507,499,497,481,482,492,489,488,451,441,443,433,435,439,428"
332,115u574,8,8,julia,16689,2.391898375,2.428875417,0,0,"427,411,358,359,361,374,369,344,342,330,328,327,270,265,385,383,390,254,255,397,459,464,465,251,196,189,279,280,313,309,301,302,282,187,184,209,210,174,173,284,287,288,167,152,156,146,144,137,136,135,132,126,127,62,61,59,75,74,112,110,104,89,28,87,86,85,79,55,57,53,45,46,47,570,567,565,562,556,557,10,11,552,546,543,535,529,528,14,19,31,22,217,229,228,204,203,242,522,519,512,507,499,497,481,482,493,489,488,451,441,443,433,435,439,428"
333,157rat783,8,8,julia,3277,8.065046834,8.133854708,0,0,"39,83,86,108,148,169,180,193,237,246,263,295,323,330,313,328,366,393,398,397,387,372,363,350,347,309,300,281,259,243,212,196,166,140,149,156,168,162,160,161,183,221,242,257,258,280,299,320,331,338,370,391,392,408,409,416,440,463,475,473,474,467,450,460,480,509,531,544,549,594,636,646,662,686,716,743,752,750,715,740,779,769,747,754,736,756,757,759,768,746,717,705,689,684,651,610,593,578,589,612,627,665,685,652,632,604,574,542,557,555,534,528,514,494,472,462,484,505,510,481,444,422,400,389,355,343,327,301,276,238,241,215,171,146,122,114,99,96,51,36,16,17,11,57,75,73,76,63,35,30,61,53,68,43,27,12,5"
334,157rat783,8,8,cpp,3268,7.435412292,7.43675225,0,0,"39,83,86,108,148,169,180,193,237,246,263,296,313,328,366,393,441,460,470,480,509,531,544,549,607,634,636,663,672,701,693,686,743,782,781,780,749,748,765,725,709,683,706,712,756,757,744,760,768,733,708,677,647,644,626,596,585,550,525,505,483,481,444,422,400,389,355,343,327,301,276,238,241,235,204,194,221,242,257,258,280,289,324,345,349,332,344,359,374,390,409,408,425,432,459,494,514,528,534,586,602,599,613,604,574,526,493,463,458,473,449,439,411,377,361,348,336,319,307,282,281,286,225,212,196,166,140,149,156,168,162,160,155,152,122,114,99,96,51,36,16,17,11,57,75,73,76,35,30,49,61,53,68,43,27,12,5"
335,200dsj1000,1,1,cpp,9197745,12.040092167,12.042106459,0,0,"512,394,769,269,601,240,118,792,862,444,830,488,949,317,664,109,158,757,147,393,722,452,315,3,1,933,946,911,668,967,332,682,343,714,77,507,921,329,462,815,521,467,844,953,5,134,803,232,807,781,87,260,88,501,374,106,292,977,922,859,908,167,484,777,495,368,869,621,572,32,38,266,789,872,188,536,21,472,842,894,506,275,811,190,94,764,917,563,245,127,667,699,456,215,428,736,68,112,791,300,476,637,130,606,14,959,626,519,980,381,770,897,406,156,948,392,234,423,422,403,594,924,114,471,427,797,680,650,279,385,881,319,754,821,377,786,124,152,985,873,454,432,447,442,365,316,458,391,434,218,728,338,153,766,639,386,614,966,560,632,523,201,254,633,913,828,179,929,746,991,762,198,574,48,446,239,440,670,328,95,207,550,713,527,995,930,990,964,137,212,655,578,618,110,586,33,695,580,576,388"
336,200dsj1000,1,1,julia,9195156,15.880122833,16.066611375,0,0,"842,472,21,536,188,872,789,266,38,32,572,621,368,495,777,167,908,859,922,977,292,106,374,501,88,260,87,781,807,232,803,134,5,953,844,467,521,815,462,329,921,507,77,714,343,682,332,967,668,911,946,933,1,3,315,452,722,393,147,757,158,109,664,317,949,488,830,444,862,792,118,601,846,240,178,129,141,394,512,388,695,33,586,110,618,578,655,212,137,964,990,930,995,527,713,550,207,95,328,670,440,239,446,48,574,198,762,991,746,929,179,828,913,633,254,201,523,347,614,386,639,766,153,338,728,218,434,391,458,316,365,442,447,432,454,873,985,152,124,786,377,821,754,319,678,255,543,609,279,650,680,797,427,471,114,924,594,403,422,423,234,392,948,156,406,897,770,381,980,519,626,959,14,606,130,637,476,300,791,112,68,450,159,718,428,215,456,699,667,127,245,563,917,764,94,190,811,275,506,894"
337,31pr152,4,4,julia,51576,0.079495584,0.082476791,0,0,"11,5,10,6,9,17,42,65,87,81,86,82,60,83,109,117,118,119,121,122,113,89,71,77,91,50,35,33,13,12,4"
338,31pr152,4,4,cpp,51576,0.048660042,0.048791333,0,0,"11,5,10,6,9,17,42,65,87,81,86,82,60,83,109,117,118,119,121,122,113,89,71,77,91,50,35,33,13,12,4"
339,80rd400,3,3,cpp,6361,0.57773475,0.57841475,0,0,"92,329,386,72,381,178,226,21,202,8,114,136,75,275,129,292,344,362,31,22,47,34,153,212,5,150,287,41,172,163,316,88,394,399,277,339,199,24,173,397,358,155,191,179,209,318,228,312,382,231,257,285,160,248,167,54,337,398,73,133,363,276,321,324,85,137,149,32,309,142,369,230,217,11,220,387,124,188,392,15"
340,80rd400,3,3,julia,6361,0.812408042,0.830925875,0,0,"392,188,124,387,220,11,26,230,369,142,309,32,149,137,85,324,321,276,363,133,73,398,337,54,167,248,160,285,257,231,382,312,228,318,209,179,191,155,358,397,173,24,199,339,277,399,394,88,316,163,172,41,287,150,5,212,153,34,47,22,31,362,344,292,310,275,75,136,114,8,202,21,226,178,381,72,386,329,92,15"
341,32u159,2,2,julia,22664,0.085965417,0.089929333,0,0,"105,94,87,76,72,63,61,62,54,51,48,46,120,121,38,33,32,29,27,19,141,148,153,158,125,124,123,113,110,109,92,106"
342,32u159,2,2,cpp,22664,0.058206709,0.058364083,0,0,"92,109,110,113,123,124,125,158,153,148,141,19,27,29,32,33,38,121,120,46,48,51,54,62,61,63,72,76,87,94,105,106"
343,89pcb442,1,1,cpp,21657,0.99102975,0.992533584,0,0,"132,131,143,142,389,128,117,116,127,137,174,211,212,199,213,222,223,224,232,258,411,412,217,197,208,225,413,419,274,334,335,372,431,329,328,364,363,362,360,434,295,277,416,414,246,424,289,314,351,350,432,347,427,281,425,240,239,238,233,405,400,185,172,160,148,440,101,65,441,4,5,6,44,47,48,49,83,84,55,56,28,29,30,96,124,134,133,123,122"
344,89pcb442,1,1,julia,21657,1.309500625,1.332097125,0,0,"4,5,6,44,47,48,49,83,84,55,56,28,29,30,96,124,134,133,123,122,132,131,143,142,389,128,117,116,127,137,174,211,212,199,213,222,223,224,232,258,411,412,217,197,208,225,413,419,274,334,335,372,431,329,328,364,363,361,360,434,295,277,416,414,246,424,289,314,351,350,432,346,427,281,425,240,239,238,233,405,400,185,172,160,148,440,101,65,441"
345,36brg180,8,8,julia,4420,0.1135105,0.114920084,0,0,"8,12,13,58,59,2,55,54,69,31,30,67,27,26,64,65,42,43,71,38,39,61,50,51,4,46,47,0,17,16,6,20,21,10,34,35"
346,36brg180,8,8,cpp,4420,0.068300208,0.069347875,0,0,"13,0,32,33,62,57,56,68,69,53,52,60,45,44,65,41,40,64,29,28,8,21,20,10,24,25,90,16,17,36,37,4,48,49,6,12"
347,65rbg323,1,1,cpp,471,0.480994,0.486100125,0,0,"14,226,125,66,29,284,35,152,296,83,49,249,215,112,30,120,121,16,89,211,227,11,27,178,280,250,314,41,25,153,7,301,217,216,109,108,104,286,47,0,318,69,10,110,209,74,115,6,119,36,2,300,56,26,34,1,114,231,31,65,139,136,156,171,162"
348,65rbg323,1,1,julia,471,0.758371958,0.7647715,0,0,"121,16,26,41,296,102,29,49,112,30,35,1,318,47,0,110,286,115,6,280,284,114,231,31,65,139,14,226,125,315,314,27,178,56,34,152,90,11,69,10,89,51,119,36,301,136,156,171,162,255,216,109,108,104,209,74,2,300,83,25,153,7,249,215,120"
349,65rbg323,4,4,julia,471,0.616109458,0.622494416,0,0,"112,30,69,10,125,66,114,65,31,231,139,217,216,109,215,27,178,280,284,26,34,1,56,29,49,153,2,7,249,108,104,286,89,211,227,11,35,152,296,83,36,301,136,156,171,162,14,226,41,25,300,47,0,318,120,121,16,119,106,314,115,6,110,209,74"
350,65rbg323,4,4,cpp,471,0.492424583,0.497342125,0,0,"25,7,139,136,156,171,162,14,226,29,284,125,66,47,0,56,115,6,318,120,121,16,69,10,83,49,153,2,300,114,231,31,65,301,217,216,109,108,36,249,215,89,211,227,11,119,104,286,27,178,280,250,314,26,110,209,74,112,30,35,1,34,152,296,41"
351,40krob200,5,5,cpp,13111,0.0927125,0.093886917,0,0,"155,47,186,147,35,17,104,54,142,87,172,140,183,29,74,68,193,196,38,188,141,84,157,90,7,0,89,160,8,26,60,93,177,185,195,88,181,32,127,50"
352,40krob200,5,5,julia,13111,0.1420205,0.146974084,0,0,"17,35,147,186,47,155,50,127,32,181,88,195,185,177,93,60,26,8,89,11,97,28,90,157,84,141,188,38,196,193,68,74,29,183,140,172,87,142,54,104"
353,35si175,10,10,julia,5564,0.11199475,0.113570417,0,0,"151,163,122,123,130,131,134,140,137,167,112,147,102,101,86,44,82,95,37,78,36,7,9,1,2,17,19,3,28,27,66,72,73,108,110"
354,35si175,10,10,cpp,5564,0.062476125,0.06332425,0,0,"151,163,122,123,130,131,134,138,137,167,112,147,102,101,86,44,82,95,37,78,35,7,9,1,2,17,19,3,28,27,66,72,73,92,110"
355,35si175,6,6,cpp,5564,0.069519458,0.070390209,0,0,"107,73,72,66,27,28,3,19,17,2,1,9,7,34,78,37,95,82,44,86,101,102,147,112,167,137,138,134,131,130,123,122,163,151,110"
356,35si175,6,6,julia,5564,0.107994,0.109022333,0,0,"151,163,122,123,130,131,134,138,137,167,112,147,102,101,86,44,82,95,37,78,36,7,9,1,2,17,19,3,28,27,66,72,73,94,110"
357,157rat783,2,2,julia,3274,7.640577375,7.710506125,0,0,"39,83,86,108,148,169,180,193,237,246,263,296,313,328,366,393,398,411,377,361,348,336,319,307,287,286,256,225,212,196,166,140,149,156,168,162,160,161,183,221,242,257,258,280,289,324,345,346,332,344,359,374,390,418,440,463,475,473,464,467,450,460,480,509,531,544,549,594,636,646,662,686,716,743,752,750,715,740,779,761,747,754,736,756,757,764,768,746,717,705,689,684,651,610,585,578,589,612,627,665,685,652,632,604,574,542,557,555,534,528,514,494,472,429,425,432,484,505,510,481,444,422,400,389,355,343,327,301,276,238,241,215,171,146,122,114,99,96,51,36,16,17,11,57,75,73,76,63,35,30,61,53,68,43,27,12,5"
358,157rat783,2,2,cpp,3263,6.911080542,6.912359,0,0,"39,83,86,108,148,169,180,193,237,246,263,296,313,328,366,393,441,460,470,480,509,531,544,549,594,636,646,662,686,716,743,752,750,715,740,779,769,747,754,736,756,757,760,768,746,717,705,689,678,651,610,585,578,597,612,627,665,685,652,632,604,574,542,557,555,534,528,514,494,472,429,425,432,484,505,510,481,444,422,400,389,355,343,327,301,276,238,241,235,204,194,221,242,257,258,280,289,324,345,346,332,344,359,374,390,418,440,463,475,473,449,439,411,377,361,348,336,319,307,287,286,256,225,212,196,166,140,149,156,168,162,139,127,97,106,110,135,152,122,109,51,36,16,22,46,32,38,35,30,49,61,53,68,43,27,12,5"
359,107ali535,8,8,cpp,128653,1.880286792,1.886543791,0,0,"282,273,501,120,393,133,247,312,308,172,382,4,301,226,525,523,25,221,338,18,466,122,378,162,391,246,416,369,435,377,217,488,244,321,288,160,236,442,502,406,534,176,420,149,245,83,76,317,437,327,485,427,196,237,131,55,253,104,71,341,203,9,32,34,291,306,40,78,477,41,227,330,215,84,405,5,355,371,376,225,100,460,52,434,345,59,379,280,373,73,349,474,451,428,526,516,234,47,60,421,297,91,455,425,409,417,429"
360,107ali535,8,8,julia,128653,2.453161583,2.579420708,0,0,"338,221,25,523,525,226,301,4,382,172,308,312,247,133,393,120,501,273,282,429,417,409,507,455,91,297,421,60,47,356,516,526,428,451,471,349,73,373,280,379,59,345,434,52,460,100,225,376,371,355,5,405,84,215,330,227,41,477,78,152,306,291,34,32,9,203,341,71,104,253,55,131,237,196,427,485,327,437,317,76,83,245,149,420,176,534,406,502,442,236,160,288,321,244,488,217,377,435,369,416,246,391,162,378,122,466,18"
361,88pr439,2,2,julia,60099,1.216180084,1.238556875,0,0,"434,433,407,423,429,432,421,406,397,392,390,380,372,340,341,281,280,186,187,188,231,285,289,290,351,347,376,378,388,413,418,414,428,427,404,403,400,386,377,362,335,295,274,222,232,267,266,305,324,323,318,258,247,249,171,162,128,98,124,138,155,152,142,144,146,143,103,101,18,20,22,63,62,72,74,76,34,35,56,78,43,48,50,82,185,227,283,438"
362,88pr439,2,2,cpp,60099,0.963093917,0.963630041,0,0,"283,227,185,82,50,48,43,78,56,35,34,76,74,72,62,63,22,20,18,101,103,143,146,144,142,152,155,138,124,98,128,162,171,249,247,258,318,323,324,306,266,267,232,222,274,295,335,362,377,386,400,403,404,417,428,414,418,413,388,378,376,347,351,290,289,285,231,188,187,186,280,281,341,340,372,380,390,392,397,406,421,432,429,423,407,433,434,438"
363,40krob200,3,3,cpp,13111,0.094747625,0.095008625,0,0,"127,32,181,88,195,185,177,93,60,26,8,89,11,97,28,90,157,84,141,188,38,196,193,68,74,29,183,140,172,87,142,54,104,17,35,147,186,47,155,50"
364,40krob200,3,3,julia,13111,0.138516708,0.143541334,0,0,"155,47,186,147,35,17,104,54,142,87,172,140,183,29,74,68,193,196,38,188,141,84,157,90,28,97,11,89,8,26,60,93,177,185,195,88,181,32,127,50"
365,60pr299,1,1,julia,22615,0.412139125,0.424307166,0,0,"156,157,140,96,95,94,82,23,24,71,72,68,33,32,62,37,58,59,57,51,55,54,118,119,175,177,255,258,259,254,247,244,192,241,237,272,234,197,167,164,163,201,229,281,282,279,219,220,215,288,213,293,296,151,147,2,1,6,7,142"
366,60pr299,1,1,cpp,22615,0.346035,0.346339084,0,0,"156,157,140,96,95,94,82,23,24,71,72,68,33,32,62,37,58,59,57,51,55,54,118,119,175,177,255,258,259,254,247,244,192,241,237,272,234,197,167,164,163,227,229,281,282,279,219,220,215,288,213,293,296,151,147,2,1,6,7,142"
367,40kroa200,5,5,cpp,13406,0.092213333,0.092573666,0,0,"164,47,43,62,15,77,6,31,171,110,131,26,192,166,157,30,46,111,7,142,102,113,129,71,195,4,194,181,90,172,22,163,88,58,68,107,3,105,91,103"
368,40kroa200,5,5,julia,13406,0.137922834,0.142844625,0,0,"31,171,110,131,26,192,166,157,30,46,111,7,142,102,113,129,71,195,4,194,181,149,172,22,163,88,58,68,107,3,105,91,103,164,47,43,62,15,77,6"
369,35ftv170,1,1,julia,1205,0.09663175,0.101390208,0,0,"129,145,140,6,9,1,111,112,113,115,125,118,103,163,98,90,87,70,64,55,54,46,39,38,76,12,13,17,29,22,24,15,25,148,147"
370,35ftv170,1,1,cpp,1205,0.056257334,0.058536333,0,0,"76,11,12,13,21,29,22,23,15,150,149,147,136,145,140,6,2,111,112,113,115,125,118,102,163,98,90,87,69,64,56,54,47,39,38"
371,56a280,5,5,cpp,1079,0.237330167,0.237870875,0,0,"66,64,115,82,75,76,93,92,91,171,172,160,174,176,181,182,190,192,196,197,142,139,264,263,258,253,206,211,213,224,225,227,245,242,279,3,276,5,8,10,271,15,132,18,21,25,28,123,122,33,35,36,45,44,56,67"
372,56a280,5,5,julia,1079,0.347379459,0.356639542,0,0,"56,44,45,36,35,33,122,123,28,25,21,18,132,15,271,10,8,5,276,2,279,242,245,227,226,224,213,211,252,253,258,263,264,139,140,198,196,192,190,182,181,176,174,160,173,171,168,92,93,76,75,86,115,64,66,67"
373,107si535,3,3,julia,13502,2.140560458,2.14943775,0,0,"167,169,162,164,134,474,19,385,7,358,357,397,400,407,408,387,383,378,5,179,180,4,371,375,2,368,376,421,430,440,449,479,498,512,522,255,289,286,514,490,456,444,420,370,366,0,8,20,135,509,524,534,212,287,337,143,138,145,174,148,318,270,211,29,528,27,507,476,10,28,454,470,494,39,41,15,183,185,43,47,51,60,65,88,91,105,109,113,118,124,127,129,126,192,125,265,267,355,292,293,349,345,158,156,176,177,178"
374,107si535,3,3,cpp,13502,1.680543458,1.687585333,0,0,"28,11,470,494,39,14,15,183,185,42,49,18,60,65,88,91,105,109,113,116,124,127,129,126,192,125,265,267,355,292,293,349,345,159,154,176,177,178,167,168,162,164,134,474,19,385,7,358,357,397,400,407,408,403,402,360,5,179,180,4,371,375,2,368,376,421,417,440,449,479,480,512,522,255,289,286,514,490,456,444,420,370,366,0,8,20,135,509,524,534,212,287,337,137,138,145,174,148,333,281,209,29,528,27,507,476,10"
375,60pr299,7,7,cpp,22615,0.283701208,0.284111416,0,0,"156,157,140,96,95,94,82,23,24,71,72,68,33,32,62,37,58,59,57,51,55,54,118,121,174,177,255,258,259,254,247,244,192,241,237,272,234,197,167,164,163,201,229,281,282,279,219,220,215,288,213,293,296,151,147,2,1,6,7,142"
376,60pr299,7,7,julia,22615,0.450314167,0.46092825,0,0,"201,163,164,167,197,234,272,237,241,192,244,247,254,259,258,255,177,175,119,118,54,55,51,57,59,58,37,62,32,33,68,72,71,24,23,82,94,95,96,140,157,156,142,7,6,1,2,147,151,296,293,213,288,215,220,219,279,282,281,229"
377,201pr1002,6,6,julia,114311,16.313467417,16.42512625,0,0,"201,205,207,208,217,236,239,232,224,263,245,260,259,269,256,121,122,123,105,109,110,298,283,276,274,273,272,468,470,471,478,480,482,490,489,488,498,500,506,510,998,531,535,536,538,521,515,566,564,562,558,591,590,579,580,586,597,599,601,602,794,793,789,752,999,758,780,782,801,798,806,808,820,822,816,815,835,836,1001,859,863,864,851,850,894,893,892,890,885,884,926,925,904,913,912,929,930,936,938,954,941,943,951,964,965,967,700,692,986,987,682,674,673,668,665,664,723,721,713,706,736,735,730,731,615,623,650,653,657,659,354,353,348,345,341,336,395,393,386,387,378,408,411,374,633,632,628,609,606,447,450,452,429,427,423,422,403,402,288,295,308,309,312,330,331,28,24,31,32,59,57,53,71,67,11,6,3,2,0,75,74,78,77,95,132,131,139,142,143,148,994,251,153,164,166,171,172,178,179,182,995"
378,201pr1002,6,6,cpp,114311,10.957720708,10.959782375,0,0,"201,205,207,208,217,236,239,232,224,263,245,260,259,269,256,121,122,123,105,109,110,298,283,276,274,273,272,468,470,471,478,480,491,490,489,488,498,500,506,510,998,531,535,536,538,521,515,566,564,562,558,591,590,579,580,586,597,599,601,602,794,793,789,752,999,758,780,782,801,798,806,808,820,822,816,815,835,836,1001,859,863,864,851,850,894,893,892,888,885,884,926,925,904,913,912,929,930,936,938,954,941,943,951,964,965,967,700,692,986,987,682,674,673,668,665,664,723,721,713,706,736,735,730,731,615,623,622,653,657,659,354,353,348,345,340,336,395,393,386,387,378,408,411,374,633,632,628,609,606,447,450,452,429,427,423,422,403,402,288,295,308,309,312,330,331,25,24,31,32,59,57,53,71,67,11,6,3,2,0,75,74,78,77,95,132,131,139,142,143,148,994,251,153,164,166,171,172,178,179,182,995"
379,45ts225,2,2,cpp,68340,0.172985958,0.174188167,0,0,"127,128,29,31,34,37,39,162,58,56,54,177,77,201,202,104,105,108,207,85,211,212,116,117,120,222,221,95,92,91,66,67,70,172,47,148,147,20,141,142,14,13,9,5,4"
380,45ts225,2,2,julia,68340,0.225604375,0.231740042,0,0,"106,108,112,114,217,218,120,222,221,97,197,70,67,66,41,42,45,148,147,20,18,16,137,138,35,132,8,6,4,127,128,27,152,54,55,58,187,89,88,83,82,79,201,202,104"
381,45ts225,4,4,julia,68340,0.215840833,0.221773792,0,0,"127,128,29,31,33,38,39,162,58,55,54,177,178,77,202,104,107,108,207,85,211,212,116,117,120,222,221,95,92,91,66,68,70,172,47,148,147,20,141,142,14,12,9,5,4"
382,45ts225,4,4,cpp,68340,0.161807792,0.162034541,0,0,"4,7,9,13,14,142,141,20,147,148,47,172,70,69,66,91,92,95,221,222,120,118,116,212,211,85,207,108,105,104,202,201,77,177,54,55,58,162,39,37,33,31,29,128,127"
383,132d657,7,7,cpp,22498,4.563695333,4.565980542,0,0,"11,24,28,40,48,26,23,445,441,462,458,460,459,475,477,519,517,516,522,532,535,539,542,551,556,567,511,173,182,205,213,265,296,297,306,598,589,582,577,576,571,564,552,545,631,636,643,647,649,627,654,655,656,579,587,590,599,611,614,621,619,624,620,622,360,354,381,383,418,411,417,412,410,405,401,430,388,397,415,421,409,390,345,317,323,303,309,292,254,251,247,227,250,311,305,312,328,313,283,274,233,188,175,506,505,496,491,83,82,75,80,112,121,149,139,119,157,204,199,217,218,220,231,237,163,130,101,79,64,3,2,0"
384,132d657,7,7,julia,22498,4.622152459,4.670081584,0,0,"2,3,64,79,101,130,163,237,231,220,218,217,199,204,157,119,139,149,121,112,80,75,82,83,491,496,505,506,175,188,233,274,283,313,328,312,305,311,250,227,247,251,254,292,309,303,323,317,345,390,409,421,415,397,388,430,401,405,410,412,417,411,418,383,381,354,360,622,620,624,619,621,614,611,599,590,587,579,656,655,654,627,649,647,643,636,631,545,552,564,571,576,577,582,589,598,306,297,296,265,213,205,182,173,511,567,556,551,542,539,535,523,522,516,518,519,477,475,459,460,458,462,441,445,23,26,48,40,28,24,11,0"
385,145u724,4,4,julia,17281,7.566254833,7.626338,0,0,"0,723,721,10,3,712,702,701,709,700,699,16,109,110,114,62,103,649,121,118,122,640,647,651,116,107,66,87,88,93,95,21,92,28,38,35,676,665,663,662,618,152,607,605,591,558,574,573,549,187,556,588,133,601,583,584,282,283,130,281,270,258,523,264,520,525,210,252,211,502,353,503,497,343,345,215,207,220,253,195,200,204,227,321,331,322,496,491,490,489,477,295,292,294,293,364,414,430,432,452,462,459,418,417,467,363,402,471,367,375,382,393,394,396,309,314,305,303,333,327,240,237,201,537,561,559,179,178,143,141,165,153,621,611,612,672,681,670,48,684,31,94,25,13,11"
386,145u724,4,4,cpp,17281,4.020902209,4.022109,0,0,"11,13,25,94,31,684,48,670,681,672,612,611,621,153,165,141,144,178,179,559,561,537,201,237,240,327,333,303,305,314,309,396,394,393,382,375,367,471,402,363,467,417,418,459,462,452,432,430,414,364,293,294,292,295,477,489,490,491,496,322,331,321,227,204,200,195,253,220,207,215,345,343,497,503,353,502,211,252,210,525,520,264,523,258,270,281,130,283,282,584,583,601,133,588,556,187,549,573,574,558,591,605,607,152,618,662,663,665,676,35,38,28,92,21,95,93,88,87,66,107,116,651,647,640,122,118,121,649,69,62,114,110,109,16,699,700,709,701,702,712,3,10,721,723,0"
387,157rat783,6,6,cpp,3273,6.534943875,6.5363105,0,0,"63,35,30,61,53,68,43,27,12,5,39,83,86,108,148,169,180,193,237,246,263,296,313,328,366,393,441,460,478,470,453,474,487,508,545,549,573,594,636,646,662,686,716,743,752,750,715,740,779,769,765,739,699,652,650,665,706,712,756,757,744,760,768,733,687,677,647,644,626,596,585,550,510,481,465,457,422,400,389,355,343,327,301,276,238,241,235,204,194,221,242,257,258,280,299,320,331,338,370,404,429,459,462,491,512,514,528,534,586,602,599,604,574,526,493,463,440,418,390,371,350,347,363,384,387,377,361,319,307,287,286,256,225,212,196,166,140,149,163,168,162,151,150,152,122,114,99,96,51,36,16,17,11,57,75,73,76"
388,157rat783,6,6,julia,3274,6.212169667,6.280705458,0,0,"12,27,43,68,53,61,49,30,35,76,73,75,57,11,17,16,36,51,96,99,114,122,146,179,215,241,238,276,301,327,343,355,389,400,422,444,481,510,505,484,432,425,429,459,494,514,528,534,555,557,542,574,604,632,652,685,665,627,612,597,578,593,610,651,684,689,705,717,746,768,759,757,756,736,754,747,761,779,740,715,750,752,743,716,686,662,646,636,594,549,544,531,509,480,460,450,467,464,473,475,463,440,418,390,374,359,344,332,349,345,324,289,280,258,257,242,221,183,161,160,162,168,156,149,140,166,196,212,225,256,286,287,307,319,336,348,361,377,411,398,393,366,328,313,296,263,246,237,193,180,169,148,108,86,83,39,5"
389,200dsj1000,5,5,julia,9188188,16.072423,16.271359166,0,0,"506,275,811,190,94,764,917,563,245,127,667,699,456,215,428,736,68,112,791,300,476,637,130,606,14,959,626,519,980,381,770,897,406,156,948,392,234,423,422,403,594,924,114,471,427,797,680,650,279,609,543,255,678,319,754,821,377,786,124,152,985,873,454,432,447,442,365,316,458,391,434,218,728,338,153,766,639,386,614,347,523,201,254,633,913,828,179,929,746,991,762,198,574,48,446,239,440,670,328,95,207,550,713,527,995,930,990,964,137,212,655,578,618,110,586,33,695,580,576,388,512,394,769,601,846,404,470,792,118,735,164,293,688,488,34,845,812,798,424,750,998,18,745,147,393,722,505,288,902,3,401,888,682,343,714,77,507,921,329,462,521,815,844,953,5,134,803,232,807,781,87,260,88,501,374,106,292,977,922,859,908,167,484,777,495,368,869,621,572,32,38,266,789,872,188,536,21,472,842,894"
390,200dsj1000,5,5,cpp,9205295,12.387892292,12.389800792,0,0,"819,667,674,127,215,871,589,360,720,21,472,553,188,872,789,266,32,572,621,869,368,495,463,88,260,87,781,807,232,803,134,5,953,844,815,521,462,329,921,507,77,714,343,682,888,401,3,902,288,505,722,393,147,745,18,998,750,424,798,812,845,34,488,688,293,164,735,118,792,165,838,40,292,997,908,567,414,479,240,601,269,769,394,512,388,182,695,33,586,110,618,578,655,212,137,964,990,930,995,527,713,550,207,95,328,670,440,239,446,48,574,198,762,991,746,929,179,828,913,633,254,201,523,347,614,386,639,766,153,338,728,218,434,391,458,316,365,442,447,432,454,873,985,152,124,786,377,821,754,319,678,255,543,609,279,650,680,797,427,471,114,924,594,403,855,13,16,638,68,112,791,422,423,234,392,948,156,406,897,770,381,980,519,626,959,806,971,74,637,130,606,362,917,764,94,190,811,275,506,894"
391,134gr666,9,9,cpp,163028,4.067877875,4.074957625,0,0,"293,250,242,238,140,234,17,16,308,309,0,464,463,437,462,465,466,473,532,536,538,550,555,552,573,572,576,579,583,590,585,591,596,599,609,610,611,622,485,619,476,477,480,478,1,2,4,11,10,8,19,24,25,28,35,55,63,68,75,76,82,81,85,136,96,97,92,664,663,661,662,660,659,653,654,655,656,657,658,635,636,638,646,647,640,641,642,644,648,665,107,115,114,116,117,125,124,129,130,169,168,170,148,183,187,189,193,206,216,217,220,224,211,214,230,232,231,233,202,201,200,160,163,504,514,459,491,490,416,413,407,403,347,299"
392,134gr666,9,9,julia,164429,4.842765667,5.034362208,0,0,"648,644,642,641,640,647,646,638,636,593,585,590,583,579,576,572,573,552,555,550,538,536,532,473,466,465,462,437,463,464,0,309,308,16,17,234,140,238,242,250,293,299,328,403,407,413,416,490,491,459,514,504,163,160,200,201,202,233,231,232,230,214,211,224,219,207,194,189,187,183,148,170,168,169,216,217,123,129,133,135,136,81,82,76,75,68,63,55,35,28,25,24,19,8,10,11,4,2,1,478,480,477,476,619,485,622,611,610,609,599,597,635,658,657,656,655,654,653,659,660,662,661,663,664,92,95,99,101,102,117,114,115,107,665"
393,131p654,1,1,julia,27428,2.940742083,2.990802959,0,0,"548,533,534,551,553,554,557,558,559,113,125,149,153,177,189,101,99,98,97,96,95,93,91,92,89,81,85,86,84,83,80,76,73,75,78,77,74,561,562,563,565,568,570,547,571,213,229,245,265,281,285,105,104,103,72,71,70,69,67,68,66,65,64,62,9,8,7,6,12,10,61,13,34,29,22,24,23,25,33,37,40,42,46,47,48,49,52,50,51,56,59,58,57,17,18,463,477,461,425,417,405,653,629,652,651,647,645,644,642,379,355,347,327,319,298,586,585,607,582,581,580,578,576,573,15,16,14,4,3,1,0"
394,131p654,1,1,cpp,27428,2.290121208,2.29127125,0,0,"548,533,534,551,552,554,557,558,559,117,121,145,161,181,189,101,99,98,97,96,95,93,91,92,89,81,85,86,84,83,80,76,73,75,78,77,74,561,562,564,565,567,546,547,571,213,225,233,269,281,285,105,104,103,72,71,70,69,67,68,66,65,64,62,9,8,7,6,12,10,61,13,34,29,22,24,23,25,33,37,40,42,46,47,48,49,52,50,51,56,59,58,57,17,18,454,477,457,425,413,397,653,629,627,650,647,645,644,643,379,363,347,335,323,298,586,585,607,582,581,580,578,575,573,15,16,14,4,3,1,0"
395,60pr299,10,10,cpp,22615,0.338342542,0.338735417,0,0,"7,6,1,2,147,151,296,293,213,288,215,220,219,279,282,281,229,201,163,164,167,197,234,272,237,241,192,244,247,254,259,258,255,177,174,121,118,54,55,51,57,59,58,37,62,32,33,68,72,71,24,23,82,94,95,96,140,157,156,142"
396,60pr299,10,10,julia,22615,0.415324041,0.426027083,0,0,"156,157,140,96,95,94,82,23,24,71,72,68,33,32,62,37,58,59,57,51,55,54,118,121,174,177,255,258,259,254,247,244,192,241,237,272,234,197,167,164,163,227,229,281,282,279,219,220,215,288,213,293,296,151,147,2,1,6,7,142"
397,39rat195,10,10,julia,854,0.137858959,0.143309125,0,0,"44,55,53,66,81,82,94,106,119,132,157,170,172,174,189,192,193,165,151,153,140,127,126,115,101,87,75,63,62,49,36,35,23,7,3,2,14,15,29"
398,39rat195,10,10,cpp,854,0.103978167,0.104153542,0,0,"15,14,2,3,7,23,35,36,49,62,63,75,87,101,115,126,127,140,153,151,165,193,192,189,174,173,170,157,132,119,106,94,82,81,66,53,55,44,29"
399,46pr226,9,9,cpp,64007,0.107955791,0.109136875,0,0,"1,7,71,70,68,65,64,18,19,63,56,55,49,20,21,27,48,47,45,42,41,38,39,40,93,143,150,156,160,171,182,185,190,194,202,212,217,221,131,132,106,113,79,78,72,0"
400,46pr226,9,9,julia,64007,0.162593625,0.168762041,0,0,"1,7,71,70,68,65,64,18,19,63,56,55,49,20,21,27,48,47,45,42,41,38,39,40,93,143,150,156,161,167,179,185,192,194,204,207,217,221,131,132,106,113,79,78,72,0"
401,53pr264,1,1,julia,29549,0.243984583,0.25340575,0,0,"120,37,38,39,41,42,44,56,49,54,124,149,151,233,226,159,160,161,147,163,224,236,263,218,217,175,178,184,183,253,261,256,257,202,197,195,134,131,88,82,81,6,11,12,73,103,70,23,25,24,109,112,128"
402,53pr264,1,1,cpp,29549,0.17291525,0.1731705,0,0,"120,36,38,39,41,42,44,56,49,54,124,149,151,233,227,159,160,161,147,163,162,236,263,218,217,175,178,184,183,253,261,256,257,202,201,195,134,131,88,82,81,6,11,12,73,103,69,23,25,66,109,112,128"
403,200dsj1000,3,3,cpp,9198230,11.516051958,11.517917167,0,0,"506,275,811,190,94,764,917,563,245,127,667,699,456,215,428,736,68,112,791,300,476,637,130,606,14,959,626,519,980,381,770,897,406,156,948,392,234,423,422,403,594,924,114,471,427,797,680,650,279,385,881,319,754,821,377,786,124,152,985,873,454,432,447,442,365,316,458,391,434,218,728,338,153,766,639,386,614,966,560,632,523,201,254,633,913,828,179,929,746,991,762,198,574,48,446,239,440,670,328,95,207,550,713,527,995,930,990,964,137,212,655,578,618,110,586,33,695,580,576,388,512,394,769,269,601,240,118,792,862,444,830,488,949,317,664,109,158,757,147,393,722,452,505,288,902,3,955,946,468,967,332,682,343,714,77,507,921,329,462,815,521,467,844,953,5,134,803,232,807,781,87,260,88,501,374,106,292,977,922,859,908,167,484,777,495,368,869,621,572,32,38,266,789,872,188,536,21,472,842,894"
404,200dsj1000,3,3,julia,9212593,16.473130166,16.657110333,0,0,"506,275,811,190,94,764,917,362,606,130,637,74,971,806,959,626,519,980,381,770,897,406,156,948,392,234,423,422,791,112,68,638,16,13,855,403,594,924,114,471,427,797,680,650,279,609,543,255,678,319,754,821,377,786,124,152,985,873,454,432,447,442,365,316,458,391,434,218,728,338,153,766,639,386,614,347,523,201,254,633,913,828,179,929,746,991,762,198,574,48,446,239,440,670,328,95,207,550,713,527,995,930,990,964,137,212,655,578,618,110,586,33,695,388,512,394,141,129,178,240,846,601,118,792,849,164,293,688,488,34,845,812,798,424,750,998,18,745,147,393,722,505,288,902,3,401,888,682,343,714,77,507,921,329,462,521,815,844,953,5,134,803,232,807,781,87,260,88,463,321,40,262,136,922,859,908,975,495,368,869,621,572,32,266,789,872,188,553,472,21,720,360,589,871,215,127,674,667,819,894"
405,115rat575,8,8,julia,2399,3.443290875,3.481606041,0,0,"555,532,531,507,506,484,485,487,489,490,467,443,419,440,416,393,369,347,348,324,300,278,234,212,211,186,185,184,162,141,140,118,95,71,47,24,25,27,29,32,10,33,12,14,16,17,44,67,113,110,133,109,85,82,81,78,99,100,124,146,169,171,172,151,176,178,179,181,180,226,227,274,297,320,343,341,338,315,313,291,265,264,263,262,284,307,352,375,377,379,380,383,405,427,451,452,431,411,388,413,435,457,480,502,525,550,571,568,566,542,519,517,516,559,557"
406,115rat575,8,8,cpp,2399,2.061890458,2.062705166,0,0,"559,516,517,519,542,566,568,571,550,525,502,480,457,435,413,388,411,432,452,451,427,405,383,380,379,377,375,352,307,284,262,263,264,265,291,313,314,338,341,343,320,297,274,227,226,180,181,179,178,176,151,172,171,169,146,124,100,99,78,81,82,85,109,133,110,113,67,44,17,16,14,12,33,10,32,29,27,25,24,47,71,95,118,140,141,162,184,185,186,211,212,234,278,300,324,348,347,369,393,416,440,419,443,467,490,489,487,485,484,506,507,531,532,555,557"
407,107ali535,5,5,cpp,128639,2.076029375,2.081401875,0,0,"466,122,378,162,391,246,416,369,435,377,217,488,244,321,288,160,236,442,502,406,109,149,176,470,41,2,252,78,245,83,76,317,437,327,485,427,196,237,131,55,253,104,71,341,203,9,32,232,34,101,408,453,372,330,215,84,405,5,355,371,376,225,219,199,345,59,379,280,373,73,349,474,451,428,526,516,356,47,60,421,297,91,455,507,409,417,429,282,273,501,120,393,133,247,312,308,172,382,4,301,226,525,523,25,221,338,18"
408,107ali535,5,5,julia,128653,2.408448125,2.532940625,0,0,"338,221,25,523,525,226,301,4,382,172,308,312,247,133,393,120,501,273,282,429,417,409,507,455,91,297,421,60,47,234,516,526,428,451,471,349,73,373,280,379,59,345,434,52,460,100,225,258,371,355,5,405,84,215,330,227,41,477,78,152,306,291,34,32,9,203,341,71,104,253,55,131,237,196,427,485,327,437,317,76,83,245,149,420,176,534,406,502,442,236,160,288,321,244,488,217,377,435,369,416,246,391,162,378,122,466,18"
409,113pa561,6,6,julia,1038,2.359479083,2.368156125,0,0,"291,298,300,307,306,305,303,321,315,314,311,310,309,261,256,253,259,258,252,202,213,208,205,101,103,81,82,85,73,64,22,30,19,18,11,36,43,42,70,56,180,182,187,189,190,214,137,220,222,240,229,228,237,236,250,248,251,286,285,283,558,557,553,547,546,544,545,472,475,478,468,445,443,387,448,449,393,396,372,369,368,363,379,427,341,356,352,335,332,330,0,152,155,162,164,139,165,480,482,485,408,410,416,458,515,503,508,506,239,266,272,271,278"
410,113pa561,6,6,cpp,1038,1.931556375,1.937499333,0,0,"512,503,508,506,240,222,220,137,214,190,189,187,182,180,56,70,46,42,36,35,11,18,21,30,64,73,85,82,81,88,101,205,208,213,203,252,258,259,253,256,261,309,310,311,318,315,319,303,305,306,307,300,298,277,278,271,272,266,245,239,228,237,236,250,248,251,281,284,283,558,557,553,552,546,544,545,549,475,478,468,446,443,387,448,449,395,396,372,369,368,363,379,427,341,356,352,350,332,323,0,152,155,162,164,139,165,480,482,485,408,413,416,458"
411,131p654,6,6,cpp,27428,2.410123292,2.4112955,0,0,"65,66,68,67,69,70,71,72,103,104,105,285,281,253,241,221,213,571,547,570,566,565,563,562,561,74,77,78,75,73,76,80,83,84,86,85,81,89,92,91,93,95,96,97,98,99,101,189,185,157,133,121,117,559,558,556,554,552,551,534,533,548,0,1,3,4,14,16,15,573,575,578,579,581,582,607,585,586,307,319,339,347,371,379,588,590,593,594,596,598,600,601,407,411,436,456,477,454,18,17,57,58,59,56,51,50,52,49,48,47,46,42,40,37,33,25,23,24,22,29,34,13,61,10,12,6,7,8,9,62,64"
412,131p654,6,6,julia,27428,3.190383458,3.23727275,0,0,"469,461,433,417,409,653,629,627,650,647,645,644,642,383,363,347,339,323,307,586,585,607,582,581,580,578,574,573,15,16,14,4,3,1,0,548,533,534,551,552,554,557,558,559,117,121,145,153,181,189,101,99,98,97,96,95,93,91,92,89,81,85,86,84,83,80,76,73,75,78,77,74,561,562,564,565,567,570,547,571,209,229,237,273,277,285,105,104,103,72,71,70,69,67,68,66,65,64,62,9,8,7,6,12,10,61,13,34,28,22,24,23,25,33,37,40,42,46,47,48,49,52,50,51,56,59,58,57,17,18,477"
413,40krob200,4,4,julia,13111,0.139241542,0.144123708,0,0,"127,32,181,88,195,185,177,93,60,26,8,160,89,0,7,90,157,84,141,188,38,196,193,68,74,29,183,140,172,87,142,54,104,17,35,147,186,47,155,50"
414,40krob200,4,4,cpp,13111,0.09409325,0.09427675,0,0,"155,47,186,147,35,17,104,54,142,87,172,140,183,29,74,68,193,196,38,188,141,84,157,90,28,97,11,89,8,26,60,93,177,185,195,88,181,32,127,50"
415,200dsj1000,2,2,cpp,9203361,11.128495667,11.130362375,0,0,"506,275,811,190,94,764,917,563,245,127,667,699,456,215,428,718,159,450,68,112,791,300,476,637,130,606,14,959,626,519,980,381,770,897,406,156,948,392,234,423,422,403,594,924,114,755,679,839,586,989,994,137,212,856,797,427,680,650,279,609,543,255,678,319,754,821,377,786,124,152,985,873,454,432,447,442,365,316,458,391,434,218,728,338,153,766,639,386,614,347,523,201,254,633,913,828,179,929,746,991,762,198,574,48,446,239,440,670,328,95,207,550,713,527,995,930,990,512,394,827,388,301,326,548,580,240,846,601,118,792,862,444,830,488,949,317,664,109,158,757,147,393,722,452,315,3,1,933,946,911,668,967,332,682,343,714,77,507,921,329,462,815,521,467,844,953,5,134,803,232,807,781,87,260,88,501,374,106,292,977,922,859,908,167,777,495,368,621,572,32,38,266,789,872,188,536,21,472,842,894"
416,200dsj1000,2,2,julia,9188188,16.442445292,16.626632167,0,0,"842,472,21,536,188,872,789,266,38,32,572,621,869,368,495,777,484,167,908,859,922,977,292,106,374,501,88,260,87,781,807,232,803,134,5,953,844,815,521,462,329,921,507,77,714,343,682,888,401,3,902,288,505,722,393,147,745,18,998,750,424,798,812,845,34,488,688,293,164,735,118,792,470,404,846,601,769,394,512,388,576,580,695,33,586,110,618,578,655,212,137,964,990,930,995,527,713,550,207,95,328,670,440,239,446,48,574,198,762,991,746,929,179,828,913,633,254,201,523,347,614,386,639,766,153,338,728,218,434,391,458,316,365,442,447,432,454,873,985,152,124,786,377,821,754,319,678,255,543,609,279,650,680,797,427,471,114,924,594,403,422,423,234,392,948,156,406,897,770,381,980,519,626,959,14,606,130,637,476,300,791,112,68,736,428,215,456,699,667,127,245,563,917,764,94,190,811,275,506,894"
417,81rbg403,6,6,julia,1170,0.813656166,0.824032791,0,0,"17,235,38,211,78,24,233,324,193,175,384,383,145,101,32,274,272,115,127,188,7,69,194,380,42,179,23,62,123,177,345,37,65,67,238,229,106,254,33,174,185,90,248,35,361,51,60,44,105,19,110,186,375,149,347,128,162,108,120,222,111,182,100,129,135,270,241,112,47,77,31,214,82,247,158,58,283,109,171,252,183"
418,81rbg403,6,6,cpp,1170,0.53923175,0.546915709,0,0,"7,101,105,19,77,31,214,283,65,384,383,67,135,270,100,108,120,233,380,222,250,177,174,194,324,188,299,60,98,238,229,62,345,37,361,347,42,111,252,241,112,47,115,179,23,69,82,247,106,123,254,186,183,17,248,78,235,171,129,211,182,109,90,157,58,33,375,110,128,175,193,24,35,127,162,38,32,274,272,41,149"
419,200dsj1000,10,10,cpp,9187884,11.648593625,11.6506555,0,0,"842,472,21,536,188,872,789,266,38,32,572,621,368,495,777,167,908,859,922,977,292,106,374,501,88,260,87,781,807,232,803,134,5,953,844,815,521,462,329,921,507,77,714,343,682,888,401,3,902,288,505,722,393,147,745,18,998,750,424,798,812,845,34,488,688,293,164,735,118,792,470,404,846,601,769,394,512,388,576,580,695,33,586,110,618,578,655,212,137,964,990,930,995,527,713,550,207,95,328,670,440,239,446,48,574,198,762,991,746,929,179,828,913,633,254,201,523,347,614,386,639,766,153,338,728,218,434,391,458,316,365,442,447,432,454,873,985,152,124,786,377,821,754,319,678,255,543,609,279,650,680,797,427,471,114,924,594,403,422,423,234,392,948,156,406,897,770,381,980,519,626,959,14,606,130,637,476,300,791,112,68,450,159,718,428,215,456,699,667,127,245,563,917,764,94,190,811,275,506,894"
420,200dsj1000,10,10,julia,9213925,15.39060325,15.573611542,0,0,"506,275,811,190,94,764,917,563,245,127,667,699,456,215,428,736,68,112,791,300,476,637,130,606,14,959,626,519,980,381,770,897,406,156,948,392,234,423,422,403,594,924,114,755,679,839,586,989,994,137,212,856,797,427,680,650,279,385,881,177,821,295,775,97,377,786,906,873,454,432,447,442,365,316,458,391,483,728,648,861,153,766,639,386,614,966,560,632,523,201,254,633,913,828,179,929,746,991,762,198,574,48,446,239,440,670,328,95,207,550,713,527,995,930,990,512,394,827,388,301,326,548,580,240,846,601,118,792,862,444,830,488,949,317,664,109,158,757,147,393,722,452,505,288,902,3,955,946,468,967,332,682,343,714,77,507,921,329,462,815,521,467,844,953,5,134,803,232,807,781,87,260,88,501,374,106,292,977,922,859,908,167,484,777,495,368,869,621,572,32,38,266,789,872,188,536,21,472,842,894"
421,40d198,6,6,julia,10557,0.144051375,0.149729959,0,0,"2,4,9,10,70,55,54,53,61,75,90,105,110,117,122,138,157,158,137,130,126,136,171,165,190,186,194,193,174,175,181,167,166,24,20,21,16,14,39,0"
422,40d198,6,6,cpp,10557,0.091902833,0.092106208,0,0,"39,14,16,21,20,24,166,167,181,175,174,193,194,186,190,165,171,136,126,130,137,158,157,138,122,117,110,105,90,75,61,53,54,55,70,10,9,4,2,0"
423,115u574,6,6,cpp,16689,1.894687375,1.896652834,0,0,"427,411,358,359,361,374,369,344,342,330,328,327,270,265,385,383,390,254,255,397,459,464,465,251,196,189,279,280,313,309,308,307,305,294,291,284,173,175,174,167,152,156,146,144,137,136,135,132,126,127,62,61,59,75,74,112,110,104,89,28,87,86,85,79,55,57,53,45,46,47,570,567,565,562,556,557,10,11,552,546,543,535,529,528,14,19,31,22,217,229,230,232,208,185,205,203,242,522,519,512,507,499,497,481,482,493,489,488,451,441,443,433,435,439,428"
424,115u574,6,6,julia,16689,2.295590208,2.331703167,0,0,"439,435,433,443,441,451,488,489,492,482,481,497,499,507,512,519,522,242,203,205,185,208,232,230,229,217,22,31,19,14,528,529,535,543,546,552,11,10,557,556,562,565,567,570,47,46,45,53,57,55,79,85,86,87,28,89,104,110,112,74,75,59,61,62,127,126,132,135,136,137,144,146,156,152,167,174,175,173,284,291,295,304,307,308,309,313,280,279,189,196,251,465,464,459,397,255,254,390,383,385,265,270,327,328,330,342,344,369,374,361,359,358,411,427,428"
425,134gr666,2,2,julia,163765,5.413873834,5.600139041,0,0,"648,644,642,641,640,647,646,638,636,593,585,590,583,579,576,572,573,552,555,551,541,536,526,525,519,459,454,486,157,158,160,164,200,201,202,233,231,232,230,214,211,224,220,217,216,206,193,189,187,183,148,170,172,166,139,234,235,250,244,260,285,289,321,316,311,0,309,308,17,15,11,30,32,27,25,24,19,7,4,2,1,478,480,477,464,463,462,465,466,473,475,619,485,622,611,610,609,599,597,635,658,657,656,655,654,653,659,660,662,661,663,664,97,95,92,62,66,65,75,76,82,81,136,135,133,129,124,125,117,116,114,115,107,665"
426,134gr666,2,2,cpp,164361,3.243115,3.249164333,0,0,"217,216,207,219,224,211,214,230,232,231,233,202,201,200,163,159,160,191,190,187,183,148,170,172,166,139,234,235,250,266,267,293,299,403,407,413,416,490,459,519,525,526,536,541,551,555,552,563,606,473,466,465,462,437,463,464,0,309,308,17,15,11,30,32,27,25,24,19,7,4,2,1,478,480,477,476,619,485,621,622,600,599,597,571,576,579,583,590,585,593,636,635,658,657,656,638,646,647,640,641,642,644,651,655,654,653,659,660,662,661,663,664,97,95,92,62,66,65,75,76,82,81,136,135,133,129,124,125,117,116,114,115,107,665"
427,115u574,10,10,cpp,16689,1.8580215,1.859030333,0,0,"439,435,433,443,441,451,488,489,493,482,481,497,499,507,512,519,522,242,203,204,228,229,217,22,31,19,14,528,529,535,543,546,552,11,10,557,556,562,565,567,570,47,46,45,53,57,55,79,85,86,87,28,89,104,110,112,74,75,59,61,62,127,126,132,135,136,137,144,146,156,152,167,288,287,284,173,174,210,209,184,187,282,302,300,309,313,280,279,189,196,251,465,464,459,397,255,254,390,383,385,265,270,327,328,330,342,344,369,374,361,359,358,411,427,428"
428,115u574,10,10,julia,16689,2.666524417,2.702859959,0,0,"427,411,358,359,361,374,369,344,342,330,328,327,270,265,385,383,390,254,255,397,459,464,465,251,196,189,279,280,312,309,308,307,304,295,291,284,173,175,174,167,152,156,146,144,137,136,135,132,126,127,62,61,59,75,74,112,110,104,89,28,87,86,85,79,55,57,53,45,46,47,570,567,565,562,556,557,10,11,552,546,543,535,529,528,14,19,31,22,217,229,230,232,208,185,205,203,242,522,519,512,507,499,497,481,482,492,489,488,451,441,443,433,435,439,428"
429,56a280,9,9,julia,1079,0.326397541,0.336176125,0,0,"56,44,45,36,35,33,122,123,28,25,21,18,132,15,271,10,8,5,276,3,279,244,245,227,226,224,213,211,252,253,258,263,264,139,140,197,196,192,190,182,181,176,174,160,173,171,168,92,93,76,75,82,115,64,66,67"
430,56a280,9,9,cpp,1079,0.231255667,0.231518625,0,0,"244,245,227,226,224,213,211,252,253,258,263,264,139,140,197,196,192,190,182,175,176,174,160,173,170,169,92,93,76,75,82,115,64,66,67,56,44,45,36,35,33,122,123,28,25,21,18,132,15,271,10,8,5,276,2,279"
431,39rat195,8,8,cpp,854,0.098830833,0.09997375,0,0,"15,14,2,3,7,23,35,36,49,62,63,75,87,101,115,126,127,140,153,151,166,193,192,189,174,172,170,157,132,119,106,94,82,81,66,53,55,44,29"
432,39rat195,8,8,julia,854,0.140715625,0.145452209,0,0,"15,14,2,4,7,23,35,36,49,62,63,75,87,101,115,113,127,140,153,151,165,193,192,189,174,173,170,157,132,119,106,94,82,81,66,53,55,44,29"
433,65rbg323,5,5,julia,471,0.757443583,0.765117834,0,0,"26,27,178,114,231,31,65,139,217,216,109,215,29,284,112,30,120,121,16,110,286,41,25,153,2,300,314,47,0,56,125,66,115,6,280,250,318,83,49,249,108,36,34,1,35,152,296,119,104,209,74,7,301,136,156,171,162,14,226,69,10,89,211,227,11"
434,65rbg323,5,5,cpp,471,0.447581917,0.452413125,0,0,"112,30,114,65,301,171,162,255,216,109,108,25,153,2,300,69,10,26,35,152,1,318,27,178,280,284,34,296,41,135,83,36,7,31,231,139,136,156,14,226,115,6,314,110,286,125,315,56,119,104,209,74,47,0,120,121,16,89,211,227,11,29,49,249,215"
435,201pr1002,3,3,cpp,114311,10.427223167,10.430667959,0,0,"182,179,178,172,171,166,154,153,251,994,148,143,142,139,131,132,95,77,78,74,75,0,2,3,6,11,67,71,53,57,59,32,31,24,28,331,330,312,309,308,295,288,402,403,422,423,427,429,452,450,447,606,609,628,632,633,374,411,408,378,387,386,393,395,336,340,345,348,353,355,659,657,653,622,623,615,731,730,735,736,706,713,721,723,664,665,668,673,674,682,987,986,692,700,967,965,964,951,943,941,954,938,936,930,929,912,913,904,925,926,884,885,888,892,893,894,850,851,864,863,859,1001,836,835,815,816,822,820,808,806,798,801,782,780,758,999,752,789,793,794,602,601,599,597,586,580,579,571,591,558,562,564,566,515,521,538,536,535,531,998,510,506,500,498,488,489,490,482,480,478,471,470,468,272,273,274,276,283,298,110,109,105,123,122,121,256,269,259,260,245,263,224,232,239,236,217,208,207,205,201,995"
436,201pr1002,3,3,julia,114394,12.915788,13.03218725,0,0,"201,205,207,208,217,236,239,232,224,263,245,260,259,269,256,121,122,123,105,109,110,298,283,276,274,273,272,468,470,471,478,480,491,490,489,488,498,500,506,510,998,531,535,536,538,521,515,566,564,562,558,590,588,587,575,579,585,584,454,455,431,433,630,627,608,604,602,601,600,794,793,789,752,999,758,780,782,801,798,806,808,820,822,816,815,835,836,1001,859,863,864,851,850,894,893,892,890,885,884,926,925,904,913,912,929,930,936,938,954,941,943,951,964,965,967,700,692,986,987,682,674,673,668,665,664,723,721,713,706,736,735,730,731,615,623,636,637,639,643,657,659,354,353,348,345,341,336,395,393,386,387,378,410,409,420,422,403,402,288,295,308,309,312,330,331,28,24,31,32,59,57,53,71,67,11,6,3,2,0,75,74,78,77,95,132,131,139,142,143,148,994,251,153,164,166,171,172,178,179,182,995"
437,89pcb442,3,3,julia,21657,1.342660333,1.365855375,0,0,"65,101,440,148,160,172,185,400,405,233,238,239,240,425,281,427,347,432,350,351,314,289,424,246,414,416,277,295,434,360,362,363,364,328,329,431,372,335,334,274,419,413,225,208,197,217,412,411,258,232,224,223,222,213,199,212,211,174,137,127,116,117,128,389,142,143,131,132,122,123,133,134,124,96,30,29,28,56,55,84,83,49,48,47,44,6,5,4,441"
438,89pcb442,3,3,cpp,21657,0.9302045,0.930786417,0,0,"4,5,6,44,46,48,49,83,84,55,56,28,29,30,96,124,134,133,123,122,132,131,143,142,389,128,117,116,127,137,174,211,212,199,213,222,223,224,232,258,411,412,217,197,208,225,413,419,274,334,335,372,431,329,328,364,363,362,360,434,295,277,416,414,246,424,289,314,351,350,432,347,427,281,425,240,239,238,233,405,400,185,172,160,148,440,101,65,441"
439,40d198,3,3,cpp,10557,0.086450333,0.086732208,0,0,"2,4,9,10,70,55,54,53,64,75,90,105,110,117,122,138,157,158,137,130,126,136,171,165,190,186,194,193,174,175,181,167,166,24,20,21,16,14,39,0"
440,40d198,3,3,julia,10557,0.131963417,0.136757208,0,0,"21,16,14,39,0,2,4,9,10,70,55,54,53,64,75,90,105,110,117,122,138,157,158,137,130,126,136,171,165,190,186,194,193,174,175,181,167,166,24,20"
441,39rat195,2,2,julia,854,0.137163125,0.141856667,0,0,"15,14,2,3,7,23,35,36,49,62,63,75,87,101,115,113,127,140,153,151,179,193,192,189,174,172,170,157,132,119,106,94,82,81,66,53,55,44,29"
442,39rat195,2,2,cpp,854,0.0974295,0.097594583,0,0,"44,55,53,66,81,82,94,106,119,132,157,170,172,174,189,192,193,179,151,153,140,127,126,115,101,87,75,63,62,49,36,35,23,7,3,2,14,15,29"
443,84fl417,2,2,cpp,9651,0.566424125,0.567874709,0,0,"58,52,38,41,44,46,48,50,56,54,51,49,42,40,37,35,172,166,160,154,338,337,354,351,350,349,21,7,18,30,20,5,11,16,14,29,22,144,138,132,331,346,344,341,340,32,36,39,59,71,102,400,389,362,363,365,366,211,217,223,368,370,373,374,376,378,279,285,291,104,101,97,98,75,80,79,73,95,94,86,89,68,61,57"
444,84fl417,2,2,julia,9651,0.753802209,0.774015959,0,0,"58,52,38,41,44,46,48,50,56,54,51,49,42,40,37,35,172,166,160,154,338,337,354,352,350,349,21,7,18,30,20,5,11,16,14,29,22,144,138,132,331,346,343,341,340,32,36,39,59,71,102,400,401,402,406,392,202,208,214,247,368,371,373,374,376,377,277,283,291,104,101,97,98,75,80,79,73,95,94,86,89,68,61,57"
445,217vm1084,5,5,julia,130704,19.601168625,19.730609625,0,0,"341,100,126,211,327,276,195,143,189,486,432,423,294,226,8,21,835,663,661,482,117,115,106,585,605,609,615,604,170,171,447,373,581,608,580,256,61,59,58,264,71,263,694,1009,545,309,630,96,124,53,32,310,154,46,88,49,435,395,649,249,104,502,257,508,175,469,521,95,44,626,471,418,509,438,520,172,386,507,444,251,240,103,248,396,254,381,2,173,397,255,578,243,98,632,503,178,200,123,122,55,51,559,155,983,1067,1041,238,414,1079,475,68,413,511,988,996,720,445,553,454,515,552,457,376,43,107,19,295,470,433,182,571,439,476,907,863,594,446,636,440,601,655,458,467,273,452,618,213,478,495,357,337,16,331,235,602,1047,668,920,685,860,406,39,358,80,131,190,150,496,394,181,208,209,271,361,12,745,336,316,14,646,268,378,324,622,393,205,10,344,84,41,345,425,229,401,278,389,335,284,643,642,871,892,908,525,282,799,714,281,715,725,430,332,315,27,234,342,29"
446,217vm1084,5,5,cpp,130704,17.129986708,17.132465667,0,0,"143,195,276,327,211,126,100,341,29,342,234,27,315,332,430,725,715,281,714,799,282,525,908,900,871,642,643,284,335,389,278,401,229,425,345,41,84,344,10,205,393,622,324,378,268,646,14,316,336,745,12,361,271,209,208,181,394,496,150,190,131,80,358,39,406,860,800,676,1059,1047,602,235,331,16,337,357,495,478,213,618,452,273,467,458,655,601,440,636,446,594,863,907,476,439,571,182,433,470,295,19,107,43,376,457,552,515,454,553,445,720,991,988,511,413,68,475,1079,414,238,1041,990,983,155,559,51,55,122,123,200,178,503,632,98,243,578,255,397,173,2,381,254,396,248,103,240,251,444,507,386,172,520,438,509,418,471,626,44,95,521,469,175,508,257,502,104,249,649,395,435,49,88,46,154,310,32,53,124,96,630,309,545,1009,694,263,71,264,58,59,61,256,580,608,581,373,447,171,170,604,615,609,605,585,106,115,117,482,661,802,835,21,8,226,294,423,432,486,189"
447,212u1060,9,9,cpp,106052,15.225242667,15.228860125,0,0,"717,713,678,676,673,674,689,703,708,720,722,699,725,579,578,574,736,734,731,732,738,740,747,542,543,541,534,751,755,764,778,779,792,794,342,340,337,330,324,327,344,348,351,349,299,300,303,307,316,814,810,808,821,822,833,837,938,936,939,827,941,942,945,933,930,953,949,963,962,964,974,983,985,991,1015,1029,1028,63,61,69,70,51,76,81,82,87,86,100,18,21,23,40,37,1032,1031,1034,1038,1046,1049,1050,30,1052,1057,0,1,4,8,7,125,126,135,140,143,154,167,171,180,182,190,194,197,263,261,258,206,207,211,212,217,865,909,871,872,879,882,108,109,94,92,896,899,901,916,919,921,851,842,230,236,234,249,310,285,283,281,279,267,268,272,273,389,387,393,395,398,400,429,431,417,424,423,463,411,485,377,372,369,366,367,492,493,508,509,504,514,503,502,496,481,479,475,468,553,552,562,558,454,452,451,597,598,603,605,610,436,613,616,622,627,633,666,718"
448,212u1060,9,9,julia,106100,18.296347333,18.420369833,0,0,"717,713,678,676,673,674,689,704,708,720,722,699,725,579,578,574,736,734,731,732,738,740,747,542,543,541,534,751,755,764,778,779,792,794,342,340,337,330,324,327,344,348,351,349,299,300,303,307,316,814,810,808,821,822,833,837,938,936,939,827,941,942,945,933,930,953,949,963,964,974,975,985,991,1015,1029,1028,63,61,69,52,42,39,37,1032,1031,1034,1038,1046,1043,32,25,12,29,1052,1053,1057,0,1,4,8,7,125,126,135,140,143,154,167,171,180,183,190,194,197,263,261,258,206,207,211,212,217,865,909,871,872,879,882,109,110,95,97,101,86,87,82,76,79,78,897,899,901,916,919,921,851,842,230,236,234,249,310,285,283,281,279,267,268,272,273,389,387,393,395,398,400,429,431,417,424,423,463,411,485,377,372,369,366,367,492,493,508,509,504,514,503,502,496,481,479,475,468,553,552,562,558,454,452,451,597,598,603,605,610,436,613,616,622,627,633,666,718"
449,80rd400,1,1,julia,6361,0.679267333,0.698208375,0,0,"392,188,124,387,220,11,26,230,369,142,309,32,149,137,85,324,321,276,363,133,73,398,337,54,167,248,160,285,257,231,382,312,228,318,209,179,191,155,358,397,173,24,199,339,277,399,394,88,316,163,172,41,287,150,5,212,153,34,47,22,31,362,344,292,310,275,75,136,114,8,202,21,226,178,381,72,386,329,92,15"
450,80rd400,1,1,cpp,6361,0.645387084,0.645885834,0,0,"394,399,277,339,199,24,173,397,358,155,191,179,209,318,228,312,382,231,257,285,160,248,167,54,337,398,73,133,363,276,321,324,85,137,149,32,309,142,369,230,26,11,220,387,124,188,392,15,92,329,386,72,381,178,226,21,202,8,114,136,75,396,310,292,344,362,31,22,47,34,153,212,5,150,287,41,172,163,316,88"
451,40d198,5,5,cpp,10557,0.097161458,0.097443792,0,0,"39,14,16,21,20,24,166,167,181,175,174,193,194,186,190,165,171,136,126,130,137,158,157,138,122,117,110,105,90,75,61,53,54,55,70,10,9,4,2,0"
452,40d198,5,5,julia,10557,0.139694708,0.144289458,0,0,"2,4,9,10,70,55,54,53,61,75,90,105,110,117,122,138,157,158,137,130,126,136,171,165,190,186,194,193,174,175,181,167,166,24,20,21,16,14,39,0"
453,131p654,8,8,julia,27428,2.949946958,3.000451209,0,0,"1,3,4,14,16,15,573,575,578,579,581,582,607,585,586,307,319,339,351,363,379,643,644,646,647,648,628,629,653,397,421,433,453,473,477,18,17,57,58,59,56,51,50,52,49,48,47,46,42,40,37,33,25,23,24,22,28,34,13,61,10,12,6,7,8,9,62,64,65,66,68,67,69,70,71,72,103,104,105,285,277,261,241,225,205,571,547,546,544,565,564,562,561,74,77,78,75,73,76,80,83,84,86,85,81,89,92,91,93,95,96,97,98,99,101,189,177,161,137,121,117,559,558,556,554,553,551,534,533,548,0"
454,131p654,8,8,cpp,27428,2.139640417,2.1406915,0,0,"548,533,534,551,553,554,556,558,559,109,121,137,153,177,189,101,99,98,97,96,95,93,91,92,89,81,85,86,84,83,80,76,73,75,78,77,74,561,562,563,565,566,570,547,571,209,225,241,269,281,285,105,104,103,72,71,70,69,67,68,66,65,64,62,9,8,7,6,12,10,61,13,34,29,22,24,23,25,33,37,40,42,46,47,48,49,52,50,51,56,59,58,57,17,18,463,477,456,431,410,406,601,600,599,597,595,593,592,588,387,359,351,339,319,298,586,585,607,582,581,580,578,577,573,15,16,14,4,3,1,0"
455,145u724,10,10,cpp,17272,4.905021917,4.907465833,0,0,"11,13,25,94,47,48,670,673,612,613,153,165,141,144,178,179,559,561,537,201,237,240,327,333,303,305,309,314,396,394,393,382,375,367,471,402,363,467,417,418,459,462,452,434,430,414,364,293,294,292,295,477,489,490,491,496,322,331,321,227,204,200,195,253,220,207,215,345,343,497,503,353,502,211,252,210,525,520,264,523,258,270,281,130,283,282,584,583,601,133,588,556,187,549,573,574,558,591,605,607,152,618,662,663,665,676,664,669,683,43,28,44,688,46,102,87,66,107,116,651,647,640,122,118,121,649,69,62,114,110,109,16,699,700,709,701,698,695,697,712,3,10,721,723,0"
456,145u724,10,10,julia,17300,5.444569458,5.505264167,0,0,"11,13,25,94,31,80,48,670,681,672,612,611,621,153,165,141,143,178,179,559,561,537,201,237,240,327,333,303,305,314,309,396,394,393,382,375,367,471,402,363,467,417,418,459,462,452,432,430,414,364,293,292,295,477,489,490,491,496,322,331,321,227,204,200,195,253,220,207,215,345,343,500,301,501,502,508,248,210,250,525,520,264,523,258,270,281,130,283,282,584,583,601,133,588,556,187,549,573,574,558,591,605,607,152,618,662,663,665,676,38,28,44,688,46,102,87,66,107,116,651,647,640,122,118,121,649,103,62,114,110,109,16,699,700,709,701,698,695,697,712,3,10,721,723,0"
457,107ali535,10,10,julia,128639,2.966790583,3.090738958,0,0,"232,34,291,408,453,372,330,215,84,405,5,355,371,111,225,219,199,345,59,379,280,373,73,349,471,451,428,526,516,234,47,60,421,297,91,455,507,409,417,429,282,273,501,120,393,133,247,312,308,172,382,4,301,226,525,523,25,221,338,18,466,122,378,162,391,246,416,369,435,377,217,488,244,321,288,160,236,442,502,406,109,149,176,470,41,2,252,78,245,83,76,317,437,327,485,427,196,237,131,55,253,104,71,341,203,9,32"
458,107ali535,10,10,cpp,128639,2.040536792,2.045838917,0,0,"466,122,378,162,391,246,416,369,435,377,217,488,244,321,288,160,236,442,502,406,109,149,176,470,41,2,252,78,245,83,76,317,437,327,485,427,196,237,131,55,253,104,71,341,203,9,32,232,34,101,408,453,372,330,215,84,405,5,355,371,258,225,219,199,345,59,379,280,373,73,349,474,451,428,526,516,234,47,60,421,297,91,455,507,409,417,429,282,273,501,120,393,133,247,312,308,172,382,4,301,226,525,523,25,221,338,18"
459,84fl417,7,7,cpp,9651,0.591342209,0.591954375,0,0,"58,52,38,41,44,46,48,50,56,54,51,49,42,40,37,35,172,166,160,154,338,337,355,351,350,349,21,7,18,30,20,5,11,16,14,29,22,144,138,132,331,346,343,341,340,32,36,39,59,71,102,400,401,404,406,392,202,210,216,222,368,371,373,374,376,377,275,285,291,104,101,97,98,75,80,79,73,95,94,86,89,68,61,57"
460,84fl417,7,7,julia,9651,0.785229792,0.805359708,0,0,"58,52,38,41,44,46,48,50,56,54,51,49,42,40,37,35,172,166,160,154,338,337,336,351,350,349,21,7,18,30,20,5,11,16,14,29,22,144,138,132,331,347,342,341,340,32,36,39,59,71,102,400,401,403,406,392,202,208,214,247,368,372,373,374,376,377,251,285,291,104,101,97,98,75,80,79,73,95,94,86,89,68,61,57"
461,84fl417,9,9,julia,9651,0.816991834,0.83624225,0,0,"61,68,89,86,94,95,73,79,80,75,98,97,101,104,291,285,277,377,376,374,373,372,368,247,241,208,202,392,406,404,401,400,102,71,59,39,36,32,340,341,343,330,332,130,138,144,22,29,14,16,11,5,20,30,18,7,21,349,350,352,356,337,338,154,160,166,172,35,37,40,42,49,51,54,56,50,48,46,44,41,38,52,58,57"
462,84fl417,9,9,cpp,9651,0.591392458,0.591933584,0,0,"351,336,337,338,154,160,166,172,35,37,40,42,49,51,54,56,50,48,46,44,41,38,52,58,57,61,68,89,86,94,95,73,79,80,75,98,97,101,104,291,285,279,378,376,374,373,371,368,224,216,210,202,392,406,404,401,400,102,71,59,39,36,32,340,341,343,330,332,130,138,144,22,29,14,16,11,5,20,30,18,7,21,349,350"
463,107si535,1,1,cpp,13511,1.665903458,1.674082125,0,0,"358,357,397,400,407,408,387,383,379,112,113,109,105,88,86,65,60,18,49,43,184,182,5,179,180,4,371,375,2,368,376,421,417,440,449,479,480,512,522,231,289,286,514,490,456,444,420,370,366,0,8,20,135,509,524,534,212,287,337,139,142,145,174,148,308,272,211,29,528,27,507,476,10,28,11,470,494,39,14,15,342,158,154,176,177,178,167,169,162,164,349,293,292,355,267,265,125,192,122,123,130,133,134,474,19,385,7"
464,107si535,1,1,julia,13511,2.27019425,2.277984125,0,0,"109,105,91,88,65,60,53,46,43,184,182,5,179,180,4,371,375,2,368,376,421,417,440,449,479,498,512,522,255,289,286,514,490,456,444,420,370,366,0,8,20,135,509,524,534,212,287,337,137,140,145,174,148,332,277,209,29,528,27,507,476,10,28,454,470,494,39,41,15,342,158,156,176,177,178,167,169,162,164,349,293,292,355,267,265,125,192,122,123,130,133,134,474,19,385,7,358,357,397,400,407,408,403,402,379,112,113"
465,145u724,1,1,julia,17281,6.073823375,6.136311625,0,0,"11,13,25,94,31,80,48,670,681,672,612,611,621,153,165,141,144,178,179,559,561,537,201,237,240,327,333,303,305,314,309,396,394,393,382,375,367,471,402,363,467,417,418,459,462,452,432,430,414,364,293,294,292,295,477,489,490,491,496,322,331,321,227,204,200,195,253,220,207,215,345,343,497,503,353,502,211,252,210,525,520,264,523,258,270,281,130,283,282,584,583,601,133,588,556,187,549,573,574,558,591,605,607,152,618,662,663,665,676,35,38,28,92,21,95,93,88,87,66,107,116,651,647,640,122,118,121,117,69,62,114,110,109,16,699,700,709,701,702,712,3,10,721,723,0"
466,145u724,1,1,cpp,17272,6.513629208,6.514894917,0,0,"11,13,25,94,47,48,670,673,612,613,153,165,141,143,178,179,559,561,537,201,237,240,327,333,303,305,309,314,396,394,393,382,375,367,471,402,363,467,417,418,459,462,452,434,430,414,364,293,294,292,295,477,489,490,491,496,322,331,321,227,204,200,195,253,220,207,215,345,343,497,503,353,502,211,252,210,525,520,264,523,258,270,281,130,283,282,584,583,601,133,588,556,187,549,573,574,558,591,605,607,152,618,662,663,665,676,664,669,683,43,28,44,688,46,102,87,66,107,116,651,647,640,122,118,121,117,69,62,114,110,109,16,699,700,709,701,698,695,697,712,3,10,721,723,0"
467,45ts225,3,3,cpp,68340,0.175495916,0.176552583,0,0,"6,8,137,138,39,142,16,17,20,147,148,47,172,70,67,66,187,85,87,91,94,95,221,222,120,117,116,111,110,207,208,104,202,77,178,177,54,57,58,33,30,29,128,127,4"
468,45ts225,3,3,julia,68340,0.209292833,0.215247833,0,0,"5,8,137,138,39,142,16,18,20,147,47,171,172,70,67,66,187,85,86,90,92,95,221,222,120,118,115,113,110,207,208,104,202,201,77,177,54,56,58,33,30,29,128,127,4"
469,46gr229,7,7,julia,71972,0.217284375,0.241070916,0,0,"42,44,41,45,183,186,175,174,39,32,29,27,1,12,15,53,58,77,72,102,111,112,113,137,138,151,150,154,204,205,211,210,202,200,199,222,221,219,215,216,226,227,228,225,224,223"
470,46gr229,7,7,cpp,71972,0.147008625,0.147800541,0,0,"42,44,41,45,183,186,175,174,39,32,29,27,1,12,15,53,58,77,72,102,111,112,128,137,138,151,150,154,204,205,211,210,202,200,199,222,221,219,215,216,226,227,228,225,224,223"
471,40kroa200,3,3,cpp,13406,0.093202625,0.09438525,0,0,"77,15,62,43,47,164,103,91,105,3,107,68,58,88,163,22,172,90,181,194,4,195,71,129,113,102,142,7,111,46,30,157,166,192,26,131,110,171,31,6"
472,40kroa200,3,3,julia,13406,0.138959708,0.143841333,0,0,"31,171,110,131,26,192,166,157,30,46,111,7,142,102,113,129,71,195,4,194,181,90,172,22,163,88,58,68,107,3,105,91,103,164,47,43,62,15,77,6"
473,113pa561,10,10,julia,1038,2.234837333,2.243545125,0,0,"291,298,300,307,306,305,303,321,315,318,311,310,309,261,256,253,259,258,252,202,213,208,205,101,88,81,82,85,73,64,22,30,18,19,11,36,43,42,70,55,180,182,187,189,190,214,137,220,222,240,244,228,506,508,503,518,458,416,413,408,485,484,480,165,139,164,162,155,152,0,323,332,335,352,356,361,341,427,363,368,369,372,396,395,449,448,387,443,445,468,478,477,549,545,544,546,552,553,557,558,283,284,281,251,248,250,236,237,239,266,271,272,278"
474,113pa561,10,10,cpp,1038,1.8913945,1.897142917,0,0,"271,272,266,245,239,228,237,236,250,248,251,286,285,283,558,557,553,552,546,544,545,472,477,478,468,446,443,387,448,449,396,395,372,369,368,364,379,427,341,356,352,350,332,330,0,152,155,162,164,139,165,480,484,485,408,410,416,458,512,503,508,506,240,222,220,137,214,190,189,187,182,180,55,70,54,42,36,35,11,18,21,30,64,73,83,82,81,88,101,205,208,213,202,252,258,259,253,256,261,264,310,311,313,315,321,303,305,306,307,300,290,291,278"
475,115rat575,10,10,cpp,2399,2.154887875,2.156668041,0,0,"559,516,517,519,542,566,568,571,550,526,502,480,457,435,413,388,411,432,454,451,427,405,383,380,379,377,375,352,307,284,285,263,264,265,291,313,315,338,341,343,320,297,274,227,226,203,181,179,178,176,151,172,171,169,146,124,100,99,78,81,82,85,109,133,110,113,67,44,19,16,14,12,33,10,32,29,27,25,24,47,71,95,118,140,141,162,184,185,186,211,212,234,278,300,324,348,347,369,393,416,440,419,443,467,490,489,487,485,484,506,507,531,532,555,557"
476,115rat575,10,10,julia,2399,2.772194875,2.811434208,0,0,"559,516,517,519,542,566,568,571,550,525,502,480,457,435,413,388,411,432,452,451,427,405,383,380,379,377,375,352,307,284,285,263,264,265,291,313,314,338,341,343,320,297,274,227,226,203,181,179,178,176,151,172,171,169,146,124,100,99,78,81,82,85,109,133,110,113,67,44,19,16,14,12,33,10,32,29,27,25,24,47,71,95,118,140,141,162,184,185,186,211,212,234,278,300,324,348,347,369,393,416,440,419,443,467,490,489,487,485,484,506,507,531,532,555,557"
477,65rbg323,7,7,julia,471,0.720778625,0.726993291,0,0,"284,83,36,153,2,300,114,231,31,65,139,301,136,156,171,162,255,216,109,108,25,7,14,226,110,286,27,178,314,120,121,16,125,315,56,47,0,115,6,318,26,41,90,11,119,104,209,74,89,51,112,30,29,49,249,215,69,10,34,296,102,35,152,1,280"
478,65rbg323,7,7,cpp,471,0.448650875,0.453668583,0,0,"2,7,31,65,221,83,25,300,41,135,26,125,315,318,112,30,27,178,89,211,227,11,110,209,74,249,47,0,280,284,115,6,56,35,1,314,34,152,296,69,10,29,49,301,136,156,171,162,14,226,114,231,139,217,216,109,108,104,286,120,121,16,119,36,153"
479,113pa561,8,8,cpp,1038,1.895563084,1.901527792,0,0,"272,271,266,239,237,236,250,248,251,286,285,283,558,557,553,552,546,544,545,549,475,478,468,466,443,387,448,449,395,396,372,369,368,363,379,427,341,356,352,335,332,323,0,152,155,162,164,139,165,480,484,485,408,410,416,458,512,503,508,506,229,228,240,222,220,137,214,190,189,187,182,180,55,70,42,43,39,35,11,18,21,30,64,73,86,82,81,103,101,205,208,213,203,252,258,259,253,256,261,309,310,311,313,315,319,303,305,306,307,300,290,277,278"
480,113pa561,8,8,julia,1039,2.190124917,2.196838625,0,0,"480,482,485,408,413,416,458,512,503,508,506,239,228,237,236,250,267,278,272,266,244,240,222,220,137,214,190,189,187,182,180,56,70,49,42,39,11,18,19,21,30,64,73,85,82,81,103,101,205,210,213,203,252,258,259,253,256,261,309,310,311,313,315,321,303,305,306,307,300,298,288,287,280,286,285,283,558,557,553,552,546,544,545,472,477,478,468,466,443,387,448,449,395,396,372,369,368,364,379,427,341,356,352,350,332,330,0,152,155,162,164,139,165"
481,145u724,2,2,julia,17281,5.969403333,6.03237175,0,0,"11,13,25,94,31,80,48,670,681,672,612,611,621,153,165,141,143,178,179,559,561,537,201,237,240,327,333,303,305,314,309,396,394,393,382,375,367,471,402,363,467,417,418,459,462,452,431,430,414,364,293,294,292,295,477,489,490,491,496,322,331,321,227,204,200,195,253,220,207,215,345,343,497,503,353,502,211,252,210,525,520,264,523,258,270,281,130,283,282,584,583,601,133,588,556,187,549,573,574,558,591,605,607,152,618,662,663,665,676,35,38,28,92,21,95,93,88,87,66,107,116,651,647,640,122,118,121,649,69,62,114,110,109,16,699,700,709,701,702,712,3,10,721,723,0"
482,145u724,2,2,cpp,17281,5.603359292,5.604637083,0,0,"11,13,25,94,31,80,48,670,681,672,612,611,621,153,165,141,143,178,179,559,561,537,201,237,240,327,333,303,305,314,309,396,394,393,382,375,367,471,402,363,467,417,418,459,462,452,432,430,414,364,293,294,292,295,477,489,490,491,496,322,331,321,227,204,200,195,253,220,207,215,345,343,497,503,353,502,211,252,210,525,520,264,523,258,270,281,130,283,282,584,583,601,133,588,556,187,549,573,574,558,591,605,607,152,618,662,663,665,676,35,38,28,92,21,95,93,88,87,66,107,116,651,647,640,122,118,121,649,69,62,114,110,109,16,699,700,709,701,702,712,3,10,721,723,0"
483,36brg180,4,4,cpp,4420,0.0655785,0.067857709,0,0,"27,26,67,44,45,64,41,40,70,71,52,53,4,49,48,0,17,16,6,34,35,8,21,20,10,36,37,12,13,2,56,57,62,31,30,66"
484,36brg180,4,4,julia,4420,0.110866,0.112288625,0,0,"57,63,53,52,61,39,38,60,42,43,66,29,28,6,46,47,2,25,24,0,18,19,8,49,48,10,14,15,4,22,23,33,32,68,69,56"
485,207si1032,8,8,julia,22314,17.444627542,17.478482584,0,0,"360,275,276,183,178,177,174,173,170,169,166,167,266,357,415,448,476,502,495,493,540,527,480,461,451,339,247,342,251,255,345,259,256,163,157,158,153,154,149,150,240,147,72,2,4,5,8,7,11,10,14,84,17,16,20,19,22,23,25,26,29,99,32,31,35,105,186,187,191,284,288,195,292,293,299,412,437,473,499,498,471,381,382,512,497,392,391,390,393,319,322,324,231,226,225,222,221,218,217,214,215,304,211,206,205,202,201,113,112,108,38,39,43,44,46,47,120,50,53,52,55,56,59,58,61,62,135,65,67,68,71,141,232,239,332,331,402,424,441,530,516,538,780,823,855,852,816,773,774,859,878,872,802,803,754,756,809,810,761,763,896,924,964,1007,561,604,641,686,998,562,996,648,653,714,674,672,555,1024,569,1014,573,706,707,584,1027,991,628,669,666,645,647,993,576,997,912,909,827,767,765,759,542,482,442,409,368,419,364"
486,207si1032,8,8,cpp,22323,13.170413875,13.195718541,0,0,"17,19,20,22,23,25,26,29,99,32,31,35,105,186,187,191,284,288,195,293,292,202,201,113,108,38,41,40,44,43,46,47,50,120,53,52,55,56,59,58,61,62,65,135,68,67,71,141,239,332,235,234,324,231,225,226,221,222,217,218,214,215,304,211,205,300,301,299,378,412,437,473,499,498,471,512,497,391,390,319,393,396,397,398,515,490,459,424,441,754,756,809,810,761,763,804,922,975,1007,561,604,641,686,998,562,996,648,653,678,715,716,707,706,1001,587,1023,956,1016,571,1018,950,873,874,798,797,778,816,775,781,780,820,902,911,988,1012,580,669,666,645,647,576,997,906,845,759,765,767,542,482,442,409,419,368,363,360,275,276,183,178,177,173,174,169,170,166,167,266,357,415,448,476,502,453,350,420,493,540,480,461,451,339,247,342,251,345,255,256,163,157,158,154,153,149,150,240,147,72,2,5,4,7,8,11,10,14,84,16"
487,89rbg443,1,1,cpp,636,1.152833083,1.163075334,0,0,"68,87,427,380,343,244,202,182,214,100,14,317,292,80,181,31,75,208,60,204,74,397,355,162,94,63,65,146,406,2,81,417,104,367,391,49,42,82,399,258,307,20,41,159,274,373,416,278,45,266,66,18,433,428,241,342,283,238,151,85,167,61,185,189,86,0,269,83,347,264,76,127,242,262,273,93,414,7,211,254,30,160,84,252,142,97,376,186,192"
488,89rbg443,1,1,julia,637,1.720610125,1.732019083,0,0,"330,104,305,264,254,127,242,262,186,192,433,364,81,93,414,406,389,45,41,208,60,266,30,63,65,146,211,176,416,278,182,204,49,42,76,68,151,85,160,84,252,75,317,189,86,0,269,83,342,283,277,360,273,397,355,162,94,7,87,427,380,367,391,274,373,181,31,142,97,376,74,292,80,394,20,100,14,82,399,258,167,61,185,159,241,343,244,66,18"
489,56a280,10,10,julia,1079,0.326711208,0.336918875,0,0,"56,44,45,36,35,33,122,123,28,25,21,18,132,270,271,10,8,5,276,2,279,243,245,227,225,224,213,211,206,256,258,263,264,139,140,198,196,192,190,182,181,176,174,160,173,171,169,92,93,76,75,86,115,64,66,67"
490,56a280,10,10,cpp,1079,0.247650792,0.247920917,0,0,"66,64,115,82,75,76,93,92,91,171,172,160,174,176,180,182,190,192,196,197,140,139,264,263,258,253,206,211,213,224,225,227,245,242,279,2,276,5,8,10,271,270,132,18,21,25,28,123,122,33,35,36,45,44,56,67"
491,89rbg443,10,10,cpp,635,1.093087,1.102454667,0,0,"75,63,65,254,399,258,151,85,120,20,100,14,82,160,84,252,142,97,376,18,204,278,146,211,182,133,219,41,87,427,380,162,94,93,414,416,49,80,167,61,185,397,355,347,264,76,292,176,159,364,81,127,242,262,273,189,86,0,269,83,417,104,68,7,406,45,66,74,343,244,336,60,266,282,186,192,433,428,241,30,342,283,302,367,391,274,373,181,31"
492,89rbg443,10,10,julia,636,1.828245125,1.8397115,0,0,"208,60,266,429,65,146,127,242,262,186,192,68,204,49,42,100,14,82,292,176,433,80,181,31,142,97,376,18,30,7,180,74,406,389,241,416,278,45,41,87,317,160,84,252,75,427,380,343,391,274,373,162,94,93,414,211,182,367,244,189,86,0,269,83,151,85,330,104,305,264,76,167,61,185,342,283,103,159,364,81,397,355,230,273,399,258,120,20,254"
493,35si175,3,3,julia,5564,0.107066625,0.108684,0,0,"151,163,122,123,130,131,134,140,137,167,112,147,102,101,86,44,82,95,37,78,35,7,9,1,2,17,19,3,28,27,66,72,73,107,110"
494,35si175,3,3,cpp,5564,0.066263792,0.06696875,0,0,"94,73,72,66,27,28,3,19,17,2,1,9,7,35,78,37,95,82,44,86,101,102,147,112,167,137,138,134,131,130,123,122,163,151,110"
495,87gr431,5,5,cpp,101946,1.002866708,1.006410125,0,0,"74,75,73,67,82,78,81,204,203,227,229,230,232,234,235,239,240,243,246,244,245,250,389,251,386,383,377,366,365,363,361,401,402,404,403,422,423,424,425,426,427,430,429,428,419,418,417,421,412,410,408,407,406,413,405,358,356,352,353,342,341,339,332,372,326,315,318,321,313,300,296,292,276,277,271,268,258,257,220,192,190,142,136,26,25,15,0"
496,87gr431,5,5,julia,101946,1.25074725,1.330076541,0,0,"74,75,73,67,82,78,81,204,203,227,229,230,232,234,235,239,240,243,246,244,245,250,389,251,386,383,377,366,365,363,361,401,402,404,403,422,423,424,425,426,427,430,429,428,419,418,417,421,412,410,408,407,406,413,405,358,356,352,353,342,341,339,332,372,326,315,318,321,313,300,296,292,276,277,271,268,258,257,220,192,190,142,136,26,25,15,0"
497,107att532,4,4,julia,13464,1.990960125,2.030053875,0,0,"431,388,376,400,389,442,478,498,509,513,526,516,510,479,465,456,421,405,377,313,255,239,219,310,346,360,238,237,250,329,335,273,116,138,172,97,94,61,127,170,234,300,354,348,370,392,393,394,373,366,311,293,302,307,298,283,207,158,75,49,55,90,133,134,140,159,76,26,18,4,1,5,14,23,44,89,137,147,224,268,296,306,305,341,433,424,407,402,380,401,391,409,432,460,455,466,494,530,518,491,461,448,440,477,490,503,470"
498,107att532,4,4,cpp,13464,1.591592292,1.59228475,0,0,"377,405,421,456,465,479,510,516,526,513,509,498,478,442,389,400,376,388,431,470,503,490,477,440,448,461,491,518,530,494,466,455,460,432,409,391,401,387,380,407,424,433,341,305,306,286,261,224,147,137,89,44,23,14,5,1,4,18,26,76,123,159,134,133,90,55,49,75,158,207,283,298,307,302,293,311,366,373,394,393,392,370,348,354,300,234,170,127,61,94,97,172,138,116,273,335,329,250,237,238,360,346,310,219,239,255,313"
499,53pr264,6,6,cpp,29549,0.175144625,0.175731375,0,0,"120,59,38,39,41,43,44,56,49,54,124,149,152,233,226,159,160,161,147,163,224,236,263,218,217,175,181,184,183,253,261,256,257,202,197,195,134,131,88,82,81,6,11,12,73,103,69,23,25,66,109,112,128"
500,53pr264,6,6,julia,29549,0.244675875,0.253090167,0,0,"112,109,24,25,23,70,103,73,12,11,6,81,82,88,131,134,195,201,202,257,256,261,253,183,184,181,175,217,218,263,236,162,163,147,161,160,159,226,233,229,149,124,125,49,56,44,43,41,39,38,36,120,128"
501,46pr226,7,7,julia,64007,0.1617075,0.168883208,0,0,"27,21,20,49,55,56,63,19,18,64,65,68,70,71,7,1,0,72,78,79,113,106,132,131,221,217,206,201,193,190,183,175,167,166,156,150,143,93,40,39,38,41,42,45,47,48"
502,46pr226,7,7,cpp,64007,0.107302958,0.107513083,0,0,"1,7,71,70,68,65,64,18,19,63,56,55,49,20,21,27,48,47,45,42,41,38,39,40,93,143,150,156,157,167,175,183,190,193,201,206,215,221,131,132,106,113,79,78,72,0"
503,201pr1002,4,4,cpp,114311,12.134581584,12.136960334,0,0,"172,171,166,154,153,251,994,148,143,142,139,131,132,95,77,78,74,75,0,2,3,6,11,67,71,53,57,59,32,31,24,25,331,330,312,309,308,295,288,402,403,422,423,427,429,452,450,447,606,609,628,632,633,374,411,408,378,387,386,393,395,336,340,345,348,353,354,659,657,653,650,623,615,731,730,735,736,706,713,721,723,664,665,668,673,674,682,987,986,692,700,967,965,964,951,943,941,954,938,936,930,929,912,913,904,925,926,884,885,890,892,893,894,850,851,864,863,859,1001,836,835,815,816,822,820,808,806,798,801,782,780,758,999,752,789,793,794,602,601,599,597,586,580,579,590,591,558,562,564,566,515,521,538,536,535,531,998,510,506,500,498,488,489,490,491,480,478,471,470,468,272,273,274,276,283,298,110,109,105,123,122,121,256,269,259,260,245,263,224,232,239,236,217,208,207,205,201,995,182,179,178"
504,201pr1002,4,4,julia,114311,14.923014917,15.031676792,0,0,"201,205,207,208,217,236,239,232,224,263,245,260,259,269,256,121,122,123,105,109,110,298,283,276,274,273,272,468,470,471,478,480,491,490,489,488,498,500,506,510,998,531,535,536,538,521,515,566,564,562,558,591,590,579,580,586,597,599,601,602,794,793,789,752,999,758,780,782,801,798,806,808,820,822,816,815,835,836,1001,859,863,864,851,850,894,893,892,890,885,884,926,925,904,913,912,929,930,936,938,954,941,943,951,964,965,967,700,692,986,987,682,674,673,668,665,664,723,721,713,706,736,735,730,731,615,623,650,653,657,659,355,353,348,345,340,336,395,393,386,387,378,408,411,374,633,632,628,609,606,447,450,452,429,427,423,422,403,402,288,295,308,309,312,330,331,28,24,31,32,59,57,53,71,67,11,6,3,2,0,75,74,78,77,95,132,131,139,142,143,148,994,251,153,154,166,171,172,178,179,182,995"
505,46gr229,3,3,julia,71972,0.210270042,0.2335315,0,0,"223,224,225,228,227,226,216,215,219,221,222,199,200,202,210,211,205,204,154,150,151,138,137,128,112,111,102,72,77,58,53,15,12,1,27,29,32,39,174,175,186,183,45,41,44,42"
506,46gr229,3,3,cpp,71972,0.143087333,0.1438805,0,0,"42,44,41,45,183,186,175,174,39,32,29,27,1,12,15,53,58,77,72,102,111,112,128,137,138,151,150,154,204,205,211,210,202,200,199,222,221,219,215,216,226,227,228,225,224,223"
507,88pr439,7,7,cpp,60099,0.91738625,0.918845542,0,0,"283,227,185,82,50,48,43,78,56,35,34,76,74,72,62,63,22,20,18,101,103,143,146,144,142,152,155,138,124,98,128,162,171,249,247,258,318,322,324,306,266,267,232,222,274,295,335,362,377,386,400,403,416,417,428,414,418,413,388,378,376,347,351,290,289,285,231,188,187,186,280,281,341,340,372,380,390,392,397,406,421,432,429,423,407,433,434,438"
508,88pr439,7,7,julia,60099,1.206657291,1.228889792,0,0,"434,433,407,423,429,432,421,406,397,392,390,380,372,340,341,281,280,186,187,188,231,285,289,290,351,347,376,378,388,413,418,414,428,427,416,403,400,386,377,362,335,295,274,222,232,267,266,305,324,323,318,258,247,249,171,162,128,98,124,138,155,152,142,144,146,143,103,101,18,20,22,63,62,72,74,76,34,35,56,78,43,48,50,82,185,227,283,438"
509,207si1032,10,10,julia,22318,19.113383542,19.146277458,0,0,"14,84,10,11,8,7,4,5,2,72,148,147,240,245,244,154,153,157,158,163,256,259,345,255,251,342,341,451,461,480,540,527,493,495,502,476,448,415,357,266,167,166,170,169,173,174,178,177,183,276,275,360,364,419,368,409,442,482,542,759,765,767,827,909,912,997,576,993,647,645,666,669,1019,991,1027,584,706,707,573,1014,569,555,1026,556,672,674,714,648,996,562,998,643,686,641,561,1007,964,924,895,763,761,810,809,756,754,803,802,872,878,794,774,773,816,818,858,823,780,538,530,516,441,424,402,331,332,239,232,141,71,67,68,65,135,61,62,59,58,55,56,52,53,50,120,47,46,43,44,40,41,38,108,113,201,202,205,206,304,211,215,214,217,218,221,222,225,226,231,324,322,319,393,390,391,392,512,497,381,382,383,498,499,473,437,412,299,293,292,195,288,191,284,187,186,105,35,31,32,29,99,25,26,23,22,19,20,17,16"
510,207si1032,10,10,cpp,22325,15.456375458,15.482098417,0,0,"17,84,14,11,10,7,8,5,4,2,72,149,150,147,240,247,339,451,461,480,342,251,154,153,158,157,163,256,255,345,350,420,540,522,495,502,476,448,415,271,265,264,167,166,168,174,173,177,178,183,276,275,360,364,368,419,409,442,482,542,759,765,767,827,909,983,997,576,993,647,645,666,669,1019,991,1027,584,706,707,573,1014,569,1024,555,672,674,714,653,648,996,562,998,686,641,604,561,1007,975,922,815,763,761,810,809,756,754,803,802,872,878,794,774,773,816,818,858,823,791,441,424,459,490,515,398,397,396,393,319,390,391,497,512,471,498,499,473,437,412,378,299,301,206,205,211,304,214,215,217,218,221,222,225,226,324,231,234,235,332,239,141,71,67,68,135,65,62,61,58,59,55,56,52,53,120,50,46,47,43,44,40,108,38,112,113,201,202,292,293,195,288,191,284,187,186,105,35,32,31,99,29,25,26,22,23,20,19,16"
511,39rat195,4,4,cpp,854,0.10092725,0.1020965,0,0,"44,55,53,66,81,82,94,106,119,132,157,170,172,174,189,192,193,166,151,153,140,127,113,115,101,87,75,63,62,49,36,35,23,7,3,2,14,15,29"
512,39rat195,4,4,julia,854,0.139388417,0.144145875,0,0,"15,14,2,4,7,23,35,36,49,62,63,75,87,101,115,126,127,140,153,151,166,193,192,189,174,173,170,157,132,119,106,94,82,81,66,53,55,44,29"
513,40d198,4,4,julia,10557,0.133536167,0.139085959,0,0,"2,4,9,10,70,55,54,53,61,75,90,105,110,117,122,138,157,158,137,130,126,136,171,165,190,186,194,193,174,175,181,167,166,24,20,21,16,14,39,0"
514,40d198,4,4,cpp,10557,0.091610583,0.091803083,0,0,"39,14,16,21,20,24,166,167,181,175,174,193,194,186,190,165,171,136,126,130,137,158,157,138,122,117,110,105,90,75,64,53,54,55,70,10,9,4,2,0"
515,39rat195,6,6,cpp,854,0.097648834,0.097890417,0,0,"15,14,2,4,7,23,35,36,49,62,63,75,87,101,115,113,127,140,153,151,179,193,192,189,174,173,170,157,132,119,106,94,82,81,66,53,55,44,29"
516,39rat195,6,6,julia,854,0.142102959,0.146616,0,0,"15,14,2,3,7,23,35,36,49,62,63,75,87,101,115,113,127,140,153,151,166,193,192,189,174,172,170,157,132,119,106,94,82,81,66,53,55,44,29"
517,56a280,3,3,julia,1079,0.317350875,0.3263145,0,0,"66,64,115,82,75,76,93,92,168,171,173,160,174,176,181,182,190,192,196,197,142,139,264,263,258,253,206,211,213,224,226,227,245,242,279,2,276,5,8,10,271,270,132,18,21,25,28,123,122,33,35,36,45,44,56,67"
518,56a280,3,3,cpp,1079,0.233224167,0.233488208,0,0,"56,44,45,36,35,33,122,123,28,25,21,18,132,15,271,10,8,5,276,3,279,243,245,227,225,224,213,211,207,253,258,263,264,139,145,198,196,192,190,182,181,176,174,160,172,170,91,92,93,76,75,86,115,64,66,67"
519,81rbg403,9,9,cpp,1170,0.517639791,0.526636708,0,0,"193,80,123,361,7,162,105,19,58,109,129,106,24,108,120,254,128,182,100,98,23,62,35,252,238,229,69,78,179,194,380,82,247,183,17,241,112,47,174,235,127,248,135,270,175,111,90,149,347,177,375,42,345,299,60,222,250,186,33,158,188,37,65,384,383,67,77,31,115,283,211,38,110,32,274,272,28,214,233,324,171"
520,81rbg403,9,9,julia,1170,0.759983416,0.769458791,0,0,"51,7,69,23,375,186,183,17,78,24,222,252,105,19,235,211,135,270,241,112,47,42,402,254,109,238,229,175,384,383,145,101,38,361,347,194,324,177,162,127,248,193,82,247,188,37,106,33,171,345,173,115,65,67,66,179,233,380,35,128,174,185,182,123,90,62,111,108,120,283,77,100,98,110,32,274,272,214,58,129,149"
521,53gil262,1,1,julia,1013,0.267633958,0.2767495,0,0,"133,28,131,170,242,221,251,254,97,13,142,44,186,49,93,118,191,151,250,207,159,257,187,243,98,67,70,228,204,89,210,78,212,111,197,53,172,227,205,219,247,88,8,100,240,224,55,65,174,225,77,200,158"
522,53gil262,1,1,cpp,1013,0.194723334,0.195000292,0,0,"133,28,131,168,242,221,251,254,97,13,142,44,186,90,93,118,191,151,250,207,159,257,187,243,98,141,70,228,204,89,210,78,212,111,72,53,172,227,205,149,247,88,8,100,234,224,255,65,174,225,77,200,158"
523,115rat575,1,1,cpp,2388,2.034059458,2.03495325,0,0,"558,562,563,566,568,571,550,525,502,480,458,459,434,433,410,389,365,343,320,297,274,227,226,180,181,179,178,176,151,172,171,169,146,124,100,99,78,81,82,85,109,133,110,113,67,44,19,16,14,12,33,10,32,29,27,25,24,47,71,95,118,140,141,162,184,185,186,211,212,234,278,300,324,348,347,370,392,415,417,395,374,352,354,330,284,262,263,264,265,291,313,314,337,360,381,404,428,427,451,474,497,493,469,467,466,465,487,485,484,506,507,531,532,555,557"
524,115rat575,1,1,julia,2399,2.5770485,2.616115625,0,0,"559,516,517,519,542,566,568,571,550,525,502,480,457,435,413,388,411,431,452,451,427,405,383,380,379,377,375,352,307,284,285,263,264,265,291,313,314,338,341,343,320,297,274,227,226,180,181,179,178,176,151,172,171,169,146,124,100,99,78,81,82,85,109,133,110,113,67,44,19,16,14,12,33,10,32,29,27,25,24,47,71,95,118,140,141,162,184,185,186,211,212,234,278,300,324,348,347,369,393,416,440,419,443,467,490,489,487,485,484,506,507,531,532,555,557"
525,89rbg443,6,6,julia,632,1.830553167,1.842861083,0,0,"278,45,336,60,427,380,230,273,30,120,20,100,14,82,406,2,81,416,18,343,244,367,391,49,80,63,65,146,167,61,185,417,104,342,283,415,66,74,93,414,160,84,252,75,159,274,373,211,182,181,31,142,97,376,76,132,57,41,151,85,162,94,189,86,0,269,83,433,428,241,399,258,292,176,266,68,305,264,254,127,242,262,186,192,7,87,397,355,204"
526,89rbg443,6,6,cpp,634,1.27148725,1.280753958,0,0,"414,30,204,18,211,176,266,66,74,416,278,45,282,273,397,355,189,86,0,269,83,342,283,103,343,391,274,373,181,31,75,87,427,380,399,258,43,60,160,84,252,142,97,376,182,151,85,347,264,76,417,104,159,49,80,7,394,20,100,14,82,167,61,185,162,94,295,57,41,127,242,262,186,192,406,389,241,367,244,63,65,254,292,146,68,433,2,81,93"
527,41gr202,4,4,cpp,23301,0.09059625,0.092074167,0,0,"199,196,151,145,23,21,18,11,9,7,1,0,15,50,53,70,63,66,67,73,74,75,76,77,78,79,82,85,86,92,94,118,119,124,163,165,177,179,181,193,201"
528,41gr202,4,4,julia,23301,0.146794625,0.164219875,0,0,"193,181,179,177,165,163,124,119,118,94,92,86,85,82,79,78,77,76,75,74,73,67,66,63,70,53,50,15,0,1,7,9,11,18,22,23,145,151,196,199,201"
529,60pr299,5,5,julia,22615,0.381366958,0.392013208,0,0,"32,62,37,58,59,57,51,55,54,118,119,175,177,255,258,259,254,247,244,192,241,237,272,234,197,167,164,163,201,229,281,282,279,219,220,215,288,213,293,296,151,147,2,1,6,7,142,156,157,140,96,95,94,82,23,24,71,72,68,33"
530,60pr299,5,5,cpp,22615,0.310369167,0.310642208,0,0,"156,157,140,96,95,94,82,23,24,71,72,68,33,32,62,37,58,59,57,51,55,54,118,119,175,177,255,258,259,254,247,244,192,241,237,272,234,197,167,164,163,201,229,281,282,279,219,220,215,288,213,293,296,151,147,2,1,6,7,142"
531,72rbg358,2,2,cpp,693,0.688294042,0.694763625,0,0,"10,161,187,100,4,117,68,9,142,109,325,107,148,162,190,14,154,124,5,36,118,79,252,335,8,247,140,110,217,201,203,74,158,343,194,67,319,115,111,170,41,23,212,48,43,215,250,7,15,25,2,57,17,13,121,178,184,92,275,342,179,348,177,340,301,150,60,321,337,210,108,88"
532,72rbg358,2,2,julia,693,0.853361917,0.860896834,0,0,"348,111,60,178,265,210,184,142,109,325,107,148,68,9,252,335,2,212,48,23,57,190,14,88,154,124,5,10,4,36,118,187,43,7,15,25,215,250,8,247,140,110,158,343,194,67,319,115,164,108,177,340,301,150,170,17,117,41,100,203,74,253,92,275,342,13,121,161,162,217,201,179"
533,45tsp225,6,6,julia,1612,0.19074825,0.197788042,0,0,"183,122,123,124,108,64,65,115,116,46,50,51,44,45,194,3,2,4,7,38,17,19,14,12,35,33,201,216,97,98,90,91,209,129,164,157,162,136,140,156,145,175,173,172,181"
534,45tsp225,6,6,cpp,1612,0.150116708,0.150327084,0,0,"183,122,123,124,108,64,65,115,116,46,206,51,44,45,194,3,2,4,7,38,17,19,16,12,35,33,201,216,97,98,90,91,209,129,164,157,162,136,140,156,145,175,173,172,181"
535,134gr666,7,7,cpp,163765,3.660745458,3.667034958,0,0,"648,644,642,641,640,647,646,638,636,593,585,590,583,579,576,572,573,552,555,551,541,536,526,525,519,459,454,486,157,158,160,164,200,201,202,233,231,232,230,214,211,224,220,217,216,206,193,189,187,183,148,170,172,166,139,234,235,250,244,260,285,289,321,316,311,0,309,308,17,15,11,30,32,27,25,24,19,7,4,2,1,478,480,477,464,463,462,465,466,473,475,619,485,622,611,610,609,599,597,635,658,657,656,655,654,653,659,660,662,661,663,664,97,95,92,62,66,65,75,76,82,81,136,135,133,129,124,125,117,116,114,115,107,665"
536,134gr666,7,7,julia,163028,4.213413166,4.396830542,0,0,"648,644,642,641,640,647,646,638,636,635,658,657,656,655,654,653,659,660,662,661,663,664,92,97,96,136,85,81,82,76,75,68,63,55,35,28,25,24,19,8,10,11,4,2,1,478,480,477,476,619,485,622,611,610,609,599,596,591,585,590,583,579,576,572,573,552,555,550,538,536,532,473,466,465,462,437,463,464,0,309,308,16,17,234,140,238,242,250,293,295,299,403,407,413,416,490,491,459,514,504,163,160,200,201,202,233,231,232,230,214,211,224,220,217,216,206,193,189,187,183,148,170,168,169,130,129,124,125,117,116,114,115,107,665"
537,212u1060,1,1,julia,106007,20.890893958,21.014622667,0,0,"666,633,627,622,616,613,436,610,605,603,598,597,451,452,454,558,562,552,553,468,475,479,481,496,502,503,514,504,509,508,493,490,486,485,411,463,423,424,417,431,429,400,398,395,393,387,381,375,369,364,296,300,303,308,311,285,283,282,281,388,273,272,268,267,195,193,190,183,181,168,166,155,143,140,135,126,125,7,8,4,1,0,1057,1053,1052,29,12,25,32,1043,1046,1038,1034,1031,1032,37,39,42,52,69,61,63,1028,1029,1015,991,985,983,974,964,963,949,958,80,76,82,87,86,101,97,95,110,109,882,879,872,871,909,865,217,212,211,207,206,258,261,256,249,234,236,230,842,851,921,919,916,901,899,898,952,953,933,945,942,941,827,939,936,938,837,833,822,821,808,810,813,317,321,325,351,348,344,329,330,337,340,342,794,792,779,778,765,756,751,534,541,543,542,747,740,738,732,731,734,736,574,578,579,725,699,722,720,708,704,689,674,673,676,678,713,717,718"
538,212u1060,1,1,cpp,106064,16.902316042,16.904749666,0,0,"669,633,627,622,616,613,436,610,605,603,598,597,451,452,454,558,562,552,553,468,475,479,481,496,502,503,514,504,509,508,493,492,367,366,369,372,377,485,411,463,423,424,417,431,429,400,398,395,393,387,389,273,272,268,267,279,281,283,285,310,249,234,236,230,842,851,920,860,863,217,212,211,207,206,258,261,263,197,194,190,183,181,172,167,154,143,140,135,126,125,7,8,4,1,0,1057,1053,1052,29,12,25,32,1043,1046,1038,1034,1031,1032,37,39,42,52,69,61,63,1028,1029,1015,991,985,975,974,964,963,949,958,80,76,82,87,86,101,97,95,110,109,882,879,872,871,908,902,899,898,926,952,953,933,945,942,941,827,939,936,938,837,833,822,821,808,810,814,316,307,303,300,299,349,351,348,344,327,324,330,337,340,342,794,792,779,778,765,757,751,534,541,543,542,747,740,738,732,731,734,736,574,578,579,725,699,722,720,708,703,689,674,673,676,678,713,717,718"
539,81rbg403,1,1,cpp,1170,0.515720542,0.523365875,0,0,"109,123,128,252,24,35,345,37,211,111,90,69,235,105,19,158,129,233,380,194,324,110,177,183,17,174,250,222,77,31,214,375,241,112,47,32,274,272,28,62,361,51,60,100,98,106,179,188,7,33,238,229,38,127,65,384,383,67,248,182,186,135,270,58,171,162,175,82,247,254,283,78,149,347,108,120,42,23,115,193,80"
540,81rbg403,1,1,julia,1170,0.75194975,0.761466125,0,0,"384,383,67,177,254,42,179,149,7,69,233,324,123,186,345,37,109,128,108,120,238,229,188,299,60,98,283,105,19,33,129,35,171,361,347,241,112,47,115,82,247,78,100,32,274,272,41,62,248,211,183,17,182,106,375,252,111,90,38,222,250,235,135,270,77,31,214,157,23,194,380,58,175,174,193,80,162,110,127,24,65"
541,53pr264,7,7,julia,29549,0.241032333,0.250253334,0,0,"120,60,38,39,41,42,44,56,49,54,124,149,151,233,227,159,160,161,147,163,237,236,263,218,217,175,181,184,183,253,261,256,257,202,196,195,134,131,88,82,81,6,11,12,73,103,70,23,25,24,109,112,128"
542,53pr264,7,7,cpp,29549,0.168969917,0.16920325,0,0,"120,36,38,39,41,42,44,56,49,126,124,149,228,233,227,159,160,161,147,163,162,236,263,218,217,175,178,184,183,253,261,256,257,202,196,195,134,131,88,82,81,6,11,12,73,103,70,23,25,66,109,112,128"
543,107si535,2,2,cpp,13515,1.706300542,1.714400916,0,0,"358,357,397,400,392,390,387,383,360,5,179,180,4,371,375,2,368,376,412,436,464,463,495,480,512,522,255,289,286,514,490,456,444,420,370,366,0,8,20,135,502,524,534,212,288,338,141,138,145,172,148,332,277,209,29,528,27,507,476,10,28,469,470,494,39,41,15,42,184,182,48,50,60,65,86,88,105,109,113,116,304,345,155,156,176,177,178,167,168,162,164,293,292,355,267,265,125,192,122,123,130,133,134,474,19,385,7"
544,107si535,2,2,julia,13505,2.21579975,2.223698458,0,0,"358,357,397,400,392,390,403,402,360,5,179,180,4,371,375,2,368,376,421,430,440,449,479,480,512,522,231,289,286,514,490,456,444,420,370,366,0,8,20,135,502,524,534,212,287,337,143,140,144,174,148,308,272,211,29,528,27,507,476,10,28,454,470,494,39,14,15,183,185,42,48,51,60,65,88,91,109,113,112,108,304,345,158,156,176,177,178,167,169,162,164,293,292,355,267,265,125,192,122,123,130,133,134,474,19,385,7"
545,36brg180,3,3,julia,4420,0.115991292,0.117967,0,0,"67,26,27,66,30,31,6,14,15,8,19,18,0,34,35,4,48,49,23,22,105,46,47,10,57,56,61,53,52,70,71,38,39,64,42,43"
546,36brg180,3,3,cpp,4420,0.07053425,0.071598334,0,0,"10,19,18,25,24,4,22,23,8,54,55,68,32,33,65,29,28,64,41,40,61,60,50,51,70,44,45,114,36,37,6,59,58,0,15,14"
547,64lin318,1,1,cpp,20765,0.295124333,0.296327416,0,0,"217,223,244,246,250,253,256,261,270,275,297,304,308,302,298,285,282,276,169,192,185,193,197,196,195,189,186,64,60,62,80,88,92,91,90,316,49,50,43,40,35,26,19,10,9,2,8,4,111,107,112,127,136,37,153,160,148,208,141,139,224,219,216,212"
548,64lin318,1,1,julia,20765,0.383606792,0.394808292,0,0,"218,223,244,246,250,253,256,261,270,275,297,304,308,302,298,285,282,276,169,192,185,193,197,196,195,189,186,64,60,62,80,88,92,91,90,316,49,50,43,40,35,26,19,10,9,2,8,4,111,107,112,127,136,37,153,160,148,208,141,139,224,219,216,212"
549,53gil262,2,2,julia,1013,0.278327,0.286287542,0,0,"133,28,131,168,242,221,251,254,97,13,142,44,186,90,93,118,143,151,250,207,159,257,187,243,98,67,70,228,204,89,210,78,212,111,197,53,172,227,82,149,247,88,8,100,234,224,255,65,174,225,77,200,158"
550,53gil262,2,2,cpp,1013,0.196647208,0.19689525,0,0,"200,77,225,174,65,255,224,240,100,8,88,247,149,82,227,172,53,197,111,212,78,210,89,204,228,70,141,98,243,187,257,159,207,250,151,143,118,93,90,186,44,142,13,97,254,251,221,242,180,131,28,133,158"
551,134gr666,10,10,cpp,163028,3.36327725,3.369310458,0,0,"107,115,114,116,117,125,124,129,130,169,168,170,148,183,187,189,193,206,216,217,220,224,211,214,230,232,231,233,202,201,200,160,163,504,514,459,491,490,416,413,407,403,334,299,293,250,242,238,140,234,17,16,308,309,0,464,463,437,462,465,466,473,532,536,538,550,555,552,573,572,576,579,583,590,585,591,596,599,609,610,611,622,485,619,476,477,480,478,1,2,4,11,10,8,19,24,25,28,35,55,63,68,75,76,82,81,85,136,96,97,92,664,663,661,662,660,659,653,654,655,656,657,658,635,636,638,646,647,640,641,642,644,648,665"
552,134gr666,10,10,julia,163028,4.28748425,4.47357975,0,0,"24,19,8,10,11,4,2,1,478,480,477,476,619,485,622,611,610,609,599,596,591,585,590,583,579,576,572,573,552,555,550,538,536,532,473,466,465,462,437,463,464,0,309,308,16,17,234,140,238,242,250,293,295,299,403,407,413,416,490,491,459,514,504,163,160,200,201,202,233,231,232,230,214,211,224,220,217,216,206,193,189,187,183,148,170,168,169,130,129,124,125,117,116,114,115,107,665,648,644,642,641,640,647,646,638,636,635,658,657,656,655,654,653,659,660,662,661,663,664,92,97,96,136,85,81,82,76,75,68,63,55,35,28,25"
553,40krob200,10,10,julia,13111,0.136937917,0.142716709,0,0,"155,47,186,147,35,17,104,54,142,87,172,140,183,29,74,68,193,196,38,188,141,84,157,90,7,0,89,160,8,26,60,93,177,185,195,88,181,32,127,50"
554,40krob200,10,10,cpp,13111,0.099169917,0.099355709,0,0,"196,38,188,141,84,157,90,28,97,11,89,8,26,60,93,177,185,195,88,181,32,127,50,155,47,186,147,35,17,104,54,142,87,172,140,183,29,74,68,193"
555,36brg180,10,10,cpp,4420,0.067783708,0.068821625,0,0,"28,29,63,52,53,71,40,41,61,45,44,67,66,33,32,69,56,57,0,48,49,4,37,36,6,25,24,8,20,21,168,16,17,10,12,13"
556,36brg180,10,10,julia,4420,0.118462625,0.1198915,0,0,"38,39,70,53,52,63,62,31,30,66,42,43,67,26,27,0,34,35,8,23,22,4,14,15,6,19,18,10,49,48,82,46,47,57,56,60"
557,157rat783,5,5,julia,3270,6.551557584,6.622001458,0,0,"12,27,43,68,53,61,49,30,35,76,73,75,57,11,17,16,36,51,96,99,114,122,152,155,160,162,168,163,149,140,166,196,212,243,259,281,300,307,319,336,348,361,377,411,439,449,473,458,463,493,526,574,604,652,635,608,590,555,534,528,514,512,491,459,432,425,407,409,390,374,359,344,332,346,345,324,289,280,258,257,242,221,194,204,238,235,241,276,301,327,343,355,389,400,422,451,465,481,510,550,585,596,626,644,647,677,708,733,768,760,744,757,756,712,706,683,709,739,765,769,779,740,715,750,752,743,716,686,662,646,636,594,549,544,531,509,480,470,460,441,412,366,328,313,296,263,246,237,193,180,169,148,108,86,83,39,5"
558,157rat783,5,5,cpp,3267,7.531681375,7.532998542,0,0,"39,83,86,108,148,169,180,193,237,246,263,296,313,328,366,412,441,460,480,453,474,487,501,508,545,549,594,591,592,588,570,526,493,463,440,416,418,423,425,432,459,491,512,514,528,534,555,590,608,621,665,688,672,701,669,662,686,716,743,782,781,780,749,748,747,754,736,756,757,760,768,746,717,705,689,678,651,647,626,596,585,550,510,481,465,457,422,400,389,355,343,327,301,276,238,241,235,204,194,221,242,257,258,305,324,345,346,344,332,302,310,325,347,363,384,387,377,361,319,307,282,281,225,212,196,166,140,149,156,168,162,139,127,97,106,110,135,152,122,109,51,36,16,22,46,32,38,35,30,49,61,53,68,43,27,12,5"
559,115rat575,3,3,cpp,2388,1.912968083,1.913914666,0,0,"558,562,563,566,568,571,550,526,502,480,458,459,434,433,411,389,365,343,320,297,274,227,226,203,181,179,178,176,151,172,171,169,146,124,100,99,78,81,82,85,109,133,110,113,67,44,19,16,14,12,33,10,32,29,27,25,24,47,71,95,118,140,141,162,184,185,186,211,212,234,278,300,324,348,347,369,393,415,417,396,374,352,354,330,284,285,263,264,265,291,292,313,337,360,382,404,428,427,451,474,497,493,469,467,466,465,487,485,484,506,507,531,532,555,557"
560,115rat575,3,3,julia,2399,2.565986917,2.6023385,0,0,"555,532,531,507,506,484,485,487,489,490,467,443,419,440,416,393,369,347,348,324,300,278,234,212,211,186,185,184,162,141,140,118,95,71,47,24,25,27,29,32,10,33,12,14,16,17,44,67,113,110,133,109,85,82,81,78,99,100,124,146,169,171,172,151,176,178,179,181,180,226,227,274,297,320,343,341,338,314,313,291,265,264,263,262,284,307,352,375,377,379,380,383,405,427,451,452,432,411,388,413,435,457,480,502,525,550,571,568,566,542,519,517,516,559,557"
561,40krob200,7,7,julia,13111,0.13679075,0.141758584,0,0,"160,89,0,7,90,157,84,141,188,38,196,193,68,74,29,183,140,172,87,142,54,104,17,35,147,186,47,155,50,127,32,181,88,195,185,177,93,60,26,8"
562,40krob200,7,7,cpp,13111,0.093758334,0.093937375,0,0,"142,54,104,17,35,147,186,47,155,50,127,32,181,88,195,185,177,93,60,26,8,160,89,0,7,90,157,84,141,188,38,196,193,68,74,29,183,140,172,87"
563,31pr152,3,3,cpp,51576,0.048364875,0.049446208,0,0,"12,13,33,35,50,91,77,71,89,113,122,121,119,118,117,109,83,60,82,86,81,87,65,42,17,9,6,10,5,11,4"
564,31pr152,3,3,julia,51576,0.0801395,0.082956333,0,0,"82,60,83,109,117,118,119,120,122,113,89,71,77,91,50,35,33,13,12,4,11,5,10,6,9,17,42,65,87,81,86"
565,41gr202,6,6,julia,23301,0.138603417,0.156008792,0,0,"66,67,73,74,75,76,77,78,79,82,85,86,92,94,118,119,124,163,165,177,179,181,193,201,199,196,151,145,23,21,18,11,9,7,1,0,15,50,53,70,63"
566,41gr202,6,6,cpp,23301,0.08667575,0.087206458,0,0,"193,181,179,177,165,163,124,119,118,94,92,86,85,82,79,78,77,76,75,74,73,67,66,63,70,53,50,15,0,1,7,9,11,18,22,23,145,151,196,199,201"
567,72rbg358,4,4,cpp,693,0.659773,0.665961041,0,0,"348,111,170,10,142,109,325,107,177,340,301,150,17,217,201,88,194,67,319,115,321,337,210,184,146,161,203,74,158,343,48,23,100,190,9,187,43,7,15,25,215,250,2,212,140,110,154,124,5,148,4,41,57,178,108,117,162,341,68,14,36,118,252,335,8,247,92,275,342,13,121,179"
568,72rbg358,4,4,julia,693,0.978287542,0.985813042,0,0,"108,4,154,14,190,9,194,67,319,115,321,337,210,348,177,340,301,150,170,92,275,342,13,121,48,57,187,203,74,140,110,17,252,335,2,100,162,161,341,247,88,142,109,325,107,41,43,7,15,25,215,250,8,23,212,68,124,5,148,117,217,201,178,184,64,10,36,118,111,158,343,179"
569,88pr439,1,1,julia,60099,1.282210167,1.306074625,0,0,"283,227,185,82,50,48,43,78,56,35,34,76,74,72,62,63,22,20,18,101,103,143,146,144,142,152,155,138,124,98,128,162,171,249,247,258,318,322,324,306,266,267,232,222,274,295,335,362,377,386,400,403,404,427,428,414,418,413,388,378,376,347,351,290,289,285,231,188,187,186,280,281,341,340,372,380,390,392,397,406,421,432,429,423,407,433,434,438"
570,88pr439,1,1,cpp,60099,0.894880209,0.895388333,0,0,"283,227,185,82,50,48,43,78,56,35,34,76,74,72,62,63,22,20,18,101,103,143,146,144,142,152,155,138,124,98,128,162,171,249,247,258,318,322,324,305,266,267,232,222,274,295,335,362,377,386,400,403,416,427,428,414,418,413,388,378,376,347,351,290,289,285,231,188,187,186,280,281,341,340,372,380,390,392,397,406,421,432,429,423,407,433,434,438"
571,107att532,2,2,cpp,13468,1.565494542,1.567068083,0,0,"503,490,477,440,448,461,491,518,530,494,466,455,460,446,432,399,394,393,392,370,348,354,300,267,231,283,298,307,302,293,327,356,365,381,404,403,424,433,408,341,305,306,296,251,224,147,137,89,44,23,14,5,1,4,20,26,76,123,159,134,133,90,55,49,91,145,115,61,120,141,97,172,138,116,273,335,329,250,237,238,360,346,310,219,239,255,313,377,405,421,456,465,479,510,516,526,513,509,498,478,442,389,400,376,388,431,470"
572,107att532,2,2,julia,13468,1.950199125,1.9879575,0,0,"503,490,477,440,448,461,491,518,530,494,466,455,460,446,432,399,394,393,392,370,348,354,300,267,231,283,298,307,302,293,327,356,365,381,404,403,424,433,408,341,305,306,296,268,224,147,137,89,44,23,14,5,1,4,18,26,76,123,159,134,133,90,55,49,91,145,115,61,120,141,97,172,138,116,273,335,329,250,237,238,360,346,310,219,239,255,313,377,405,421,456,465,479,510,516,526,513,509,498,478,442,389,400,376,388,431,470"
573,36brg180,9,9,julia,4420,0.118676084,0.120122708,0,0,"53,70,42,43,71,56,57,63,28,29,62,33,32,66,67,38,39,6,49,48,93,18,19,0,22,23,8,24,25,15,14,4,46,47,10,52"
574,36brg180,9,9,cpp,4420,0.064514542,0.065523208,0,0,"14,15,10,18,19,37,36,8,25,24,6,22,23,154,52,53,62,28,29,63,56,57,70,45,44,71,40,41,67,66,32,33,0,48,49,4"
575,217vm1084,7,7,cpp,130704,16.499989792,16.503285,0,0,"143,195,276,327,211,126,100,341,29,342,234,27,315,332,430,725,715,281,714,799,282,525,908,844,871,642,643,284,335,389,278,401,229,425,345,41,84,344,10,205,393,622,324,378,268,646,14,316,336,745,12,361,271,209,208,181,394,496,150,190,131,80,358,39,406,860,742,920,875,1047,602,235,331,16,337,357,495,478,213,618,452,273,467,458,655,601,440,636,446,594,863,907,476,439,571,182,433,470,295,19,107,43,376,457,552,515,454,553,445,720,991,988,511,413,68,475,1079,414,238,1041,718,983,155,559,51,55,122,123,200,178,503,632,98,243,578,255,397,173,2,381,254,396,248,103,240,251,444,507,386,172,520,438,509,418,471,626,44,517,521,469,175,508,257,502,104,249,649,395,435,49,88,46,154,310,32,53,124,96,630,309,545,1009,694,263,71,264,58,59,61,256,580,608,581,373,447,171,170,604,615,609,605,585,106,115,117,482,661,752,835,21,8,226,294,423,432,486,189"
576,217vm1084,7,7,julia,130704,17.85004275,17.984991209,0,0,"143,195,276,327,211,126,330,341,29,342,234,27,315,332,430,725,715,281,714,799,282,525,908,892,871,642,643,284,335,389,278,401,229,425,345,41,84,344,10,205,393,622,324,378,268,646,14,316,336,745,12,361,271,209,208,181,394,496,150,190,131,80,358,39,406,860,877,749,873,1047,602,235,331,16,337,357,495,478,213,618,452,273,467,458,655,601,440,636,446,594,863,907,476,439,571,182,433,470,295,19,107,43,376,457,552,515,454,553,445,720,1014,988,511,413,68,475,1079,414,238,1041,723,983,155,559,51,55,122,123,200,178,503,632,98,243,578,255,397,173,2,381,254,396,248,103,240,251,444,507,386,172,520,438,509,418,471,626,44,95,521,469,175,508,257,502,104,249,649,395,435,49,88,46,154,310,32,53,124,96,630,309,545,1009,694,263,71,264,58,59,61,256,580,608,581,373,447,171,170,604,615,609,605,585,106,115,117,482,661,752,835,21,8,226,294,423,432,486,189"
577,84fl417,6,6,julia,9651,0.804486292,0.825210084,0,0,"58,52,38,41,44,46,48,50,56,54,51,49,42,40,37,35,172,166,160,154,338,337,355,353,350,349,21,7,18,30,20,5,11,16,14,29,22,144,138,132,331,330,343,341,340,32,36,39,59,71,102,400,401,403,390,392,202,208,214,222,368,371,373,374,376,377,251,285,291,104,101,97,98,75,80,79,73,95,94,86,89,68,61,57"
578,84fl417,6,6,cpp,9651,0.613366334,0.613911875,0,0,"61,68,89,86,94,95,73,79,80,75,98,97,101,104,291,285,279,377,376,374,373,370,368,247,214,208,202,392,406,402,401,400,102,71,59,39,36,32,340,341,343,330,332,132,138,144,22,29,14,16,11,5,20,30,18,7,21,349,350,351,355,337,338,154,160,166,172,35,37,40,42,49,51,54,56,50,48,46,44,41,38,52,58,57"
579,201pr1002,2,2,cpp,114311,9.874725875,9.877814667,0,0,"182,179,178,172,171,166,154,153,251,994,148,143,142,139,131,132,95,77,78,74,75,0,2,3,6,11,67,71,53,57,59,32,31,24,25,331,330,312,309,308,295,288,402,403,422,423,427,429,452,450,447,606,609,628,632,633,374,411,408,378,387,386,393,395,336,340,345,348,353,355,659,657,653,650,623,615,731,730,735,736,706,713,721,723,664,665,668,673,674,682,987,986,692,700,967,965,964,951,943,941,954,938,936,930,929,912,913,904,925,926,884,885,888,892,893,894,850,851,864,863,859,1001,836,835,815,816,822,820,808,806,798,801,782,780,758,999,752,789,793,794,602,601,599,597,586,580,579,590,591,558,562,564,566,515,521,538,536,535,531,998,510,506,500,498,488,489,490,491,480,478,471,470,468,272,273,274,276,283,298,110,109,105,123,122,121,256,269,259,260,245,263,224,232,239,236,217,208,207,205,201,995"
580,201pr1002,2,2,julia,114394,13.152003791,13.266394834,0,0,"201,205,207,208,217,236,239,232,224,263,245,260,259,269,256,121,122,123,105,109,110,298,283,276,274,273,272,468,470,471,478,480,482,490,489,488,498,500,506,510,998,531,535,536,538,521,515,566,564,562,558,590,588,587,575,579,585,584,454,455,431,433,630,627,608,604,602,601,600,794,793,789,752,999,758,780,782,801,798,806,808,820,822,816,815,835,836,1001,859,863,864,851,850,894,893,892,890,885,884,926,925,904,913,912,929,930,936,938,954,941,943,951,964,965,967,700,692,986,987,682,674,673,668,665,664,723,721,713,706,736,735,730,731,615,623,636,637,639,643,657,659,354,353,348,345,340,336,395,393,386,387,378,410,409,420,422,403,402,288,295,308,309,312,330,331,25,24,31,32,59,57,53,71,67,11,6,3,2,0,75,74,78,77,95,132,131,139,142,143,148,994,251,153,164,166,171,172,178,179,182,995"
581,145u724,5,5,julia,17281,7.599898625,7.659162167,0,0,"11,13,25,94,31,684,48,670,681,672,612,611,621,153,165,141,144,178,179,559,561,537,201,237,240,327,333,303,305,314,309,396,394,393,382,375,367,471,402,363,467,417,418,459,462,452,432,430,414,364,293,294,292,295,477,489,490,491,496,322,331,321,227,204,200,195,253,220,207,215,345,343,497,503,353,502,211,252,210,525,520,264,523,258,270,281,130,283,282,584,583,601,133,588,556,187,549,573,574,558,591,605,607,152,618,662,663,665,676,35,38,28,92,21,95,93,88,87,66,107,116,651,647,640,122,118,121,649,103,62,114,110,109,16,699,700,709,701,702,712,3,10,721,723,0"
582,145u724,5,5,cpp,17281,4.415386083,4.416627875,0,0,"11,13,25,94,31,80,48,670,681,672,612,611,621,153,165,141,143,178,179,559,561,537,201,237,240,327,333,303,305,314,309,396,394,393,382,375,367,471,402,363,467,417,418,459,462,452,434,430,414,364,293,294,292,295,477,489,490,491,496,322,331,321,227,204,200,195,253,220,207,215,345,343,497,503,353,502,211,252,210,525,520,264,523,258,270,281,130,283,282,584,583,601,133,588,556,187,549,573,574,558,591,605,607,152,618,662,663,665,676,35,38,28,92,21,95,93,88,87,66,107,116,651,647,640,122,118,121,649,69,62,114,110,109,16,699,700,709,701,702,712,3,10,721,723,0"
583,207si1032,9,9,cpp,22329,13.308679084,13.335505833,0,0,"17,84,14,11,10,8,7,5,4,2,72,148,147,240,245,244,154,153,158,157,163,256,166,167,264,265,420,350,345,255,251,342,341,451,461,480,540,549,546,523,476,448,415,357,360,275,278,279,368,419,409,442,482,542,759,765,767,827,904,909,997,576,993,647,645,666,669,628,991,1027,584,706,707,573,1014,569,1024,555,672,674,714,653,648,996,562,998,643,686,641,561,1007,964,924,814,763,761,810,809,756,754,803,802,872,878,859,774,773,816,818,855,823,791,538,459,490,441,424,402,331,332,239,232,141,71,67,68,65,135,61,62,59,58,56,55,53,52,50,120,47,46,44,43,41,40,38,108,113,201,202,206,205,211,304,214,215,217,218,221,222,226,225,231,324,321,319,393,390,391,392,497,512,382,381,471,498,499,473,437,412,299,293,292,195,288,284,191,187,186,105,35,32,31,28,25,26,180,181,178,177,174,173,92,91,23,22,19,16"
584,207si1032,9,9,julia,22328,16.409436959,16.442067708,0,0,"17,14,84,11,10,8,7,5,4,2,72,149,150,147,240,247,339,451,461,480,540,522,546,523,476,448,415,420,350,345,255,342,251,154,153,157,158,256,163,166,167,265,269,268,170,169,172,177,178,183,276,275,360,363,368,419,409,442,482,542,759,765,767,827,904,909,997,576,647,645,666,669,580,1012,988,850,820,780,781,775,816,778,797,798,874,873,950,1018,571,1016,956,1023,587,1001,706,707,716,715,675,653,648,996,562,998,643,686,641,561,1007,964,924,804,763,761,810,809,756,754,441,424,459,490,515,398,397,396,319,393,390,391,497,512,382,381,471,498,499,473,437,412,299,293,195,288,198,197,201,202,205,206,211,304,215,214,217,218,222,221,225,226,231,324,235,234,332,239,141,71,67,68,65,135,62,61,58,59,55,56,52,53,120,50,46,47,44,43,40,41,108,38,284,191,187,186,105,35,31,32,99,29,25,26,23,22,19,20,16"
585,53gil262,7,7,julia,1013,0.279746667,0.288256083,0,0,"133,28,131,168,242,221,251,254,97,13,142,44,186,90,93,118,191,151,250,207,159,257,187,243,98,67,70,228,204,89,210,78,212,111,72,53,172,227,205,35,247,88,8,100,234,224,255,65,174,225,77,200,158"
586,53gil262,7,7,cpp,1013,0.207159834,0.207397333,0,0,"200,77,225,174,65,55,224,234,100,8,88,247,219,205,227,172,53,72,111,212,78,210,89,204,228,70,141,98,243,187,257,159,207,250,151,143,118,93,49,186,44,142,13,97,254,251,221,242,168,131,28,133,158"
587,64lin318,6,6,cpp,20765,0.308701083,0.30909925,0,0,"216,219,224,139,141,208,148,160,153,37,136,127,112,107,111,4,8,2,9,10,19,26,35,40,43,46,50,316,90,91,92,88,80,62,60,64,186,189,195,196,197,193,185,192,169,276,282,285,298,302,308,304,297,275,270,261,256,253,250,246,244,223,218,212"
588,64lin318,6,6,julia,20765,0.397848042,0.409626625,0,0,"216,219,224,139,141,208,148,160,153,37,136,127,112,107,111,4,8,2,9,10,19,26,35,40,43,50,49,316,90,91,92,88,80,62,60,64,186,189,195,196,197,193,185,192,169,276,282,285,298,302,308,304,297,275,270,261,256,253,250,246,244,223,218,212"
589,35ftv170,8,8,julia,1205,0.098253375,0.103062084,0,0,"144,141,6,1,113,115,104,125,118,102,163,99,90,87,67,63,55,54,46,39,38,10,76,12,13,21,29,22,23,15,25,148,147,136,145"
590,35ftv170,8,8,cpp,1205,0.057642584,0.059783291,0,0,"144,141,6,2,113,115,104,125,118,102,163,98,90,87,66,64,55,54,46,39,38,75,76,12,13,17,29,22,23,15,150,149,137,136,145"
591,45ts225,6,6,cpp,68340,0.177932,0.17914125,0,0,"5,8,132,35,138,137,16,17,20,147,148,45,42,41,66,68,70,197,97,221,222,120,218,217,114,111,108,106,104,202,201,79,82,83,86,89,187,58,55,54,152,151,27,127,4"
592,45ts225,6,6,julia,68340,0.214518334,0.220655375,0,0,"7,8,132,35,138,137,16,18,20,147,148,45,44,41,66,67,70,197,97,221,222,120,218,217,114,111,108,107,104,202,201,79,81,84,87,89,187,58,56,54,152,151,27,127,4"
593,89pcb442,5,5,julia,21657,1.155877,1.179476458,0,0,"4,5,6,44,46,48,49,83,84,55,56,28,29,30,96,124,134,133,123,122,132,131,143,142,389,128,117,116,127,137,174,211,212,199,213,222,223,224,232,258,411,412,217,197,208,225,413,419,274,334,335,372,431,329,328,364,363,362,360,434,295,277,416,414,246,424,289,314,351,350,432,347,427,281,425,240,239,238,233,405,400,185,172,160,148,440,101,65,441"
594,89pcb442,5,5,cpp,21740,1.05055025,1.051113459,0,0,"65,101,440,148,160,172,185,400,405,233,238,239,240,425,281,427,347,432,350,351,314,289,424,246,247,230,212,199,211,174,137,127,116,117,128,141,177,190,214,224,407,258,256,254,277,295,434,360,361,363,364,328,329,431,372,335,334,274,419,415,413,225,208,197,181,168,144,131,122,123,133,134,124,96,30,29,28,56,55,84,83,49,48,47,44,6,5,4,441"
595,46pr226,8,8,cpp,64007,0.108584,0.109844334,0,0,"72,78,79,113,106,132,131,221,216,209,202,199,191,186,175,167,160,156,150,143,93,40,39,38,41,42,45,47,48,27,21,20,49,55,56,63,19,18,64,65,68,70,71,7,1,0"
596,46pr226,8,8,julia,64007,0.160578417,0.166741625,0,0,"1,7,71,70,68,65,64,18,19,63,56,55,49,20,21,27,48,47,45,42,41,38,39,40,93,143,150,156,158,171,176,185,191,193,201,208,217,221,131,132,106,113,79,78,72,0"
597,84fl417,10,10,julia,9651,0.743954417,0.764079959,0,0,"58,52,38,41,44,46,48,50,56,54,51,49,42,40,37,35,172,166,160,154,338,337,355,352,350,349,21,7,18,30,20,5,11,16,14,29,22,144,136,130,332,346,343,341,340,32,36,39,59,71,102,400,401,402,406,392,202,208,241,247,368,372,373,374,376,377,275,283,291,104,101,97,98,75,80,79,73,95,94,86,89,68,61,57"
598,84fl417,10,10,cpp,9651,0.645978416,0.646451916,0,0,"58,57,61,68,89,86,94,95,73,79,80,75,98,97,101,104,291,285,251,378,376,374,373,372,368,247,214,208,202,392,406,403,401,400,102,71,59,39,36,32,340,341,343,346,332,130,138,144,22,29,14,16,11,5,20,30,18,7,21,349,350,353,356,337,338,154,160,166,172,35,37,40,42,49,51,54,56,50,48,46,44,41,38,52"
599,84fl417,1,1,cpp,9651,0.538686291,0.539271208,0,0,"58,52,38,41,44,46,48,50,56,54,51,49,42,40,37,35,172,166,160,154,338,337,355,352,350,349,21,7,18,30,20,5,11,16,14,29,22,144,138,132,332,346,342,341,340,32,36,39,59,71,102,400,389,362,363,365,366,211,217,223,368,370,373,374,376,377,275,285,291,104,101,97,98,75,80,79,73,95,94,86,89,68,61,57"
600,84fl417,1,1,julia,9651,0.787801625,0.807517583,0,0,"58,52,38,41,44,46,48,50,56,54,51,49,42,40,37,35,172,166,160,154,338,337,356,353,350,349,21,7,18,30,20,5,11,16,14,29,22,144,138,132,331,330,343,341,340,32,36,39,59,71,102,400,401,402,406,392,202,210,216,222,368,371,373,374,376,377,277,285,291,104,101,97,98,75,80,79,73,95,94,86,89,68,61,57"
601,46gr229,2,2,julia,71972,0.193070208,0.216804,0,0,"42,44,41,45,183,186,175,174,39,32,29,27,1,12,15,53,58,77,72,102,111,112,113,137,138,151,150,154,204,205,211,210,202,200,199,222,221,219,215,216,226,227,228,225,224,223"
602,46gr229,2,2,cpp,71972,0.120480917,0.121247542,0,0,"137,138,151,150,154,204,205,211,210,202,200,199,222,221,219,215,216,226,227,228,225,224,223,42,44,41,45,183,186,175,174,39,32,29,27,1,12,15,53,58,77,72,102,111,112,113"
603,115rat575,2,2,cpp,2399,2.035330625,2.03610375,0,0,"555,532,531,507,506,484,485,487,489,490,467,443,419,440,416,393,369,347,348,324,300,278,234,212,211,186,185,184,162,141,140,118,95,71,47,24,25,27,29,32,10,33,12,14,16,19,44,67,113,110,133,109,85,82,81,78,99,100,124,146,169,171,172,151,176,178,179,181,203,226,227,274,297,320,343,341,338,314,313,291,265,264,263,262,284,307,352,375,377,379,380,383,405,427,451,452,431,411,388,413,435,457,480,502,526,550,571,568,566,542,519,517,516,559,557"
604,115rat575,2,2,julia,2399,3.279450125,3.316422875,0,0,"555,532,531,507,506,484,485,487,489,490,467,443,419,440,416,393,369,347,348,324,300,278,234,212,211,186,185,184,162,141,140,118,95,71,47,24,25,27,29,32,10,33,12,14,16,17,44,90,113,110,133,109,85,82,81,78,99,100,124,146,169,171,172,151,176,178,179,181,180,226,227,274,297,320,343,341,338,314,313,291,265,264,263,262,284,307,352,375,377,379,380,383,405,427,451,452,431,411,388,413,435,457,480,502,526,550,571,568,566,542,519,517,516,559,557"
605,157rat783,3,3,julia,3274,7.54239175,7.611599459,0,0,"39,83,86,108,148,169,180,193,237,246,263,296,313,328,366,393,398,411,377,361,348,336,319,307,287,286,256,225,212,196,166,140,149,156,168,162,160,161,183,221,242,257,258,280,289,324,345,349,332,344,359,374,390,418,440,463,475,473,464,453,470,460,478,509,531,544,549,594,636,646,662,686,716,743,752,750,715,740,779,769,747,754,736,756,757,760,768,746,717,705,689,684,651,610,585,578,589,612,627,665,685,652,632,604,574,542,557,555,534,528,514,494,472,429,425,432,484,505,510,481,444,422,400,389,355,343,327,301,276,238,241,215,179,146,122,114,99,96,51,36,16,17,11,57,75,73,76,63,35,30,61,53,68,43,27,12,5"
606,157rat783,3,3,cpp,3268,6.543143875,6.544557958,0,0,"39,83,86,108,148,169,180,193,237,246,263,296,313,328,366,393,441,460,470,480,509,531,544,549,594,636,646,662,686,716,743,752,750,715,740,779,769,765,739,688,652,650,665,706,712,756,757,744,760,768,733,687,677,647,644,626,596,585,550,510,481,465,457,422,400,389,355,343,327,301,276,238,241,235,204,194,221,242,257,258,280,289,324,345,346,332,344,359,374,390,409,407,425,432,459,491,512,514,528,534,586,602,600,604,574,526,493,463,458,473,449,439,411,377,361,348,336,319,307,287,286,256,225,212,196,166,140,149,156,168,162,139,127,97,106,110,135,152,122,109,51,36,16,22,46,32,38,35,30,49,61,53,68,43,27,12,5"
607,35si175,1,1,cpp,5564,0.074243792,0.076163708,0,0,"151,163,122,123,130,131,134,138,137,167,112,147,102,101,86,44,82,95,37,78,32,7,9,1,2,17,19,3,28,27,66,72,73,93,110"
608,35si175,1,1,julia,5564,0.104488542,0.105495958,0,0,"94,73,72,66,27,28,3,19,17,2,1,9,7,32,78,37,95,82,44,86,101,102,147,112,167,137,138,134,131,130,123,122,163,151,110"
609,113pa561,7,7,julia,1038,2.401976667,2.411303667,0,0,"365,379,427,341,356,352,335,332,323,0,152,155,162,164,139,165,480,484,485,408,413,416,458,512,503,508,506,228,240,222,220,137,214,190,189,187,182,180,56,70,54,42,39,35,11,18,21,30,64,73,86,82,81,88,101,205,210,213,202,252,258,259,253,256,261,309,310,311,318,315,319,303,305,306,307,300,294,291,278,271,272,266,245,239,237,236,250,248,251,286,285,283,558,557,553,552,546,544,545,472,475,478,468,445,443,387,448,449,396,395,372,369,368"
610,113pa561,7,7,cpp,1038,2.082857625,2.088490792,0,0,"291,298,300,307,306,305,303,321,315,313,311,310,309,261,256,253,259,258,252,202,213,210,205,101,103,81,82,86,73,64,22,30,19,18,11,39,43,42,70,56,180,182,187,189,190,214,137,220,222,240,229,228,506,508,503,518,458,416,410,408,485,483,480,165,139,164,162,155,152,0,323,332,335,352,356,361,341,427,363,368,369,372,396,395,449,448,387,443,445,468,478,477,549,545,544,546,552,553,557,558,283,284,286,251,248,249,250,237,239,266,271,272,278"
611,87gr431,1,1,cpp,101946,0.877681041,0.88055375,0,0,"403,404,402,401,361,363,365,366,377,383,386,251,389,250,245,244,246,243,240,239,235,234,232,230,229,227,203,204,81,78,82,67,73,75,74,0,15,25,26,136,142,190,192,220,257,258,268,271,277,276,292,296,300,313,321,318,315,326,372,332,339,341,342,353,352,356,358,405,413,406,407,408,410,412,421,417,418,419,428,429,430,427,426,425,424,423,422"
612,87gr431,1,1,julia,101946,1.181633834,1.25860225,0,0,"136,142,190,192,220,257,258,268,271,277,276,292,296,300,313,321,318,315,326,372,332,339,341,342,353,352,356,358,405,413,406,407,408,410,412,421,417,418,419,428,429,430,427,426,425,424,423,422,403,404,402,401,361,363,365,366,377,383,386,251,389,250,245,244,246,243,240,239,235,234,232,230,229,227,203,204,81,78,82,67,73,75,74,0,15,25,26"
613,46gr229,8,8,julia,71972,0.188056583,0.2113545,0,0,"42,44,41,45,183,186,175,174,39,32,29,27,1,12,15,53,58,77,72,102,111,112,128,137,138,151,150,154,204,205,211,210,202,200,199,222,221,219,215,216,226,227,228,225,224,223"
614,46gr229,8,8,cpp,71972,0.168403084,0.169188541,0,0,"42,44,41,45,183,186,175,174,39,32,29,27,1,12,15,53,58,77,72,102,111,112,128,137,138,151,150,154,204,205,211,210,202,200,199,222,221,219,215,216,226,227,228,225,224,223"
615,89rbg443,8,8,cpp,632,1.307261583,1.316541917,0,0,"30,68,160,84,252,142,97,376,76,399,258,204,74,300,60,167,61,185,406,389,241,180,18,367,391,274,373,151,85,162,94,230,273,93,414,63,65,254,292,176,266,433,2,81,394,20,100,14,82,330,104,305,264,146,189,86,0,269,83,342,283,323,285,57,41,7,416,278,45,159,49,80,211,182,181,31,75,397,355,87,427,380,343,244,127,242,262,186,192"
616,89rbg443,8,8,julia,636,1.970353209,1.981764417,0,0,"204,49,80,68,87,7,159,42,76,43,60,41,211,182,305,264,146,167,61,185,66,74,399,258,330,104,214,100,14,82,162,94,151,85,181,31,75,189,18,433,19,81,93,414,406,389,241,397,355,342,283,272,343,391,274,373,160,84,252,142,97,376,273,127,242,262,186,192,63,65,254,416,278,45,427,380,307,20,317,292,176,266,367,244,30,33,0,269,83"
617,46gr229,1,1,julia,71972,0.190114709,0.2126415,0,0,"42,44,41,45,183,186,175,174,39,32,29,27,1,12,15,53,58,77,72,102,111,112,113,137,138,151,150,154,204,205,211,210,202,200,199,222,221,219,215,216,226,227,228,225,224,223"
618,46gr229,1,1,cpp,71972,0.137766959,0.138608792,0,0,"224,225,228,227,226,216,215,219,221,222,199,200,202,210,211,205,204,154,150,151,138,137,128,112,111,102,72,77,58,53,15,12,1,27,29,32,39,174,175,186,183,45,41,44,42,223"
619,113pa561,9,9,cpp,1038,2.086915292,2.092647833,0,0,"271,272,266,245,239,237,249,250,248,251,281,284,283,558,557,553,547,546,544,545,472,477,478,468,446,443,387,448,449,396,395,372,369,368,363,379,427,341,356,352,350,332,323,0,152,155,162,164,139,165,480,484,485,408,410,416,458,512,503,508,506,228,240,222,220,137,214,190,189,187,182,180,55,70,46,42,36,35,11,18,21,30,64,73,84,82,81,103,101,205,210,213,203,252,258,259,253,256,261,309,310,311,314,315,321,303,305,306,307,300,293,291,278"
620,113pa561,9,9,julia,1038,2.251797292,2.258385958,0,0,"506,508,503,515,458,416,413,408,485,483,480,165,139,164,162,155,152,0,323,332,335,352,356,361,341,427,364,368,369,372,396,393,449,448,387,443,466,468,478,475,472,545,544,546,552,553,557,558,283,285,281,251,248,249,250,237,229,228,240,222,220,137,214,190,189,187,182,180,56,70,54,42,39,35,11,18,21,30,64,73,86,82,81,103,101,205,210,213,202,252,258,259,253,256,261,264,310,311,318,315,319,303,305,306,307,300,293,291,278,272,271,266,239"
621,132d657,2,2,julia,22549,5.0584405,5.108840792,0,0,"11,21,20,18,23,440,25,462,458,460,459,475,477,519,518,516,522,532,535,539,542,548,553,560,561,628,629,636,643,647,649,627,654,655,656,575,576,577,585,590,599,611,614,621,619,624,622,620,337,598,589,586,246,229,202,567,559,511,182,216,222,278,285,316,343,360,381,383,428,417,392,363,376,396,405,401,430,422,421,415,409,390,361,346,342,309,308,299,271,261,235,231,237,163,156,190,178,165,204,225,232,227,270,311,312,305,277,249,223,188,175,506,505,496,491,83,82,75,80,112,121,149,147,113,72,63,73,79,64,3,2,0"
622,132d657,2,2,cpp,22530,3.431881542,3.432917292,0,0,"2,3,64,79,101,128,163,237,231,220,218,217,199,204,157,119,139,149,121,112,80,75,82,83,491,496,505,506,175,188,233,274,283,313,328,312,305,311,242,227,247,251,254,292,309,303,323,317,345,390,409,421,415,397,388,430,401,405,410,412,417,411,418,383,381,360,330,295,245,216,182,511,559,567,202,229,246,586,589,598,337,620,622,624,619,621,614,611,599,590,585,577,576,575,656,655,654,627,649,647,643,636,629,628,561,560,553,548,542,539,535,523,522,516,517,519,477,475,459,460,458,462,441,445,23,26,48,40,28,24,11,0"
623,46pr226,5,5,cpp,64007,0.107836542,0.109023833,0,0,"1,7,71,70,68,65,64,18,19,63,56,55,49,20,21,27,48,47,45,42,41,38,39,40,93,143,150,156,157,167,175,183,190,193,201,206,215,221,131,132,106,113,79,78,72,0"
624,46pr226,5,5,julia,64007,0.162073542,0.168395167,0,0,"48,47,45,42,41,38,39,40,93,143,150,156,161,167,176,185,190,194,204,209,218,221,131,132,106,113,79,78,72,0,1,7,71,70,68,65,64,18,19,63,56,55,49,20,21,27"
625,113pa561,5,5,julia,1038,2.521255541,2.5278335,0,0,"277,293,300,307,306,305,303,319,315,314,311,310,264,261,256,253,259,258,252,203,213,208,205,101,103,81,82,86,73,64,22,30,19,18,11,36,43,42,70,55,180,182,187,189,190,214,137,220,222,240,237,249,250,248,251,281,285,283,558,557,553,547,546,544,545,472,475,478,468,466,443,387,448,449,396,395,372,369,368,364,379,427,341,356,352,335,332,330,0,152,155,162,164,139,165,480,483,485,408,413,416,458,518,503,508,506,229,228,239,266,272,271,278"
626,113pa561,5,5,cpp,1038,2.173134458,2.178822709,0,0,"291,294,300,307,306,305,303,321,315,314,311,310,309,261,256,253,259,258,252,203,213,210,205,101,103,81,82,86,73,64,22,30,19,18,11,39,43,42,70,55,180,182,187,189,190,214,137,220,222,240,229,228,506,508,503,515,458,416,413,408,485,482,480,165,139,164,162,155,152,0,330,332,335,352,356,361,341,427,364,368,369,372,396,393,449,448,387,443,466,468,478,475,549,545,544,546,552,553,557,558,283,285,286,251,248,249,250,237,239,266,271,272,278"
627,64lin318,4,4,cpp,20765,0.307280875,0.307898458,0,0,"216,219,224,139,141,208,148,160,153,37,136,127,112,107,111,4,8,2,9,10,19,26,35,40,43,46,50,316,90,91,92,88,80,62,60,64,186,189,195,196,197,193,185,192,169,276,282,285,298,302,308,304,297,275,270,261,256,253,250,246,244,223,217,212"
628,64lin318,4,4,julia,20765,0.421536333,0.433451958,0,0,"218,223,244,246,250,253,256,261,270,275,297,304,308,302,298,285,282,276,169,192,185,193,197,196,195,189,186,64,60,62,80,88,92,91,90,316,49,50,43,40,35,26,19,10,9,2,8,4,111,107,112,127,136,37,153,160,148,208,141,139,224,219,216,212"
629,87gr431,10,10,julia,101946,1.337004666,1.416234625,0,0,"15,25,26,136,142,190,192,220,257,258,268,271,277,276,292,296,300,313,321,318,315,326,372,332,339,341,342,353,352,356,358,405,413,406,407,408,410,412,421,417,418,419,428,429,430,427,426,425,424,423,422,403,404,402,401,361,363,365,366,377,383,386,251,389,250,245,244,246,243,240,239,235,234,232,230,229,227,203,204,81,78,82,67,73,75,74,0"
630,87gr431,10,10,cpp,101946,0.936833208,0.939278292,0,0,"203,204,81,78,82,67,73,75,74,0,15,25,26,136,142,190,192,220,257,258,268,271,277,276,292,296,300,313,321,318,315,326,372,332,339,341,342,353,352,356,358,405,413,406,407,408,410,412,421,417,418,419,428,429,430,427,426,425,424,423,422,403,404,402,401,361,363,365,366,377,383,386,251,389,250,245,244,246,243,240,239,235,234,232,230,229,227"
631,157rat783,1,1,cpp,3265,6.141009125,6.143280125,0,0,"39,83,86,108,148,169,180,193,237,246,263,296,313,328,366,393,441,460,480,470,453,464,473,475,463,440,416,418,423,425,432,459,494,514,528,534,555,557,542,552,543,544,545,549,594,636,646,662,686,716,743,752,750,715,740,779,769,765,739,699,653,630,621,620,660,706,712,756,757,744,760,768,733,687,677,647,644,626,596,585,550,525,505,483,481,444,422,400,389,355,343,327,301,276,238,241,235,204,194,221,242,257,258,305,324,345,346,344,332,302,310,325,347,363,384,387,377,361,319,307,287,281,225,212,196,166,140,149,163,168,162,160,155,152,122,114,99,96,51,36,16,17,11,57,75,73,76,63,35,30,61,53,68,43,27,12,5"
632,157rat783,1,1,julia,3268,6.598469959,6.66516625,0,0,"12,27,43,68,53,61,49,30,35,76,73,75,57,11,17,16,36,51,96,99,114,122,152,150,151,162,168,156,149,140,166,196,212,225,281,287,307,319,361,377,387,372,363,347,325,310,302,332,344,349,345,324,305,258,257,242,221,194,204,238,235,241,276,301,327,343,355,389,400,422,444,481,483,505,529,547,585,596,626,644,647,677,708,733,768,760,744,757,756,712,706,683,709,739,765,748,749,780,781,782,743,716,686,701,672,663,636,634,607,549,545,544,536,542,574,604,613,599,602,586,534,528,514,494,459,432,425,423,418,416,440,463,475,473,464,453,470,478,460,441,412,366,328,313,296,263,246,237,193,180,169,148,108,86,83,39,5"
633,131p654,7,7,julia,27428,3.020615833,3.070398333,0,0,"548,533,534,551,553,555,557,558,559,113,125,145,173,185,189,101,99,98,97,96,95,93,91,92,89,81,85,86,84,83,80,76,73,75,78,77,74,561,562,563,565,544,545,547,571,209,225,245,269,277,285,105,104,103,72,71,70,69,67,68,66,65,64,62,9,8,7,6,12,10,61,13,34,29,22,24,23,25,33,37,40,42,46,47,48,49,52,50,51,56,59,58,57,17,18,463,477,456,435,423,399,601,600,599,596,594,593,590,587,391,375,347,327,319,307,586,585,607,582,581,580,578,574,573,15,16,14,4,3,1,0"
634,131p654,7,7,cpp,27428,2.243987,2.245036584,0,0,"548,533,534,551,553,555,557,558,559,113,125,129,165,181,189,101,99,98,97,96,95,93,91,92,89,81,85,86,84,83,80,76,73,75,78,77,74,561,562,564,565,566,545,547,571,205,229,237,265,277,285,105,104,103,72,71,70,69,67,68,66,65,64,62,9,8,7,6,12,10,61,13,34,29,22,24,23,25,33,37,40,42,46,47,48,49,52,50,51,56,59,58,57,17,18,463,477,456,435,414,402,601,600,599,597,595,593,591,588,387,355,347,339,323,311,586,585,607,582,581,579,578,575,573,15,16,14,4,3,1,0"
635,53gil262,10,10,cpp,1013,0.178017416,0.178570584,0,0,"133,28,131,170,242,221,251,254,97,13,142,44,186,90,93,118,191,151,250,207,159,257,187,243,98,67,70,228,204,89,210,78,212,111,197,53,172,227,205,35,247,88,8,100,234,224,55,65,174,225,77,200,158"
636,53gil262,10,10,julia,1013,0.280497625,0.288644083,0,0,"255,65,174,225,77,200,158,133,28,131,170,242,221,251,254,97,13,142,44,186,49,93,118,191,151,250,207,159,257,187,243,98,141,70,228,204,89,210,78,212,111,72,53,172,227,205,219,247,88,8,100,240,224"
637,45tsp225,3,3,julia,1612,0.179136667,0.186081459,0,0,"183,122,123,124,108,64,65,115,116,46,50,51,44,45,194,3,2,4,7,38,17,19,15,12,35,33,201,216,97,98,90,91,209,127,164,157,162,136,140,156,145,175,173,172,181"
638,45tsp225,3,3,cpp,1612,0.126490375,0.126707625,0,0,"183,122,123,124,108,64,65,115,116,46,206,51,44,45,194,3,2,4,7,38,17,19,15,12,35,33,201,216,97,98,90,91,209,129,164,157,162,136,140,156,145,175,173,172,181"
639,40kroa200,6,6,cpp,13406,0.092874417,0.094028458,0,0,"31,171,110,131,26,192,166,157,30,46,111,7,142,102,113,129,71,195,4,194,181,149,172,22,163,88,58,68,107,3,105,91,103,164,47,43,62,15,77,6"
640,40kroa200,6,6,julia,13406,0.14632925,0.151009375,0,0,"77,15,62,43,47,164,103,91,105,3,107,68,58,88,163,22,172,149,181,194,4,195,71,129,113,102,142,7,111,46,30,157,166,192,26,131,110,171,31,6"
641,45ts225,7,7,julia,68340,0.243269625,0.25027675,0,0,"5,8,132,35,138,137,16,18,20,147,148,45,42,41,66,68,70,197,97,221,222,120,218,217,114,111,110,106,104,202,201,79,82,84,88,89,187,58,55,54,152,27,128,127,4"
642,45ts225,7,7,cpp,68340,0.163585291,0.163773833,0,0,"127,128,27,152,54,56,58,187,89,87,83,82,79,201,202,104,106,109,112,114,217,218,120,222,221,97,197,70,67,66,41,44,45,148,147,20,17,16,137,138,35,132,8,6,4"
643,115u574,4,4,cpp,16689,1.979207583,1.981085542,0,0,"439,435,433,443,441,451,488,489,493,482,481,497,499,507,512,520,243,242,204,240,225,523,526,531,543,544,13,16,20,21,26,27,89,106,104,120,111,82,81,38,37,34,10,11,553,554,557,5,3,0,570,47,46,45,53,57,58,75,74,61,62,127,126,132,135,136,137,144,146,156,152,167,288,287,284,173,174,210,209,184,187,282,302,300,309,313,280,279,189,196,251,465,464,459,397,255,254,390,383,385,265,270,327,328,330,342,344,369,374,361,359,358,411,427,428"
644,115u574,4,4,julia,16689,2.67034975,2.708347834,0,0,"427,411,358,359,361,374,369,344,342,330,328,327,270,265,385,383,390,254,255,397,459,464,465,251,196,189,279,280,313,309,300,302,282,187,184,209,210,174,173,284,287,288,167,152,156,146,144,137,136,135,132,126,127,62,61,59,75,74,112,110,104,89,28,87,86,85,79,55,57,53,45,46,47,570,567,565,562,556,557,10,11,552,546,543,535,529,528,14,19,31,22,217,229,239,204,203,242,522,519,512,507,499,497,481,482,492,489,488,451,441,443,433,435,439,428"
645,84fl417,4,4,julia,9651,0.789375083,0.810013459,0,0,"61,68,89,86,94,95,73,79,80,75,98,97,101,104,291,283,277,377,376,374,373,371,368,223,217,211,366,365,363,362,389,400,102,71,59,39,36,32,340,341,343,330,332,130,136,144,22,29,14,16,11,5,20,30,18,7,21,349,350,352,354,337,338,154,160,166,172,35,37,40,42,49,51,54,56,50,48,46,44,41,38,52,58,57"
646,84fl417,4,4,cpp,9651,0.5929705,0.593501958,0,0,"58,52,38,41,44,46,48,50,56,54,51,49,42,40,37,35,172,166,160,154,338,337,355,352,350,349,21,7,18,30,20,5,11,16,14,29,22,144,138,132,332,346,344,341,340,32,36,39,59,71,102,400,401,404,406,392,202,208,214,247,368,370,373,374,376,378,251,285,291,104,101,97,98,75,80,79,73,95,94,86,89,68,61,57"
647,40d198,2,2,cpp,10557,0.093190541,0.094336166,0,0,"2,4,9,10,70,55,54,53,64,75,90,105,110,117,122,138,157,158,137,130,126,136,171,165,190,186,194,193,174,175,181,167,166,24,20,21,16,14,39,0"
648,40d198,2,2,julia,10557,0.128919792,0.133823041,0,0,"39,14,16,21,20,24,166,167,181,175,174,193,194,186,190,165,171,136,126,130,137,158,157,138,122,117,110,105,90,75,64,53,54,55,70,10,9,4,2,0"
649,81rbg403,8,8,julia,1170,0.761681541,0.77294725,0,0,"274,272,28,62,177,127,361,51,60,44,238,229,115,106,128,58,194,380,129,82,247,182,100,33,110,248,222,188,37,38,283,108,120,375,183,17,345,7,179,135,270,211,235,170,241,112,47,171,35,384,383,67,23,69,77,31,214,123,186,111,42,162,174,250,105,19,149,347,78,254,252,24,193,80,65,175,109,233,324,90,32"
650,81rbg403,8,8,cpp,1170,0.513687292,0.521430833,0,0,"347,238,229,106,254,375,58,252,135,270,241,112,47,32,274,272,41,69,175,128,24,123,235,38,193,80,233,324,127,105,19,82,247,78,179,177,194,380,77,100,44,111,109,90,214,170,211,65,384,383,67,66,361,51,7,171,174,283,129,35,182,110,108,120,162,23,62,33,183,17,42,248,186,188,37,345,173,115,222,185,149"
651,87gr431,8,8,cpp,101946,0.9965965,1.000066083,0,0,"74,75,73,67,82,78,81,204,203,227,229,230,232,234,235,239,240,243,246,244,245,250,389,251,386,383,377,366,365,363,361,401,402,404,403,422,423,424,425,426,427,430,429,428,419,418,417,421,412,410,408,407,406,413,405,358,356,352,353,342,341,339,332,372,326,315,318,321,313,300,296,292,276,277,271,268,258,257,220,192,190,142,136,26,25,15,0"
652,87gr431,8,8,julia,101946,1.142861541,1.219378708,0,0,"15,25,26,136,142,190,192,220,257,258,268,271,277,276,292,296,300,313,321,318,315,326,372,332,339,341,342,353,352,356,358,405,413,406,407,408,410,412,421,417,418,419,428,429,430,427,426,425,424,423,422,403,404,402,401,361,363,365,366,377,383,386,251,389,250,245,244,246,243,240,239,235,234,232,230,229,227,203,204,81,78,82,67,73,75,74,0"
653,107att532,3,3,julia,13464,1.854407083,1.894862,0,0,"503,490,477,440,448,461,491,518,530,494,466,455,460,432,409,391,401,380,402,407,424,433,341,305,306,296,251,224,147,137,89,44,23,14,5,1,4,20,26,76,123,159,134,133,90,55,49,75,158,207,283,298,307,302,293,311,366,373,394,393,392,370,348,354,300,234,170,127,61,94,97,172,138,116,273,335,329,250,237,238,360,346,310,219,239,255,316,377,405,421,456,465,479,510,516,526,513,509,498,478,442,389,400,376,388,431,470"
654,107att532,3,3,cpp,13464,1.551177417,1.551856834,0,0,"431,388,376,400,389,442,478,498,509,513,526,516,510,479,465,456,421,405,377,313,255,239,219,310,346,360,238,237,250,329,335,273,116,138,172,97,94,61,127,170,234,300,354,348,370,392,393,394,373,366,311,293,302,307,298,283,207,158,75,49,55,90,133,134,140,159,76,26,18,4,1,5,14,23,44,89,137,147,224,268,296,306,305,341,433,424,407,402,380,401,391,409,432,460,455,466,494,530,518,491,461,448,440,477,490,503,470"
655,35ftv170,2,2,cpp,1205,0.058287417,0.061772375,0,0,"90,87,69,64,56,54,47,39,38,10,76,12,13,17,29,22,23,15,25,149,137,129,145,140,141,6,0,111,113,115,125,118,102,163,98"
656,35ftv170,2,2,julia,1205,0.091458417,0.095423541,0,0,"140,141,6,0,113,115,114,125,118,102,163,98,90,87,66,64,56,54,46,39,38,10,76,12,13,17,29,22,23,15,150,149,137,129,145"
657,46gr229,4,4,julia,71972,0.212518292,0.236172667,0,0,"224,225,228,227,226,216,215,219,221,222,199,200,202,210,211,205,204,154,150,151,138,137,128,112,111,102,72,77,58,53,15,12,1,27,29,32,39,174,175,186,183,45,41,44,42,223"
658,46gr229,4,4,cpp,71972,0.132405417,0.133162875,0,0,"224,225,228,227,226,216,215,219,221,222,199,200,202,210,211,205,204,154,150,151,138,137,128,112,111,102,72,77,58,53,15,12,1,27,29,32,39,174,175,186,183,45,41,44,42,223"
659,45tsp225,8,8,cpp,1612,0.140058167,0.14032225,0,0,"216,97,98,90,91,209,127,164,157,162,136,140,156,145,175,173,172,181,183,122,123,124,108,64,65,115,116,46,50,51,44,45,194,3,2,4,7,38,17,19,14,12,35,33,201"
660,45tsp225,8,8,julia,1612,0.184574459,0.190692792,0,0,"183,122,123,124,108,64,65,115,116,46,206,51,44,45,194,3,2,4,7,38,17,19,15,12,35,33,201,216,97,98,90,91,209,129,164,157,162,136,140,156,145,175,173,172,181"
661,115u574,9,9,julia,16689,2.147210042,2.184424917,0,0,"439,435,433,443,441,451,488,489,493,482,481,497,499,507,512,519,522,242,203,204,239,229,217,22,31,19,14,528,529,535,543,546,552,11,10,557,556,562,565,567,570,47,46,45,53,57,55,79,85,86,87,28,89,104,110,112,74,75,59,61,62,127,126,132,135,136,137,144,146,156,152,167,288,287,284,173,174,210,209,184,187,306,302,301,309,312,280,279,189,196,251,465,464,459,397,255,254,390,383,385,265,270,327,328,330,342,344,369,374,361,359,358,411,427,428"
662,115u574,9,9,cpp,16689,1.986991083,1.987909334,0,0,"427,411,358,359,361,374,369,344,342,330,328,327,270,265,385,383,390,254,255,397,459,464,465,251,196,189,279,280,312,309,300,302,282,187,184,209,210,174,173,284,287,288,167,152,156,146,144,137,136,135,132,126,127,62,61,74,75,58,57,53,45,46,47,570,0,3,5,557,554,553,11,10,34,37,38,81,82,111,120,104,106,89,27,26,21,20,16,13,544,543,531,526,523,225,240,204,242,243,520,512,507,499,497,481,482,493,489,488,451,441,443,433,435,439,428"
663,32u159,3,3,cpp,22664,0.053720375,0.05491975,0,0,"105,94,87,76,72,63,61,62,54,51,48,46,120,121,38,33,32,29,27,19,141,148,153,158,125,124,123,113,110,109,92,106"
664,32u159,3,3,julia,22664,0.085225959,0.088234166,0,0,"141,148,153,158,125,124,123,113,110,109,92,106,105,94,87,76,72,63,61,62,54,51,48,46,120,121,38,33,32,29,27,19"
665,46gr229,5,5,julia,71972,0.196996042,0.218514541,0,0,"42,44,41,45,183,186,175,174,39,32,29,27,1,12,15,53,58,77,72,102,111,112,113,137,138,151,150,154,204,205,211,210,202,200,199,222,221,219,215,216,226,227,228,225,224,223"
666,46gr229,5,5,cpp,71972,0.149117042,0.149879459,0,0,"58,53,15,12,1,27,29,32,39,174,175,186,183,45,41,44,42,223,224,225,228,227,226,216,215,219,221,222,199,200,202,210,211,205,204,154,150,151,138,137,128,112,111,102,72,77"
667,40kroa200,9,9,cpp,13406,0.091651291,0.091909792,0,0,"77,15,62,43,47,164,103,91,105,3,107,68,58,88,163,22,172,149,181,194,4,195,71,129,113,102,142,7,111,46,30,157,166,192,26,131,110,171,31,6"
668,40kroa200,9,9,julia,13406,0.142679125,0.14771675,0,0,"77,15,62,43,47,164,103,91,105,3,107,68,58,88,163,22,172,90,181,194,4,195,71,129,113,102,142,7,111,46,30,157,166,192,26,131,110,171,31,6"
669,131p654,2,2,julia,27428,2.685838042,2.732391917,0,0,"1,3,4,14,16,15,573,577,578,579,581,582,607,585,586,307,323,339,351,375,391,642,644,646,647,651,628,629,653,397,417,437,457,469,477,18,17,57,58,59,56,51,50,52,49,48,47,46,42,40,37,33,25,23,24,22,28,34,13,61,10,12,6,7,8,9,62,64,65,66,68,67,69,70,71,72,103,104,105,285,281,257,233,225,217,571,547,545,566,565,563,562,561,74,77,78,75,73,76,80,83,84,86,85,81,89,92,91,93,95,96,97,98,99,101,189,177,169,145,125,109,559,558,556,554,552,551,534,533,548,0"
670,131p654,2,2,cpp,27428,2.384671667,2.385725375,0,0,"1,3,4,14,16,15,573,574,578,579,581,582,607,585,586,307,319,335,351,375,391,587,589,593,594,596,598,600,601,399,424,432,452,477,459,18,17,57,58,59,56,51,50,52,49,48,47,46,42,40,37,33,25,23,24,22,29,34,13,61,10,12,6,7,8,9,62,64,65,66,68,67,69,70,71,72,103,104,105,285,277,261,237,229,209,571,547,570,568,565,563,562,561,74,77,78,75,73,76,80,83,84,86,85,81,89,92,91,93,95,96,97,98,99,101,189,185,173,137,125,109,559,558,557,554,552,551,534,533,548,0"
671,131p654,9,9,cpp,27428,2.055750958,2.056847666,0,0,"61,10,12,6,7,8,9,62,64,65,66,68,67,69,70,71,72,103,104,105,285,281,269,249,225,205,571,547,545,566,565,564,562,561,74,77,78,75,73,76,80,83,84,86,85,81,89,92,91,93,95,96,97,98,99,101,189,185,153,149,121,117,559,558,557,555,552,551,534,533,548,0,1,3,4,14,16,15,573,577,578,579,581,582,607,585,586,298,319,331,351,355,383,588,592,593,595,597,598,600,601,403,424,436,465,473,477,18,17,57,58,59,56,51,50,52,49,48,47,46,42,40,37,33,25,23,24,22,29,34,13"
672,131p654,9,9,julia,27428,2.921976083,2.96971525,0,0,"548,533,534,551,553,555,556,558,559,113,125,129,173,185,189,101,99,98,97,96,95,93,91,92,89,81,85,86,84,83,80,76,73,75,78,77,74,561,562,564,565,568,545,547,571,217,221,249,253,281,285,105,104,103,72,71,70,69,67,68,66,65,64,62,9,8,7,6,12,10,61,13,34,29,22,24,23,25,33,37,40,42,46,47,48,49,52,50,51,56,59,58,57,17,18,477,473,452,431,423,403,601,600,599,596,595,593,590,587,387,371,351,327,319,315,586,585,607,582,581,580,578,576,573,15,16,14,4,3,1,0"
673,84fl417,3,3,julia,9651,0.838383958,0.858134,0,0,"61,68,89,86,94,95,73,79,80,75,98,97,101,104,291,285,279,377,376,374,373,371,368,224,216,210,202,392,406,402,401,400,102,71,59,39,36,32,340,341,342,330,332,130,136,144,22,29,14,16,11,5,20,30,18,7,21,349,350,353,355,337,338,154,160,166,172,35,37,40,42,49,51,54,56,50,48,46,44,41,38,52,58,57"
674,84fl417,3,3,cpp,9651,0.61528375,0.615800625,0,0,"58,52,38,41,44,46,48,50,56,54,51,49,42,40,37,35,172,166,160,154,338,337,336,352,350,349,21,7,18,30,20,5,11,16,14,29,22,144,138,132,331,346,342,341,340,32,36,39,59,71,102,400,389,381,363,365,366,211,217,223,368,370,373,374,376,377,277,283,291,104,101,97,98,75,80,79,73,95,94,86,89,68,61,57"
675,36brg180,2,2,cpp,4420,0.065902208,0.068119083,0,0,"47,46,0,59,58,6,15,14,8,34,35,10,19,18,87,23,22,4,27,26,68,54,55,71,43,42,61,38,39,65,64,30,31,69,51,50"
676,36brg180,2,2,julia,4420,0.118537792,0.119953916,0,0,"59,12,13,10,34,35,8,20,21,6,36,37,78,17,16,4,55,54,71,44,45,70,40,41,61,50,51,68,31,30,64,65,27,26,0,58"
677,46gr229,6,6,julia,71972,0.199832958,0.222545166,0,0,"224,225,228,227,226,216,215,219,221,222,199,200,202,210,211,205,204,154,150,151,138,137,128,112,111,102,72,77,58,53,15,12,1,27,29,32,39,174,175,186,183,45,41,44,42,223"
678,46gr229,6,6,cpp,71972,0.131916875,0.132762292,0,0,"42,44,41,45,183,186,175,174,39,32,29,27,1,12,15,53,58,77,72,102,111,112,128,137,138,151,150,154,204,205,211,210,202,200,199,222,221,219,215,216,226,227,228,225,224,223"
679,65rbg323,9,9,cpp,471,0.414597958,0.420539125,0,0,"26,35,1,280,250,318,83,49,31,231,139,14,226,112,30,41,25,7,120,121,16,29,284,89,211,227,11,125,66,110,286,119,36,153,2,300,56,27,178,314,69,10,34,152,296,47,0,115,6,114,65,301,136,156,171,162,255,216,109,108,104,209,74,249,215"
680,65rbg323,9,9,julia,471,0.646786125,0.652906208,0,0,"226,119,36,7,249,215,47,0,318,115,6,125,315,280,284,89,51,29,49,112,30,120,121,16,69,10,110,209,74,216,109,108,104,286,34,152,90,11,41,296,102,83,25,153,2,300,56,27,178,314,26,35,1,114,65,31,231,139,136,156,171,162,255,301,14"
681,72rbg358,5,5,julia,693,0.916514,0.924915667,0,0,"111,170,161,117,158,343,48,247,203,74,319,115,88,190,9,194,67,154,124,5,148,162,41,100,252,335,2,57,17,179,348,292,178,108,217,201,68,14,142,109,325,107,187,43,215,250,7,15,25,8,23,212,140,110,92,275,342,13,121,36,118,4,10,177,340,301,150,60,321,337,210,184"
682,72rbg358,5,5,cpp,693,0.619889167,0.625880417,0,0,"301,150,142,109,325,107,148,203,74,111,170,10,154,124,5,36,118,17,13,121,92,275,342,179,108,319,115,164,348,292,252,335,8,100,178,265,210,184,158,343,48,247,161,341,41,43,215,250,7,15,25,2,57,59,162,217,201,88,117,194,67,140,110,187,23,212,190,14,68,9,177,340"
683,40krob200,1,1,cpp,13111,0.094245416,0.094700042,0,0,"127,32,181,88,195,185,177,93,60,26,8,160,89,0,7,90,157,84,141,188,38,196,193,68,74,29,183,140,172,87,142,54,104,17,35,147,186,47,155,50"
684,40krob200,1,1,julia,13111,0.132866792,0.137582709,0,0,"127,32,181,88,195,185,177,93,60,26,8,89,11,97,28,90,157,84,141,188,38,196,193,68,74,29,183,140,172,87,142,54,104,17,35,147,186,47,155,50"
685,56a280,1,1,julia,1079,0.303178875,0.313356917,0,0,"66,64,115,86,75,76,93,92,91,170,173,160,174,176,181,182,190,192,196,198,141,139,264,263,258,256,207,211,213,224,225,227,245,242,279,2,276,5,8,10,271,15,132,18,21,25,28,123,122,33,35,36,45,44,56,67"
686,56a280,1,1,cpp,1079,0.244159791,0.244405792,0,0,"145,139,264,263,258,257,252,211,213,224,226,227,245,243,279,3,276,5,8,10,271,15,132,18,21,25,28,123,122,33,35,36,45,44,56,67,66,64,115,82,75,76,93,92,91,170,172,160,174,176,175,182,190,192,196,198"
687,31pr152,5,5,cpp,51576,0.046793334,0.047917084,0,0,"12,13,33,35,50,91,77,71,89,113,122,120,119,118,117,109,83,60,82,86,81,87,65,42,17,9,6,10,5,11,4"
688,31pr152,5,5,julia,51576,0.0767035,0.0794705,0,0,"12,13,33,35,50,91,77,71,89,113,122,120,119,118,117,109,83,60,82,86,81,87,65,42,17,9,6,10,5,11,4"
689,31pr152,1,1,julia,51576,0.078678292,0.081496958,0,0,"11,5,10,6,9,17,42,65,87,81,86,82,60,83,109,117,118,119,120,122,113,89,71,77,91,50,35,33,13,12,4"
690,31pr152,1,1,cpp,51576,0.049675041,0.049817083,0,0,"11,5,10,6,9,17,42,65,87,81,86,82,60,83,109,117,118,119,120,122,113,89,71,77,91,50,35,33,13,12,4"
691,56a280,8,8,cpp,1079,0.245919875,0.246199917,0,0,"56,44,45,36,35,33,122,123,28,25,21,18,132,270,271,10,8,5,276,3,279,243,245,227,225,224,213,211,252,253,258,263,264,139,140,197,196,192,190,182,181,176,174,160,172,171,101,92,93,76,75,86,115,64,66,67"
692,56a280,8,8,julia,1079,0.319145667,0.3286375,0,0,"56,44,45,36,35,33,122,123,28,25,21,18,132,270,271,10,8,5,276,2,279,244,245,227,226,224,213,211,207,256,258,263,264,139,141,198,196,192,190,182,180,176,174,160,172,171,91,92,93,76,75,82,115,64,66,67"
693,60pr299,6,6,julia,22615,0.409263167,0.420895875,0,0,"156,157,140,96,95,94,82,23,24,71,72,68,33,32,62,37,58,59,57,51,55,54,118,121,174,177,255,258,259,254,247,244,192,241,237,272,234,197,167,164,163,201,229,281,282,279,219,220,215,288,213,293,296,151,147,2,1,6,7,142"
694,60pr299,6,6,cpp,22615,0.284198584,0.284484458,0,0,"156,157,140,96,95,94,82,23,24,71,72,68,33,32,62,37,58,59,57,51,55,54,118,119,175,177,255,258,259,254,247,244,192,241,237,272,234,197,167,164,163,227,229,281,282,279,219,220,215,288,213,293,296,151,147,2,1,6,7,142"
695,39rat195,3,3,cpp,854,0.096051666,0.097152166,0,0,"44,55,53,66,81,82,94,106,119,132,157,170,172,174,189,192,193,179,151,153,140,127,126,115,101,87,75,63,62,49,36,35,23,7,4,2,14,15,29"
696,39rat195,3,3,julia,854,0.137604041,0.141958542,0,0,"44,55,53,66,81,82,94,106,119,132,157,170,173,174,189,192,193,165,151,153,140,127,113,115,101,87,75,63,62,49,36,35,23,7,3,2,14,15,29"
697,40d198,1,1,julia,10557,0.128834833,0.133689208,0,0,"2,4,9,10,70,55,54,53,64,75,90,105,110,117,122,138,157,158,137,130,126,136,171,165,190,186,194,193,174,175,181,167,166,24,20,21,16,14,39,0"
698,40d198,1,1,cpp,10557,0.091233917,0.091426,0,0,"39,14,16,21,20,24,166,167,181,175,174,193,194,186,190,165,171,136,126,130,137,158,157,138,122,117,110,105,90,75,61,53,54,55,70,10,9,4,2,0"
699,201pr1002,10,10,cpp,114311,12.834832583,12.838229292,0,0,"201,205,207,208,217,236,239,232,224,263,245,260,259,269,256,121,122,123,105,109,110,298,283,276,274,273,272,468,470,471,478,480,491,490,489,488,498,500,506,510,998,531,535,536,538,521,515,566,564,562,558,591,590,579,580,586,597,599,601,602,794,793,789,752,999,758,780,782,801,798,806,808,820,822,816,815,835,836,1001,859,863,864,851,850,894,893,892,890,885,884,926,925,904,913,912,929,930,936,938,954,941,943,951,964,965,967,700,692,986,987,682,674,673,668,665,664,723,721,713,706,736,735,730,731,615,623,622,653,657,659,355,353,348,345,341,336,395,393,386,387,378,408,411,374,633,632,628,609,606,447,450,452,429,427,423,422,403,402,288,295,308,309,312,330,331,25,24,31,32,59,57,53,71,67,11,6,3,2,0,75,74,78,77,95,132,131,139,142,143,148,994,251,153,164,166,171,172,178,179,182,995"
700,201pr1002,10,10,julia,114311,14.64849025,14.765437083,0,0,"201,205,207,208,217,236,239,232,224,263,245,260,259,269,256,121,122,123,105,109,110,298,283,276,274,273,272,468,470,471,478,480,482,490,489,488,498,500,506,510,998,531,535,536,538,521,515,566,564,562,558,591,590,579,580,586,597,599,601,602,794,793,789,752,999,758,780,782,801,798,806,808,820,822,816,815,835,836,1001,859,863,864,851,850,894,893,892,890,885,884,926,925,904,913,912,929,930,936,938,954,941,943,951,964,965,967,700,692,986,987,682,674,673,668,665,664,723,721,713,706,736,735,730,731,615,623,622,653,657,659,355,353,348,345,341,336,395,393,386,387,378,408,411,374,633,632,628,609,606,447,450,452,429,427,423,422,403,402,288,295,308,309,312,330,331,25,24,31,32,59,57,53,71,67,11,6,3,2,0,75,74,78,77,95,132,131,139,142,143,148,994,251,153,164,166,171,172,178,179,182,995"
701,89rbg443,4,4,julia,633,1.900827875,1.914051583,0,0,"61,185,7,30,68,204,74,66,18,397,355,87,343,391,274,373,181,31,75,416,278,45,367,244,394,20,100,14,82,342,283,415,151,85,292,176,266,417,104,159,49,80,133,57,41,43,60,427,380,189,86,0,269,83,305,264,76,160,84,252,142,97,376,182,406,389,241,162,94,93,414,433,19,81,127,242,262,186,192,230,273,399,258,211,254,63,65,146,167"
702,89rbg443,4,4,cpp,636,1.260836417,1.270224834,0,0,"185,7,68,30,433,45,162,94,93,414,336,60,87,427,380,127,242,262,273,399,320,142,97,376,74,417,104,347,264,76,282,186,192,211,182,292,176,266,63,65,146,397,355,180,18,367,391,49,312,181,31,75,406,389,241,189,86,0,269,83,159,19,81,416,278,254,204,274,80,343,244,160,84,55,394,20,100,14,82,342,283,258,151,85,295,57,41,167,61"
703,35ftv170,5,5,cpp,1205,0.057969917,0.06021525,0,0,"140,141,6,2,111,113,115,125,118,103,163,99,91,87,67,64,56,54,46,39,38,10,76,12,13,17,29,22,24,15,150,148,137,129,145"
704,35ftv170,5,5,julia,1205,0.0932945,0.097256416,0,0,"111,115,113,125,118,103,163,99,91,87,66,64,54,53,46,39,38,76,12,13,21,29,22,24,15,25,148,137,129,145,144,141,6,9,2"
705,107att532,8,8,julia,13464,2.257345833,2.296452375,0,0,"313,255,239,219,310,346,360,238,237,250,329,335,273,116,138,172,97,94,61,127,170,234,300,354,348,370,392,393,394,373,366,311,293,302,307,298,283,207,158,75,49,55,90,133,134,140,159,76,26,20,4,1,5,14,23,44,89,137,147,224,268,296,306,305,341,433,424,407,402,380,401,391,409,432,460,455,466,494,530,518,491,461,448,440,477,490,503,470,431,388,376,400,389,442,478,498,509,513,526,516,510,479,465,456,421,405,377"
706,107att532,8,8,cpp,13464,1.916737417,1.917429167,0,0,"503,490,477,440,448,461,491,518,530,494,466,455,460,432,409,391,401,380,402,407,424,433,341,305,306,296,268,224,147,137,89,44,23,14,5,1,4,20,26,76,123,159,134,133,90,55,49,75,158,207,283,298,307,302,293,311,366,373,394,393,392,370,348,354,300,234,170,127,61,94,97,172,138,116,273,335,329,250,237,238,360,346,310,219,239,255,313,377,405,421,456,465,479,510,516,526,513,509,498,478,442,389,400,376,388,431,470"
707,56a280,6,6,cpp,1079,0.252192084,0.252546,0,0,"56,44,45,36,35,33,122,123,28,25,21,18,132,270,271,10,8,5,276,2,279,242,245,227,226,224,213,211,252,256,258,263,264,139,145,198,196,192,190,182,181,176,174,160,173,170,168,92,93,76,75,82,115,64,66,67"
708,56a280,6,6,julia,1079,0.324498875,0.3337645,0,0,"66,64,115,82,75,76,93,92,101,170,172,160,174,176,180,182,190,192,196,198,141,139,264,263,258,253,206,211,213,224,226,227,245,243,279,2,276,5,8,10,271,270,132,18,21,25,28,123,122,33,35,36,45,44,56,67"
709,132d657,5,5,julia,22528,4.183075875,4.232386459,0,0,"11,24,28,40,48,26,23,445,441,462,458,460,459,475,477,519,518,516,522,523,535,539,542,551,556,567,511,173,203,193,175,188,145,506,496,491,83,82,75,80,112,121,149,139,119,157,204,225,241,251,227,242,311,305,312,328,313,283,274,256,278,265,229,246,586,589,595,591,583,577,571,564,552,545,631,636,643,647,649,627,654,655,656,579,587,590,599,614,621,619,624,620,622,356,355,354,381,383,418,411,417,412,410,405,401,430,422,421,415,409,390,361,346,342,309,308,299,271,261,235,231,237,163,190,172,155,101,79,64,3,2,0"
710,132d657,5,5,cpp,22498,3.721673041,3.722748084,0,0,"311,250,227,247,251,254,292,309,303,323,317,345,390,409,421,415,397,388,430,401,405,410,412,417,411,418,383,381,354,360,622,620,624,619,621,614,611,599,590,587,579,656,655,654,627,649,647,643,636,631,545,552,564,571,576,577,582,589,598,306,297,296,265,213,205,182,173,511,567,556,551,542,539,535,531,522,516,517,519,477,475,459,460,458,462,441,445,23,26,48,40,28,24,11,0,2,3,64,79,101,130,163,237,231,220,218,217,199,204,157,119,139,149,121,112,80,75,82,83,491,496,505,506,175,188,233,274,283,313,328,312,305"
711,35ftv170,10,10,cpp,1205,0.057593958,0.059840959,0,0,"24,15,25,148,137,136,145,140,141,6,1,113,115,104,125,118,102,163,99,91,87,69,64,55,54,46,39,38,37,76,12,13,17,29,22"
712,35ftv170,10,10,julia,1205,0.095638,0.099534042,0,0,"54,53,46,39,38,10,76,12,13,17,29,22,23,15,150,149,147,129,145,140,141,6,2,113,115,104,125,118,102,163,99,90,87,67,63"
713,72rbg358,9,9,julia,693,0.958685375,0.966174125,0,0,"212,48,57,187,161,36,118,116,252,335,2,100,68,124,5,92,275,342,178,265,210,184,41,43,7,15,25,215,250,8,247,140,110,203,74,319,115,164,348,179,108,111,170,4,10,217,201,177,340,301,150,142,109,325,107,148,154,9,17,13,121,158,343,88,190,14,117,194,67,162,341,23"
714,72rbg358,9,9,cpp,693,0.593487959,0.599847916,0,0,"215,250,7,15,25,2,100,161,88,17,162,36,118,117,194,67,111,170,217,201,177,340,301,150,60,321,337,210,184,319,115,179,108,142,109,325,107,178,348,292,92,275,342,13,121,140,110,68,124,5,148,154,9,41,23,212,10,252,335,8,57,203,74,48,247,4,158,343,190,14,187,43"
715,132d657,10,10,cpp,22498,3.962946833,3.964111417,0,0,"11,24,28,40,48,26,23,445,441,462,458,460,459,475,477,519,518,516,522,523,535,539,542,551,556,567,511,173,182,205,213,265,296,297,306,598,589,582,577,576,571,564,552,545,631,636,643,647,649,627,654,655,656,579,587,590,599,611,614,621,619,624,620,622,360,354,381,383,418,411,417,412,410,405,401,430,388,397,415,421,409,390,345,317,323,303,309,292,254,251,247,227,250,311,305,312,328,313,283,274,233,188,175,506,505,496,491,83,82,75,80,112,121,149,139,119,157,204,199,217,218,220,231,237,163,130,101,79,64,3,2,0"
716,132d657,10,10,julia,22510,3.359458709,3.408661125,0,0,"11,24,28,40,48,26,23,445,441,462,458,460,459,475,477,519,518,516,522,523,535,539,542,551,556,567,511,173,182,205,213,265,296,297,306,598,589,582,577,576,571,564,552,545,631,636,643,647,649,627,654,655,656,579,587,590,599,611,614,621,619,624,620,622,360,354,381,383,418,411,417,412,410,405,401,430,388,397,415,421,409,390,345,317,323,303,309,292,254,251,247,227,242,311,305,312,328,313,283,274,233,188,175,506,505,496,494,67,75,81,80,112,121,149,139,119,157,204,199,217,218,220,231,237,163,116,101,79,64,3,2,0"
717,207si1032,6,6,julia,22317,20.143279333,20.178216958,0,0,"18,23,22,26,25,99,29,31,32,35,105,177,178,276,183,187,186,284,191,288,195,292,293,299,412,437,473,499,498,471,381,382,512,497,392,391,390,393,319,321,320,324,231,225,222,221,218,217,214,215,304,211,205,206,202,201,113,112,108,38,40,44,43,47,46,120,50,53,52,55,56,58,59,61,62,135,65,67,68,71,141,232,239,332,331,402,424,441,490,459,538,754,756,809,810,761,763,804,922,975,1007,561,604,641,686,998,562,996,648,653,675,715,716,707,706,1001,587,1023,956,1016,571,1018,950,873,874,798,797,778,816,775,781,780,823,850,988,1012,580,669,666,645,647,576,997,983,909,827,767,765,759,542,482,442,409,419,368,364,275,360,357,415,448,476,502,523,522,540,420,350,345,255,251,342,480,461,451,339,247,240,147,150,149,154,153,2,72,4,5,7,8,11,10,14,84,157,158,163,256,166,167,265,264,174,173,92,91,17,16"
718,207si1032,6,6,cpp,22331,12.93947075,12.964787625,0,0,"17,14,84,10,11,7,8,5,4,2,72,149,150,147,240,247,339,451,461,480,540,522,415,448,476,502,479,420,350,345,255,342,251,154,153,157,158,256,163,166,167,265,269,268,170,169,95,177,178,183,276,275,360,364,368,419,409,442,482,542,759,765,767,845,906,997,576,993,647,645,666,669,583,1027,584,939,944,911,863,780,781,775,816,778,797,798,860,936,569,1014,573,706,707,716,715,675,555,1026,556,648,996,562,998,686,641,604,561,1007,924,884,841,814,763,761,756,754,806,805,538,530,516,441,424,402,331,332,239,232,141,71,67,68,135,65,62,61,59,58,56,55,52,53,50,120,119,47,46,43,44,41,40,38,108,113,201,202,300,301,304,211,215,214,218,217,222,221,226,225,231,324,321,319,393,390,391,392,497,512,471,498,499,473,437,412,378,299,293,292,195,288,284,191,187,186,105,35,31,32,99,29,26,25,23,22,19,20,16"
719,45tsp225,5,5,cpp,1612,0.134048792,0.134531625,0,0,"183,122,123,124,108,64,65,115,116,46,206,51,44,45,194,3,2,4,7,38,17,19,13,12,35,33,201,216,97,98,90,91,209,127,164,157,162,136,140,156,145,175,173,172,181"
720,45tsp225,5,5,julia,1612,0.186395625,0.192532541,0,0,"172,173,175,145,156,140,136,162,157,164,129,209,91,90,98,97,216,201,33,35,12,15,19,17,38,7,4,2,3,194,45,44,51,50,46,116,115,65,64,108,124,123,122,183,181"
721,56a280,7,7,julia,1079,0.307136667,0.316713375,0,0,"56,44,45,36,35,33,122,123,28,25,21,18,132,15,271,10,8,5,276,3,279,243,245,227,226,224,213,211,207,257,258,263,264,139,144,197,196,192,190,182,181,176,174,160,173,170,91,92,93,76,75,82,115,64,66,67"
722,56a280,7,7,cpp,1079,0.232752833,0.233011583,0,0,"66,64,115,82,75,76,93,92,168,171,173,160,174,176,181,182,190,192,196,198,145,139,264,263,258,256,252,211,213,224,225,227,245,243,279,2,276,5,8,10,271,270,132,18,21,25,28,123,122,33,35,36,45,44,56,67"
723,53pr264,5,5,cpp,29549,0.171581708,0.172202833,0,0,"112,109,66,25,23,70,103,73,12,11,6,81,82,88,131,134,195,196,202,257,256,261,253,183,184,181,175,217,218,263,236,162,163,147,161,160,159,226,233,228,149,124,125,49,56,44,43,41,39,38,37,120,128"
724,53pr264,5,5,julia,29549,0.252446542,0.260773875,0,0,"120,59,38,39,41,43,44,56,49,54,124,149,153,233,226,159,160,161,147,163,223,236,263,218,217,175,181,184,183,253,261,256,257,202,197,195,134,131,88,82,81,6,11,12,73,103,70,23,25,24,109,112,128"
725,99d493,2,2,julia,20025,1.648551666,1.676613875,0,0,"103,110,108,117,123,142,150,164,194,177,225,287,315,361,490,492,481,478,474,482,472,467,466,464,442,396,349,320,289,279,256,216,212,183,163,152,143,132,122,119,118,128,144,154,160,175,193,221,254,267,297,384,24,26,28,29,31,38,34,40,21,265,234,20,43,48,51,2,0,1,4,6,10,11,18,14,13,56,57,64,138,127,86,63,62,19,66,67,79,77,75,76,89,98,100,104,94,92,93"
726,99d493,2,2,cpp,20023,1.596146708,1.596837917,0,0,"92,94,104,100,98,89,76,75,77,79,67,66,19,62,63,86,127,138,64,57,56,13,14,18,11,10,6,4,1,0,2,51,48,43,20,234,265,21,40,34,38,31,29,28,26,25,428,341,333,297,267,254,221,193,175,160,154,144,128,118,119,122,132,143,152,163,183,212,216,227,261,286,330,343,405,413,444,464,466,467,472,474,478,481,492,490,334,213,177,194,164,150,142,123,117,108,110,103,93"
727,212u1060,2,2,cpp,106229,13.670072584,13.674383,0,0,"983,974,964,962,963,949,953,930,931,945,942,941,827,939,936,938,837,833,822,821,808,810,814,316,307,303,300,299,349,351,348,344,327,324,330,337,340,342,794,792,779,778,765,752,751,534,541,543,542,747,740,738,732,731,734,736,574,578,579,725,699,722,720,708,704,689,674,673,676,678,713,717,718,669,633,627,622,616,613,436,610,605,603,598,597,451,452,454,558,562,552,553,468,475,479,481,496,502,503,514,504,509,508,493,492,367,366,369,372,377,485,411,463,423,424,417,431,429,400,398,395,393,387,389,273,272,268,267,279,281,283,285,310,249,234,236,230,842,851,921,919,916,901,899,896,92,94,109,108,882,879,872,871,909,865,217,212,211,207,206,258,261,263,197,194,190,183,181,168,166,155,143,140,135,126,125,7,8,4,1,0,1057,1053,1052,30,31,26,20,18,100,86,87,82,81,76,49,39,1040,1046,1044,1031,55,53,70,69,61,63,1028,1029,1015,991,985"
728,212u1060,2,2,julia,106064,21.545408625,21.667012666,0,0,"1,4,8,7,125,126,135,140,143,154,167,171,180,188,190,194,197,263,261,258,206,207,211,212,217,863,860,920,851,842,230,236,234,249,310,285,283,281,279,267,268,272,273,389,387,393,395,398,400,429,431,417,424,423,463,411,485,377,372,369,366,367,492,493,508,509,504,514,503,502,496,481,479,475,468,553,552,562,558,454,452,451,597,598,603,605,610,436,613,616,622,627,633,666,718,717,713,678,676,673,674,689,704,708,720,722,699,725,579,578,574,736,734,731,732,738,740,747,542,543,541,534,751,755,764,778,779,792,794,342,340,337,330,324,327,344,348,351,349,299,300,303,307,316,814,810,808,821,822,833,837,938,936,939,827,941,942,945,933,953,952,926,898,899,902,908,871,872,879,882,109,110,95,97,101,86,87,82,76,80,958,949,963,964,974,983,985,991,1015,1029,1028,63,61,69,52,42,39,37,1032,1031,1034,1038,1046,1043,32,25,12,29,1052,1053,1057,0"
729,88pr439,3,3,julia,60099,1.177910542,1.201150542,0,0,"434,433,407,423,429,432,421,406,397,392,390,380,372,340,341,281,280,186,187,188,231,285,289,290,351,347,376,378,388,413,418,414,428,417,404,403,400,386,377,362,335,295,274,222,232,267,266,305,324,322,318,258,247,249,171,162,128,98,124,138,155,152,142,144,146,143,103,101,18,20,22,63,62,72,74,76,34,35,56,78,43,48,50,82,185,227,283,438"
730,88pr439,3,3,cpp,60099,0.894910041,0.895399791,0,0,"434,433,407,423,429,432,421,406,397,392,390,380,372,340,341,281,280,186,187,188,231,285,289,290,351,347,376,378,388,413,418,414,428,427,404,403,400,386,377,362,335,295,274,222,232,267,266,306,324,322,318,258,247,249,171,162,128,98,124,138,155,152,142,144,146,143,103,101,18,20,22,63,62,72,74,76,34,35,56,78,43,48,50,82,185,227,283,438"
731,212u1060,3,3,cpp,106100,15.046665583,15.049215459,0,0,"666,633,627,622,616,613,436,610,605,603,598,597,451,452,454,558,562,552,553,468,475,479,481,496,502,503,514,504,509,508,493,492,367,366,369,372,377,485,411,463,423,424,417,431,429,400,398,395,393,387,389,273,272,268,267,279,281,283,285,310,249,234,236,230,842,851,921,919,916,901,899,897,78,79,76,82,87,86,101,97,95,110,109,882,879,872,871,909,865,217,212,211,207,206,258,261,263,197,194,190,183,181,168,166,155,143,140,135,126,125,7,8,4,1,0,1057,1053,1052,29,12,25,32,1043,1046,1038,1034,1031,1032,37,39,42,52,69,61,63,1028,1029,1015,991,985,983,974,964,963,949,953,930,933,945,942,941,827,939,936,938,837,833,822,821,808,810,814,316,307,303,300,299,349,351,348,344,327,324,330,337,340,342,794,792,779,778,765,757,751,534,541,543,542,747,740,738,732,731,734,736,574,578,579,725,699,722,720,708,704,689,674,673,676,678,713,717,718"
732,212u1060,3,3,julia,106229,19.010208333,19.136621375,0,0,"717,713,678,676,673,674,689,704,708,720,722,699,725,579,578,574,736,734,731,732,738,740,747,542,543,541,534,751,757,765,778,779,792,794,342,340,337,330,324,327,344,348,351,349,299,300,303,307,316,814,810,808,821,822,833,837,938,936,939,827,941,942,945,931,930,953,949,963,962,964,974,975,985,991,1015,1029,1028,63,61,69,70,53,55,1031,1034,1046,1040,39,49,76,81,82,87,86,100,18,20,26,31,30,1052,1053,1057,0,1,4,8,7,125,126,135,140,143,154,167,171,180,182,190,194,197,263,261,258,206,207,211,212,217,865,909,871,872,879,882,108,109,94,92,896,899,901,916,919,921,851,842,230,236,234,249,310,285,283,281,279,267,268,272,273,389,387,393,395,398,400,429,431,417,424,423,463,411,485,377,372,369,366,367,492,493,508,509,504,514,503,502,496,481,479,475,468,553,552,562,558,454,452,451,597,598,603,605,610,436,613,616,622,627,633,669,718"
733,65rbg323,10,10,julia,471,0.580427583,0.588192833,0,0,"26,29,284,27,178,318,110,209,74,153,2,300,314,41,25,7,301,14,226,114,65,206,34,152,296,83,49,249,108,104,286,125,66,120,121,16,47,0,115,6,280,250,56,35,1,69,10,89,211,227,11,112,30,119,36,31,231,139,136,156,171,162,255,216,109"
734,65rbg323,10,10,cpp,471,0.416258792,0.421221667,0,0,"171,162,14,226,114,231,139,217,216,109,108,36,120,121,16,35,1,115,6,56,29,284,89,211,227,11,27,178,280,250,314,119,104,286,112,30,69,10,125,66,26,83,49,153,2,300,47,0,318,110,209,74,249,215,34,152,296,41,25,7,31,65,301,136,156"
735,107ali535,7,7,cpp,128639,2.016786,2.023132667,0,0,"466,122,378,162,391,246,416,369,435,377,217,488,244,321,288,160,236,442,502,406,109,149,176,470,41,2,252,78,245,83,76,317,437,327,485,427,196,237,131,55,253,104,71,341,203,9,32,232,34,291,408,453,372,330,215,84,405,5,355,371,111,225,219,199,345,59,379,280,373,73,349,471,451,428,526,516,356,47,60,421,297,91,455,507,409,417,429,282,273,501,120,393,133,247,312,308,172,382,4,301,226,525,523,25,221,338,18"
736,107ali535,7,7,julia,128653,2.39438175,2.517351084,0,0,"338,221,25,523,525,226,301,4,382,172,308,312,247,133,393,120,501,273,282,429,417,409,507,455,91,297,421,60,47,234,516,526,428,451,471,349,73,373,280,379,59,345,434,52,460,100,225,368,371,355,5,405,84,215,330,227,41,477,78,40,306,291,34,32,9,203,341,71,104,253,55,131,237,196,427,485,327,437,317,76,83,245,149,420,176,534,406,502,442,236,160,288,321,244,488,217,377,435,369,416,246,391,162,378,122,466,18"
737,45tsp225,4,4,julia,1612,0.185871292,0.192043667,0,0,"183,121,123,124,108,64,65,115,116,46,50,51,44,45,194,3,2,4,7,38,17,19,15,12,35,33,201,216,97,98,90,91,209,127,164,157,162,136,140,156,145,175,173,172,181"
738,45tsp225,4,4,cpp,1612,0.142534125,0.142735625,0,0,"172,173,175,145,156,140,136,162,157,164,129,209,91,90,98,97,216,201,33,35,12,13,19,17,38,7,4,2,3,194,45,44,51,50,46,116,115,65,64,108,124,123,122,183,181"
739,99d493,8,8,cpp,20025,1.80161325,1.802334083,0,0,"92,94,104,100,98,89,76,75,77,79,67,66,19,62,63,86,127,138,64,57,56,13,14,18,11,10,6,4,1,0,2,51,48,43,20,234,265,21,40,34,38,31,29,28,26,24,384,297,267,254,221,193,175,160,154,144,128,118,119,122,132,143,152,163,183,212,216,256,279,289,342,349,396,442,464,466,467,472,482,480,474,481,492,490,361,315,287,225,177,194,164,150,142,123,117,108,110,103,93"
740,99d493,8,8,julia,20023,2.231618542,2.25976375,0,0,"92,94,104,100,98,89,76,75,77,79,67,66,19,62,63,86,127,138,64,57,56,13,14,18,11,10,6,4,1,0,2,51,48,43,20,234,265,21,40,34,38,31,29,28,26,25,428,341,333,297,267,254,221,193,175,160,154,144,128,118,119,122,132,143,152,163,183,212,216,227,247,286,318,343,405,413,444,464,466,467,472,474,478,481,492,490,334,213,177,194,164,150,142,123,117,108,110,103,93"
741,64lin318,8,8,julia,20765,0.400525333,0.413448875,0,0,"216,219,224,139,141,208,148,160,153,37,136,127,112,107,111,4,8,2,9,10,19,26,35,40,43,46,50,316,90,91,92,88,80,62,60,64,186,189,195,196,197,193,185,192,169,276,282,285,298,302,308,304,297,275,270,261,256,253,250,246,244,223,218,212"
742,64lin318,8,8,cpp,20765,0.271239042,0.271555,0,0,"26,19,10,9,2,8,4,111,107,112,127,136,37,153,160,148,208,141,139,224,219,216,212,218,223,244,246,250,253,256,261,270,275,297,304,308,302,298,285,282,276,169,192,185,193,197,196,195,189,186,64,60,62,80,88,92,91,90,316,49,50,43,40,35"
743,113pa561,3,3,cpp,1038,2.050332917,2.057002334,0,0,"416,410,408,485,482,480,165,139,164,162,155,152,0,330,332,350,352,356,361,341,427,363,368,369,372,395,396,449,448,387,443,446,468,478,475,549,545,544,546,547,553,557,558,283,284,281,251,248,250,236,237,228,239,266,272,271,278,291,294,300,307,306,305,303,321,315,313,311,310,309,261,256,253,259,258,252,202,213,208,205,101,88,81,82,86,73,64,22,30,19,18,11,39,43,42,70,56,180,182,187,189,190,214,137,220,222,240,229,506,508,503,515,458"
744,113pa561,3,3,julia,1038,2.777307083,2.784309541,0,0,"408,485,482,480,165,139,164,162,155,152,0,330,332,350,352,356,361,341,427,363,368,369,372,396,395,449,448,387,443,466,468,478,477,472,545,544,546,552,553,557,558,283,284,281,251,248,249,250,237,239,266,271,272,278,277,298,300,307,306,305,303,319,315,314,311,310,264,261,256,253,259,258,252,203,213,210,205,101,103,81,82,84,73,64,22,30,19,18,11,39,43,42,70,55,180,182,187,189,190,214,137,220,222,240,244,228,506,508,503,512,458,416,410"
745,35si175,7,7,julia,5564,0.1081595,0.109768333,0,0,"108,73,72,66,27,28,3,19,17,2,1,9,7,32,78,37,95,82,44,86,101,102,147,112,167,137,140,134,131,130,123,122,163,151,110"
746,35si175,7,7,cpp,5564,0.066412708,0.067202875,0,0,"151,163,122,123,130,131,134,140,137,167,112,147,102,101,86,44,82,95,37,78,32,7,9,1,2,17,19,3,28,27,66,72,73,106,110"
747,107ali535,6,6,cpp,128653,1.739140375,1.744317959,0,0,"176,420,149,245,83,76,317,437,327,485,427,196,237,131,55,253,104,71,341,203,9,32,34,291,306,152,78,477,41,227,330,215,84,405,5,355,371,111,225,100,460,52,434,345,59,379,280,373,73,349,471,451,428,526,516,234,47,60,421,297,91,455,425,409,417,429,282,273,501,120,393,133,247,312,308,172,382,4,301,226,525,523,25,221,338,18,466,122,378,162,391,246,416,369,435,377,217,488,244,321,288,160,236,442,502,406,534"
748,107ali535,6,6,julia,128639,2.499758834,2.6224605,0,0,"338,221,25,523,525,226,301,4,382,172,308,312,247,133,393,120,501,273,282,429,417,409,507,455,91,297,421,60,47,234,516,526,428,451,471,349,73,373,280,379,59,345,199,20,225,368,371,355,5,405,84,215,330,372,453,408,291,34,232,32,9,203,341,71,104,253,55,131,237,196,427,485,327,437,317,76,83,245,78,252,2,41,470,176,149,109,406,502,442,236,160,288,321,244,488,217,377,435,369,416,246,391,162,378,122,466,18"
749,107att532,7,7,julia,13464,1.931182125,1.971720209,0,0,"431,388,376,400,389,442,478,498,509,513,526,516,510,479,465,456,421,405,377,316,255,239,219,310,346,360,238,237,250,329,335,273,116,138,172,97,94,61,127,170,234,300,354,348,370,392,393,394,373,366,311,293,302,307,298,283,207,158,75,49,55,90,133,134,159,123,76,26,20,4,1,5,14,23,44,89,137,147,224,268,296,306,305,341,433,424,407,402,380,401,391,409,432,460,455,466,494,530,518,491,461,448,440,477,490,503,470"
750,107att532,7,7,cpp,13464,1.66147825,1.662197833,0,0,"503,490,477,440,448,461,491,518,530,494,466,455,460,432,409,391,401,380,402,407,424,433,341,305,306,296,268,224,147,137,89,44,23,14,5,1,4,20,26,76,123,159,134,133,90,55,49,75,158,207,283,298,307,302,293,311,366,373,394,393,392,370,348,354,300,234,170,127,61,94,97,172,138,116,273,335,329,250,237,238,360,346,310,219,239,255,313,377,405,421,456,465,479,510,516,526,513,509,498,478,442,389,400,376,388,431,470"
751,72rbg358,7,7,cpp,693,0.63220725,0.63940475,0,0,"201,187,161,17,88,117,59,10,92,275,342,13,121,194,67,111,203,74,319,115,321,329,68,124,5,36,118,48,43,7,15,25,215,250,2,212,190,9,140,110,41,100,177,340,301,150,170,142,109,325,107,148,179,108,64,154,14,178,265,210,348,158,343,252,335,8,247,162,341,23,57,217"
752,72rbg358,7,7,julia,693,0.901715125,0.909357042,0,0,"154,14,217,201,140,110,4,117,88,178,265,210,184,252,335,8,23,212,161,341,158,343,179,108,142,109,325,107,17,13,121,48,57,68,124,5,148,194,67,79,187,43,7,15,25,215,250,2,100,190,9,92,275,342,10,36,118,111,170,203,74,319,115,164,348,177,340,301,150,41,247,162"
753,131p654,4,4,julia,27428,3.0447435,3.095647833,0,0,"548,533,534,551,552,554,556,558,559,113,121,129,169,181,189,101,99,98,97,96,95,93,91,92,89,81,85,86,84,83,80,76,73,75,78,77,74,561,562,564,565,544,545,547,571,205,225,233,265,281,285,105,104,103,72,71,70,69,67,68,66,65,64,62,9,8,7,6,12,10,61,13,34,28,22,24,23,25,33,37,40,42,46,47,48,49,52,50,51,56,59,58,57,17,18,459,477,456,435,427,398,601,600,598,596,594,593,590,588,379,359,351,339,323,302,586,585,607,582,581,579,578,577,573,15,16,14,4,3,1,0"
754,131p654,4,4,cpp,27428,2.218457042,2.219452791,0,0,"562,564,565,566,570,547,571,213,221,237,253,281,285,105,104,103,72,71,70,69,67,68,66,65,64,62,9,8,7,6,12,10,61,13,34,28,22,24,23,25,33,37,40,42,46,47,48,49,52,50,51,56,59,58,57,17,18,459,477,456,435,410,406,601,600,598,597,594,593,589,588,383,363,347,343,319,298,586,585,607,582,581,579,578,576,573,15,16,14,4,3,1,0,548,533,534,551,552,555,557,558,559,117,121,129,157,185,189,101,99,98,97,96,95,93,91,92,89,81,85,86,84,83,80,76,73,75,78,77,74,561"
755,89rbg443,3,3,cpp,635,1.244343208,1.254740583,0,0,"30,68,416,18,307,20,82,160,84,252,142,97,376,182,151,85,167,61,185,189,86,0,269,83,282,273,159,274,373,162,94,300,60,266,433,428,241,292,176,41,399,258,127,242,262,186,192,7,87,406,95,81,417,104,342,283,103,211,80,181,31,75,317,93,414,204,278,45,427,380,367,244,397,355,343,391,49,42,100,14,76,429,65,254,305,264,146,66,74"
756,89rbg443,3,3,julia,633,1.586870209,1.59839675,0,0,"160,84,258,66,18,167,61,185,343,244,151,85,367,391,274,373,181,31,75,342,283,103,162,94,360,273,433,2,81,133,57,41,305,264,146,307,20,100,14,82,397,355,189,86,0,269,83,330,104,63,65,254,30,159,49,80,204,76,68,87,211,182,7,406,389,241,93,414,127,242,262,186,192,416,278,45,427,380,399,320,142,97,376,74,292,176,266,208,60"
757,40krob200,8,8,julia,13111,0.138023125,0.143765959,0,0,"155,47,186,147,35,17,104,54,142,87,172,140,183,29,74,68,193,196,38,188,141,84,157,90,7,0,89,160,8,26,60,93,177,185,195,88,181,32,127,50"
758,40krob200,8,8,cpp,13111,0.097794583,0.097995042,0,0,"155,47,186,147,35,17,104,54,142,87,172,140,183,29,74,68,193,196,38,188,141,84,157,90,7,0,89,160,8,26,60,93,177,185,195,88,181,32,127,50"
759,88pr439,4,4,cpp,60099,0.977858459,0.978418917,0,0,"434,433,407,423,429,432,421,406,397,392,390,380,372,340,341,281,280,186,187,188,231,285,289,290,351,347,376,378,388,413,418,414,428,427,404,403,400,386,377,362,335,295,274,222,232,267,266,305,324,322,318,258,247,249,171,162,128,98,124,138,155,152,142,144,146,143,103,101,18,20,22,63,62,72,74,76,34,35,56,78,43,48,50,82,185,227,283,438"
760,88pr439,4,4,julia,60099,1.221806875,1.244193875,0,0,"434,433,407,423,429,432,421,406,397,392,390,380,372,340,341,281,280,186,187,188,231,285,289,290,351,347,376,378,388,413,418,414,428,427,416,403,400,386,377,362,335,295,274,222,232,267,266,305,324,322,318,258,247,249,171,162,128,98,124,138,155,152,142,144,146,143,103,101,18,20,22,63,62,72,74,76,34,35,56,78,43,48,50,82,185,227,283,438"
761,113pa561,4,4,julia,1038,2.4060095,2.412852625,0,0,"272,271,266,239,228,237,250,249,248,251,281,285,283,558,557,553,552,546,544,545,549,477,478,468,446,443,387,448,449,396,395,372,369,368,365,379,427,341,356,352,350,332,330,0,152,155,162,164,139,165,480,482,485,408,410,416,458,518,503,508,506,229,240,222,220,137,214,190,189,187,182,180,56,70,54,42,39,35,11,18,21,30,64,73,84,82,81,103,101,205,210,213,202,252,258,259,253,256,261,264,310,311,314,315,321,303,305,306,307,300,298,277,278"
762,113pa561,4,4,cpp,1038,2.119555375,2.125266208,0,0,"485,408,410,416,458,518,503,508,506,240,222,220,137,214,190,189,187,182,180,56,70,54,42,36,35,11,18,21,30,64,73,84,82,81,103,101,205,208,213,202,252,258,259,253,256,261,309,310,311,314,315,319,303,305,306,307,300,294,291,278,272,271,266,245,239,228,237,236,250,248,251,286,284,283,558,557,553,552,546,544,545,472,477,478,468,445,443,387,448,449,395,396,372,369,368,365,379,427,341,356,352,350,332,323,0,152,155,162,164,139,165,480,482"
763,89rbg443,9,9,cpp,635,1.21693425,1.226430334,0,0,"74,433,19,81,7,208,60,266,180,18,285,57,41,68,87,189,86,0,269,83,399,258,159,274,373,30,307,20,100,14,82,417,104,127,242,262,186,192,360,273,93,414,429,65,254,204,278,45,167,61,185,397,355,342,283,272,416,241,406,389,146,343,244,292,80,367,391,49,176,151,85,181,31,75,427,380,347,264,76,162,94,211,182,160,84,252,142,97,376"
764,89rbg443,9,9,julia,636,1.505337625,1.5166975,0,0,"0,269,83,68,399,258,7,305,264,146,160,274,373,180,74,343,391,49,45,211,182,181,31,75,427,380,30,416,18,127,242,262,186,192,159,241,367,244,285,57,41,204,278,254,292,176,360,273,406,84,252,142,97,376,76,167,61,185,342,283,302,63,65,364,81,93,414,151,85,120,20,100,14,82,433,428,80,162,94,330,104,397,355,87,266,43,60,189,86"
765,212u1060,7,7,julia,106174,19.678573459,19.808236375,0,0,"717,713,678,676,673,674,670,669,633,627,622,613,611,610,600,437,438,440,441,450,597,452,453,562,561,553,550,549,529,528,469,466,463,421,419,413,401,427,396,395,393,387,381,375,371,487,484,491,496,502,503,514,504,509,508,347,356,361,362,352,349,299,300,302,308,311,285,283,282,281,388,273,272,268,267,195,193,190,183,181,172,166,155,143,140,135,126,125,7,8,4,1,0,1057,1053,1052,29,12,25,32,1043,1046,1038,1034,1031,1032,37,39,42,52,69,61,63,1028,1029,1015,991,985,975,974,964,963,949,958,80,76,82,87,86,101,97,95,110,109,882,879,872,871,909,865,217,212,211,207,206,258,261,256,249,234,236,230,842,851,921,919,916,901,899,898,952,953,933,945,942,941,827,939,936,938,837,833,822,821,808,810,813,317,322,329,330,337,340,342,794,792,779,778,765,756,751,534,537,747,740,739,544,736,574,575,734,732,731,727,724,697,696,692,691,706,709,718"
766,212u1060,7,7,cpp,106229,16.238469291,16.2408395,0,0,"717,713,678,676,673,674,689,703,708,720,722,699,725,579,578,574,736,734,731,732,738,740,747,542,543,541,534,751,755,764,778,779,792,794,342,340,337,330,324,327,344,348,351,349,299,300,303,307,316,814,810,808,821,822,833,837,938,936,939,827,941,942,945,933,930,953,949,963,962,964,974,975,985,991,1015,1029,1028,63,61,69,70,53,55,1031,1034,1046,1040,39,49,76,81,82,87,86,100,18,20,26,31,30,1052,1053,1057,0,1,4,8,7,125,126,135,140,143,154,166,168,181,183,190,194,197,263,261,258,206,207,211,212,217,865,909,871,872,879,882,108,109,94,92,896,899,901,916,919,921,851,842,230,236,234,249,310,285,283,281,279,267,268,272,273,389,387,393,395,398,400,429,431,417,424,423,463,411,485,377,372,369,366,367,492,493,508,509,504,514,503,502,496,481,479,475,468,553,552,562,558,454,452,451,597,598,603,605,610,436,613,616,622,627,633,666,718"
767,40kroa200,2,2,cpp,13406,0.097600833,0.098074084,0,0,"31,171,110,131,26,192,166,157,30,46,111,7,142,102,113,129,71,195,4,194,181,149,172,22,163,88,58,68,107,3,105,91,103,164,47,43,62,15,77,6"
768,40kroa200,2,2,julia,13406,0.137600416,0.142615667,0,0,"31,171,110,131,26,192,166,157,30,46,111,7,142,102,113,129,71,195,4,194,181,90,172,22,163,88,58,68,107,3,105,91,103,164,47,43,62,15,77,6"
769,89pcb442,2,2,julia,21657,1.253805583,1.277175541,0,0,"65,101,440,148,160,172,185,400,405,233,238,239,240,425,281,427,346,432,350,351,314,289,424,246,414,416,277,295,434,360,361,363,364,328,329,431,372,335,334,274,419,413,225,208,197,217,412,411,258,232,224,223,222,213,199,212,211,174,137,127,116,117,128,389,142,143,131,132,122,123,133,134,124,96,30,29,28,56,55,84,83,49,48,46,44,6,5,4,441"
770,89pcb442,2,2,cpp,21657,0.9108445,0.911427583,0,0,"83,84,55,56,28,29,30,96,124,134,133,123,122,132,131,143,142,389,128,117,116,127,137,174,211,212,199,213,222,223,224,232,258,411,412,217,197,208,225,413,419,274,334,335,372,431,329,328,364,363,361,360,434,295,277,416,414,246,424,289,314,351,350,432,346,427,281,425,240,239,238,233,405,400,185,172,160,148,440,101,65,441,4,5,6,44,46,48,49"
771,40krob200,9,9,cpp,13111,0.096053334,0.096340958,0,0,"54,142,87,172,140,183,29,74,68,193,196,38,188,141,84,157,90,7,0,89,160,8,26,60,93,177,185,195,88,181,32,127,50,155,47,186,147,35,17,104"
772,40krob200,9,9,julia,13111,0.136684958,0.141655416,0,0,"155,47,186,147,35,17,104,54,142,87,172,140,183,29,74,68,193,196,38,188,141,84,157,90,28,97,11,89,8,26,60,93,177,185,195,88,181,32,127,50"
773,115u574,1,1,julia,16689,2.363186375,2.401836292,0,0,"439,435,433,443,441,451,488,489,493,482,481,497,499,507,512,519,522,242,203,205,185,208,232,230,229,217,22,31,19,14,528,529,535,543,546,552,11,10,557,556,562,565,567,570,47,46,45,53,57,55,79,85,86,87,28,89,104,110,112,74,75,59,61,62,127,126,132,135,136,137,144,146,156,152,167,174,175,173,284,287,291,305,307,308,309,312,280,279,189,196,251,465,464,459,397,255,254,390,383,385,265,270,327,328,330,342,344,369,374,361,359,358,411,427,428"
774,115u574,1,1,cpp,16689,1.852158375,1.852987625,0,0,"528,14,19,31,22,217,229,239,204,203,242,522,519,512,507,499,497,481,482,492,489,488,451,441,443,433,435,439,428,427,411,358,359,361,374,369,344,342,330,328,327,270,265,385,383,390,254,255,397,459,464,465,251,196,189,279,280,313,309,301,302,306,187,184,209,210,174,173,284,287,288,167,152,156,146,144,137,136,135,132,126,127,62,61,59,75,74,112,110,104,89,28,87,86,85,79,55,57,53,45,46,47,570,567,565,562,556,557,10,11,552,546,543,535,529"
775,115u574,2,2,cpp,16689,2.160190708,2.161121,0,0,"439,435,433,443,441,451,488,489,493,482,481,497,499,507,512,519,522,242,203,204,239,229,217,22,31,19,14,528,529,535,543,546,552,11,10,557,556,562,565,567,570,47,46,45,53,57,55,79,85,86,87,28,89,104,110,112,74,75,59,61,62,127,126,132,135,136,137,144,146,156,152,167,288,287,284,173,174,210,209,184,187,306,302,300,309,313,280,279,189,196,251,465,464,459,397,255,254,390,383,385,265,270,327,328,330,342,344,369,374,361,359,358,411,427,428"
776,115u574,2,2,julia,16689,2.364107417,2.402205375,0,0,"427,411,358,359,361,374,369,344,342,330,328,327,270,265,385,383,390,254,255,397,459,464,465,251,196,189,279,280,312,309,300,302,282,187,184,209,210,174,173,284,287,288,167,152,156,146,144,137,136,135,132,126,127,62,61,59,75,74,112,110,104,89,28,87,86,85,79,55,57,53,45,46,47,570,567,565,562,556,557,10,11,552,546,543,535,529,528,14,19,31,22,217,229,228,204,203,242,522,519,512,507,499,497,481,482,493,489,488,451,441,443,433,435,439,428"
777,45tsp225,9,9,julia,1612,0.180934834,0.187208167,0,0,"172,173,175,145,156,140,136,162,157,164,129,209,91,90,98,97,216,201,33,35,12,13,19,17,38,7,4,2,3,194,45,44,51,206,46,116,115,65,64,108,124,123,121,183,181"
778,45tsp225,9,9,cpp,1612,0.132393125,0.13260425,0,0,"172,173,175,145,156,140,136,162,157,164,127,209,91,90,98,97,216,201,33,35,12,13,19,17,38,7,4,2,3,194,45,44,51,50,46,116,115,65,64,108,124,123,122,183,181"
779,99d493,7,7,cpp,20033,1.529424042,1.530204583,0,0,"474,472,467,466,461,24,25,26,28,29,31,38,34,40,21,265,234,20,43,48,51,2,0,1,4,6,10,11,18,14,13,56,57,64,138,127,86,63,62,19,66,67,79,77,75,76,89,98,100,104,94,92,93,103,110,108,117,123,142,150,177,213,195,204,220,226,227,216,183,163,152,143,132,122,119,118,128,144,154,160,175,193,221,254,267,297,341,370,423,406,405,330,323,287,334,490,492,481,478"
780,99d493,7,7,julia,20023,2.335127875,2.362804083,0,0,"92,94,104,100,98,89,76,75,77,79,67,66,19,62,63,86,127,138,64,57,56,13,14,18,11,10,6,4,1,0,2,51,48,43,20,234,265,21,40,34,38,31,29,28,26,25,428,341,333,297,267,254,221,193,175,160,154,144,128,118,119,122,132,143,152,163,183,212,216,227,261,286,318,343,405,413,443,464,466,467,472,474,478,481,492,490,334,213,177,194,164,150,142,123,117,108,110,103,93"
781,80rd400,5,5,julia,6361,0.874898541,0.894620167,0,0,"392,188,124,387,220,11,26,230,369,142,309,32,149,137,85,324,321,276,363,133,73,398,337,54,167,248,160,285,257,231,382,312,228,318,209,179,191,155,358,397,173,24,199,339,277,399,394,88,316,163,172,41,287,150,5,212,153,34,47,22,31,362,344,292,310,396,75,136,114,8,202,366,226,178,381,72,386,329,92,15"
782,80rd400,5,5,cpp,6361,0.611888667,0.6123825,0,0,"360,329,386,72,381,178,226,366,202,8,114,136,75,275,129,292,344,362,31,22,47,34,153,212,5,150,287,41,172,163,316,88,394,399,277,339,199,24,173,397,358,155,191,179,209,318,228,312,382,231,257,285,160,248,167,54,337,398,73,133,363,276,321,324,85,137,149,32,309,142,369,230,26,11,220,387,124,188,392,15"
783,40krob200,6,6,cpp,13111,0.09529675,0.095548958,0,0,"155,47,186,147,35,17,104,54,142,87,172,140,183,29,74,68,193,196,38,188,141,84,157,90,7,0,89,160,8,26,60,93,177,185,195,88,181,32,127,50"
784,40krob200,6,6,julia,13111,0.139245375,0.144161666,0,0,"127,32,181,88,195,185,177,93,60,26,8,89,11,97,28,90,157,84,141,188,38,196,193,68,74,29,183,140,172,87,142,54,104,17,35,147,186,47,155,50"
785,84fl417,8,8,julia,9651,0.86903375,0.889516875,0,0,"61,68,89,86,94,95,73,79,80,75,98,97,101,104,291,285,279,377,376,374,373,371,368,224,218,208,202,392,406,404,401,400,102,71,59,39,36,32,340,341,342,330,332,130,138,144,22,29,14,16,11,5,20,30,18,7,21,349,350,351,355,337,338,154,160,166,172,35,37,40,42,49,51,54,56,50,48,46,44,41,38,52,58,57"
786,84fl417,8,8,cpp,9651,0.604223417,0.604712125,0,0,"61,68,89,86,94,95,73,79,80,75,98,97,101,104,291,283,275,377,376,374,373,372,368,247,214,208,202,392,406,403,401,400,102,71,59,39,36,32,340,341,343,330,332,130,138,144,22,29,14,16,11,5,20,30,18,7,21,349,350,352,356,337,338,154,160,166,172,35,37,40,42,49,51,54,56,50,48,46,44,41,38,52,58,57"
787,64lin318,9,9,cpp,20765,0.294753666,0.295170083,0,0,"218,223,244,246,250,253,256,261,270,275,297,304,308,302,298,285,282,276,169,192,185,193,197,196,195,189,186,64,60,62,80,88,92,91,90,316,49,50,43,40,35,26,19,10,9,2,8,4,111,107,112,127,136,37,153,160,148,208,141,139,224,219,216,212"
788,64lin318,9,9,julia,20765,0.410017792,0.421819083,0,0,"216,219,224,139,141,208,148,160,153,37,136,127,112,107,111,4,8,2,9,10,19,26,35,40,43,46,50,316,90,91,92,88,80,62,60,64,186,189,195,196,197,193,185,192,169,276,282,285,298,302,308,304,297,275,270,261,256,253,250,246,244,223,217,212"
789,35si175,4,4,julia,5564,0.101064625,0.102121166,0,0,"151,163,122,123,130,131,134,138,137,167,112,147,102,101,86,44,82,95,37,78,36,7,9,1,2,17,19,3,28,27,66,72,73,108,110"
790,35si175,4,4,cpp,5564,0.064409416,0.065119208,0,0,"92,73,72,66,27,28,3,19,17,2,1,9,7,34,78,37,95,82,44,86,101,102,147,112,167,137,138,134,131,130,123,122,163,151,110"
791,113pa561,1,1,cpp,1039,1.770514458,1.7762995,0,0,"39,43,42,70,55,180,182,187,189,190,214,217,150,151,229,228,506,508,503,515,458,416,413,408,485,483,480,165,139,164,162,155,152,0,323,332,335,352,356,361,341,427,364,368,369,372,396,395,449,448,387,443,466,468,478,477,472,545,544,546,547,553,557,558,283,284,286,251,248,249,250,237,239,242,274,272,271,278,291,290,300,307,306,305,303,319,315,314,311,310,309,261,256,253,259,258,252,202,213,210,205,101,88,81,82,83,73,64,22,30,18,19,11"
792,113pa561,1,1,julia,1038,2.435742083,2.442625584,0,0,"332,323,0,152,155,162,164,139,165,480,482,485,408,410,416,458,515,503,508,506,228,244,240,222,220,137,214,190,189,187,182,180,55,70,49,42,39,35,11,18,21,30,64,73,83,82,81,103,101,205,208,213,202,252,258,259,253,256,261,264,310,311,318,315,321,303,305,306,307,300,298,277,278,271,272,266,239,237,236,250,248,251,281,285,283,558,557,553,547,546,544,545,472,475,478,468,446,443,387,448,449,396,395,372,369,368,365,379,427,341,356,352,350"
793,89rbg443,5,5,julia,636,1.946426458,1.957718208,0,0,"7,68,417,104,30,406,74,211,176,427,380,367,391,274,373,181,31,75,266,66,18,292,182,208,60,397,355,151,85,433,428,364,81,347,264,254,162,94,204,49,80,416,278,45,87,160,84,258,343,244,214,100,14,82,399,320,142,97,376,273,127,242,262,186,192,342,283,272,167,61,185,159,241,189,86,0,269,83,93,414,429,65,146,120,20,76,132,219,41"
794,89rbg443,5,5,cpp,634,1.148372208,1.157923791,0,0,"60,427,380,367,244,347,264,76,160,84,252,142,97,376,182,181,31,75,394,20,100,14,82,211,45,167,61,185,159,49,80,151,85,162,94,397,355,127,242,262,186,192,343,391,274,373,132,219,41,433,428,241,93,414,399,258,330,104,342,283,272,416,278,254,406,19,81,429,65,146,189,86,0,269,83,68,204,74,7,87,30,292,176,266,360,273,180,18,208"
795,131p654,5,5,cpp,27428,2.15348525,2.154582,0,0,"1,3,4,14,16,15,573,577,578,579,581,582,607,585,586,303,323,327,351,363,379,643,644,645,647,648,627,629,653,405,417,441,465,469,477,18,17,57,58,59,56,51,50,52,49,48,47,46,42,40,37,33,25,23,24,22,29,34,13,61,10,12,6,7,8,9,62,64,65,66,68,67,69,70,71,72,103,104,105,285,281,257,233,229,213,571,547,545,566,565,563,562,561,74,77,78,75,73,76,80,83,84,86,85,81,89,92,91,93,95,96,97,98,99,101,189,177,173,149,121,113,559,558,557,554,553,551,534,533,548,0"
796,131p654,5,5,julia,27428,3.087260041,3.136391458,0,0,"533,534,551,553,554,557,558,559,113,121,149,169,181,189,101,99,98,97,96,95,93,91,92,89,81,85,86,84,83,80,76,73,75,78,77,74,561,562,564,565,569,546,547,571,205,229,241,261,281,285,105,104,103,72,71,70,69,67,68,66,65,64,62,9,8,7,6,12,10,61,13,34,29,22,24,23,25,33,37,40,42,46,47,48,49,52,50,51,56,59,58,57,17,18,463,477,465,441,417,409,653,629,628,651,647,645,644,643,391,363,347,335,323,315,586,585,607,582,581,579,578,577,573,15,16,14,4,3,1,0,548"
797,53pr264,3,3,julia,29549,0.251390291,0.259427375,0,0,"120,60,38,39,41,42,44,56,49,54,124,149,229,233,227,159,160,161,147,163,237,236,263,218,217,175,181,184,183,253,261,256,257,202,197,195,134,131,88,82,81,6,11,12,73,103,69,23,25,24,109,112,128"
798,53pr264,3,3,cpp,29549,0.179268417,0.179631958,0,0,"112,109,66,25,23,70,103,73,12,11,6,81,82,88,131,134,195,201,202,257,256,261,253,183,184,181,175,217,218,263,236,162,163,147,161,160,159,227,233,152,149,124,54,49,56,44,43,41,39,38,59,120,128"
799,145u724,6,6,cpp,17281,5.571113458,5.572772167,0,0,"723,721,10,3,712,702,701,709,700,699,16,109,110,114,62,103,117,121,118,122,640,647,651,116,107,66,87,88,93,95,21,92,28,38,35,676,665,663,662,618,152,607,605,591,558,574,573,549,187,556,588,133,601,583,584,282,283,130,281,270,258,523,264,520,525,210,252,211,502,353,503,497,343,345,215,207,220,253,195,200,204,227,321,331,322,496,491,490,489,477,295,292,294,293,364,414,430,432,452,462,459,418,417,467,363,402,471,367,375,382,393,394,396,309,314,305,303,333,327,240,237,201,537,561,559,179,178,143,141,165,153,621,611,612,672,681,670,48,684,31,94,25,13,11,0"
800,145u724,6,6,julia,17281,8.061725959,8.121970709,0,0,"723,721,10,3,712,702,701,709,700,699,16,109,110,114,62,69,649,121,118,122,640,647,651,116,107,66,87,88,93,95,21,92,28,38,35,676,665,663,662,618,152,607,605,591,558,574,573,549,187,556,588,133,601,583,584,282,283,130,281,270,258,523,264,520,525,210,252,211,502,353,503,497,343,345,215,207,220,253,195,200,204,227,321,331,322,496,491,490,489,477,295,292,294,293,364,414,430,434,452,462,459,418,417,467,363,402,471,367,375,382,393,394,396,309,314,305,303,333,327,240,237,201,537,561,559,179,178,143,141,165,153,621,611,612,672,681,670,48,684,31,94,25,13,11,0"
801,36brg180,5,5,julia,4420,0.126225916,0.128248334,0,0,"26,27,68,51,50,61,54,55,16,17,6,37,36,10,12,13,4,20,21,0,59,58,84,34,35,8,40,41,60,44,45,65,64,30,31,69"
802,36brg180,5,5,cpp,4420,0.071493584,0.072528,0,0,"59,58,6,23,22,0,40,41,70,51,50,71,54,55,68,28,29,62,32,33,65,64,45,44,166,19,18,37,36,10,14,15,8,25,24,4"
803,89pcb442,10,10,cpp,21657,0.954148708,0.95565025,0,0,"4,5,6,44,45,48,49,83,84,55,56,28,29,30,96,124,134,133,123,122,132,131,143,142,389,128,117,116,127,137,174,211,212,199,213,222,223,224,232,258,411,412,217,197,208,225,413,419,274,334,335,372,431,329,328,364,363,361,360,434,295,277,416,414,246,424,289,314,351,350,432,347,427,281,425,240,239,238,233,405,400,185,172,160,148,440,101,65,441"
804,89pcb442,10,10,julia,21657,1.269398,1.291483125,0,0,"142,143,131,132,122,123,133,134,124,96,30,29,28,56,55,84,83,49,48,47,44,6,5,4,441,65,101,440,148,160,172,185,400,405,233,238,239,240,425,281,427,347,432,350,351,314,289,424,246,414,416,277,295,434,360,361,363,364,328,329,431,372,335,334,274,419,413,225,208,197,217,412,411,258,232,224,223,222,213,199,212,211,174,137,127,116,117,128,389"
805,201pr1002,5,5,julia,114311,18.2327285,18.347678833,0,0,"201,205,207,208,217,236,239,232,224,263,245,260,259,269,256,121,122,123,105,109,110,298,283,276,274,273,272,468,470,471,478,480,482,490,489,488,498,500,506,510,998,531,535,536,538,521,515,566,564,562,558,591,590,579,580,586,597,599,601,602,794,793,789,752,999,758,780,782,801,798,806,808,820,822,816,815,835,836,1001,859,863,864,851,850,894,893,892,890,885,884,926,925,904,913,912,929,930,936,938,954,941,943,951,964,965,967,700,692,986,987,682,674,673,668,665,664,723,721,713,706,736,735,730,731,615,623,622,653,657,659,354,353,348,345,340,336,395,393,386,387,378,408,411,374,633,632,628,609,606,447,450,452,429,427,423,422,403,402,288,295,308,309,312,330,331,28,24,31,32,59,57,53,71,67,11,6,3,2,0,75,74,78,77,95,132,131,139,142,143,148,994,251,153,164,166,171,172,178,179,182,995"
806,201pr1002,5,5,cpp,114394,12.799652291,12.801701083,0,0,"182,179,178,172,171,166,164,153,251,994,148,143,142,139,131,132,95,77,78,74,75,0,2,3,6,11,67,71,53,57,59,32,31,24,28,331,330,312,309,308,295,288,402,403,422,420,409,410,378,387,386,393,395,336,341,345,348,353,355,659,657,643,639,637,636,623,615,731,730,735,736,706,713,721,723,664,665,668,673,674,682,987,986,692,700,967,965,964,951,943,941,954,938,936,930,929,912,913,904,925,926,884,885,888,892,893,894,850,851,864,863,859,1001,836,835,815,816,822,820,808,806,798,801,782,780,758,999,752,789,793,794,600,601,602,604,608,627,630,433,431,455,454,584,585,579,575,587,588,590,558,562,564,566,515,521,538,536,535,531,998,510,506,500,498,488,489,490,491,480,478,471,470,468,272,273,274,276,283,298,110,109,105,123,122,121,256,269,259,260,245,263,224,232,239,236,217,208,207,205,201,995"
807,31pr152,6,6,cpp,51576,0.047529917,0.0485885,0,0,"5,11,4,12,13,33,35,50,91,77,71,89,113,122,120,119,118,117,109,83,60,82,86,81,87,65,42,17,9,6,10"
808,31pr152,6,6,julia,51576,0.080394625,0.083215625,0,0,"11,5,10,6,9,17,42,65,87,81,86,82,60,83,109,117,118,119,120,122,113,89,71,77,91,50,35,33,13,12,4"
809,41gr202,10,10,julia,23301,0.14187475,0.159803667,0,0,"193,181,179,177,165,163,124,119,118,94,92,86,85,82,79,78,77,76,75,74,73,67,66,63,70,53,50,15,0,1,7,9,11,18,21,23,145,151,196,199,201"
810,41gr202,10,10,cpp,23301,0.089321792,0.089918459,0,0,"196,199,201,193,181,179,177,165,163,124,119,118,94,92,86,85,82,79,78,77,76,75,74,73,67,66,63,70,53,50,15,0,1,7,9,11,18,21,23,145,151"
811,157rat783,4,4,cpp,3265,6.548575584,6.550179708,0,0,"12,27,43,68,53,61,49,30,35,76,73,75,57,11,17,16,36,51,96,99,114,122,152,150,151,162,168,163,149,140,166,196,212,225,281,287,307,319,361,377,387,372,363,347,325,310,302,321,344,349,345,324,305,258,257,242,221,194,204,235,241,238,276,301,327,343,355,389,400,422,444,465,481,510,550,585,596,626,644,647,677,708,733,768,760,744,757,756,732,712,660,620,621,630,653,699,739,765,769,779,740,715,750,752,743,716,686,662,646,636,594,549,545,544,536,552,542,557,555,534,528,514,512,491,459,432,425,423,418,416,440,463,475,473,464,453,470,480,460,441,412,366,328,313,296,263,246,237,193,180,169,148,108,86,83,39,5"
812,157rat783,4,4,julia,3273,6.786689125,6.856379875,0,0,"12,27,43,68,53,61,49,30,35,38,32,46,22,16,36,51,109,122,152,135,110,106,97,115,127,162,168,156,149,140,166,196,212,225,281,282,307,319,361,377,387,372,363,347,325,310,302,332,344,349,345,324,305,258,257,242,221,194,204,238,235,241,276,301,327,343,355,389,400,422,444,481,510,505,484,432,425,429,455,476,466,434,417,436,445,473,486,526,541,557,574,604,632,652,685,683,680,643,616,565,556,546,560,568,593,610,651,670,704,717,746,768,759,757,756,736,754,747,769,779,740,715,750,752,743,716,686,662,646,636,594,549,544,531,509,480,470,450,441,443,403,366,328,313,296,263,246,237,193,180,169,148,108,86,83,39,5"
813,115rat575,7,7,julia,2399,3.192510792,3.231344458,0,0,"555,532,531,507,506,484,485,487,489,490,467,443,419,440,416,393,369,347,348,324,300,278,234,212,211,186,185,184,162,141,140,118,95,71,47,24,25,27,29,32,10,33,12,14,16,19,44,90,113,110,133,109,85,82,81,78,99,100,124,146,169,171,172,151,176,178,179,181,180,226,227,274,297,320,343,341,338,314,313,291,265,264,263,262,284,307,352,375,377,379,380,383,405,427,451,452,431,411,388,413,435,457,480,502,525,550,571,568,566,542,519,517,516,559,557"
814,115rat575,7,7,cpp,2399,2.388827667,2.389599125,0,0,"559,516,517,519,542,566,568,571,550,526,502,480,457,435,413,388,411,432,454,450,427,405,383,380,379,377,375,352,307,284,285,263,264,265,291,313,314,338,341,343,320,297,274,227,226,203,181,179,178,176,151,172,171,169,146,124,100,99,78,81,82,85,109,133,110,113,67,44,19,16,14,12,33,10,32,29,27,25,24,47,71,95,118,140,141,162,184,185,186,211,212,234,278,300,324,348,347,369,393,416,440,419,443,467,490,489,487,485,484,506,507,531,532,555,557"
815,80rd400,2,2,cpp,6361,0.641244083,0.642025167,0,0,"392,188,124,387,220,11,26,230,369,142,309,32,149,137,85,324,321,276,363,133,73,398,337,54,167,248,160,285,257,231,382,312,228,318,209,179,191,155,358,397,173,24,199,339,277,399,394,88,316,163,172,41,287,150,5,212,153,34,47,22,31,362,344,292,310,396,75,136,114,8,202,21,226,178,381,72,386,329,92,15"
816,80rd400,2,2,julia,6361,0.835631125,0.854203084,0,0,"228,312,382,231,257,285,160,248,167,54,337,398,73,133,363,276,321,324,85,137,149,32,309,142,369,230,217,11,220,387,124,188,392,15,92,329,386,72,381,178,226,366,202,8,114,136,75,275,310,292,344,362,31,22,47,34,153,212,5,150,287,41,172,163,316,88,394,399,277,339,199,24,173,397,358,155,191,179,209,318"
817,89pcb442,4,4,julia,21657,1.330505084,1.353274625,0,0,"4,5,6,44,46,48,49,83,84,55,56,28,29,30,96,124,134,133,123,122,132,131,143,142,389,128,117,116,127,137,174,211,212,199,213,222,223,224,232,258,411,412,217,197,208,225,413,419,274,334,335,372,431,329,328,364,363,361,360,434,295,277,416,414,246,424,289,314,351,350,432,346,427,281,425,240,239,238,233,405,400,185,172,160,148,440,101,65,441"
818,89pcb442,4,4,cpp,21657,0.974388208,0.9749825,0,0,"65,101,440,148,160,172,185,400,405,233,238,239,240,425,281,427,347,432,350,351,314,289,424,246,414,416,277,295,434,360,362,363,364,328,329,431,372,335,334,274,419,413,225,208,197,217,412,411,258,232,224,223,222,213,199,212,211,174,137,127,116,117,128,389,142,143,131,132,122,123,133,134,124,96,30,29,28,56,55,84,83,49,48,45,44,6,5,4,441"
819,40kroa200,8,8,cpp,13406,0.097793167,0.098306083,0,0,"31,171,110,131,26,192,166,157,30,46,111,7,142,102,113,129,71,195,4,194,181,90,172,22,163,88,58,68,107,3,105,91,103,164,47,43,62,15,77,6"
820,40kroa200,8,8,julia,13406,0.14138525,0.146258417,0,0,"77,15,62,43,47,164,103,91,105,3,107,68,58,88,163,22,172,90,181,194,4,195,71,129,113,102,142,7,111,46,30,157,166,192,26,131,110,171,31,6"
821,107att532,9,9,julia,13464,2.335893708,2.374929125,0,0,"503,490,477,440,448,461,491,518,530,494,466,455,460,432,409,391,401,387,380,407,424,433,341,305,306,296,268,224,147,137,89,44,23,14,5,1,4,18,26,76,123,159,134,133,90,55,49,75,158,207,283,298,307,302,293,311,366,373,394,393,392,370,348,354,300,234,170,127,61,94,97,172,138,116,273,335,329,250,237,238,360,346,310,219,239,255,313,377,405,421,456,465,479,510,516,526,513,509,498,478,442,389,400,376,388,431,470"
822,107att532,9,9,cpp,13464,1.754782625,1.755482125,0,0,"503,490,477,440,448,461,491,518,530,494,466,455,460,432,409,391,401,387,380,407,424,433,341,305,306,296,268,224,147,137,89,44,23,14,5,1,4,18,26,76,123,159,134,133,90,55,49,75,158,207,283,298,307,302,293,311,366,373,394,393,392,370,348,354,300,234,170,127,61,94,97,172,138,116,273,335,329,250,237,238,360,346,310,219,239,255,313,377,405,421,456,465,479,510,516,526,513,509,498,478,442,389,400,376,388,431,470"
823,40d198,8,8,cpp,10557,0.098953084,0.099415875,0,0,"2,4,9,10,70,55,54,53,61,75,90,105,110,117,122,138,157,158,137,130,126,136,171,165,190,186,194,193,174,175,181,167,166,24,20,21,16,14,39,0"
824,40d198,8,8,julia,10557,0.147527667,0.152707667,0,0,"2,4,9,10,70,55,54,53,64,75,90,105,110,117,122,138,157,158,137,130,126,136,171,165,190,186,194,193,174,175,181,167,166,24,20,21,16,14,39,0"
825,40krob200,2,2,julia,13111,0.139366875,0.144597875,0,0,"127,32,181,88,195,185,177,93,60,26,8,89,11,97,28,90,157,84,141,188,38,196,193,68,74,29,183,140,172,87,142,54,104,17,35,147,186,47,155,50"
826,40krob200,2,2,cpp,13111,0.097157583,0.0973225,0,0,"127,32,181,88,195,185,177,93,60,26,8,160,89,0,7,90,157,84,141,188,38,196,193,68,74,29,183,140,172,87,142,54,104,17,35,147,186,47,155,50"
827,207si1032,4,4,cpp,22325,14.658697541,14.685469625,0,0,"18,22,23,91,92,166,167,265,264,174,173,177,178,181,180,26,25,28,32,31,35,105,186,187,191,284,195,288,292,293,299,412,437,473,499,498,471,381,382,512,497,392,391,390,319,393,322,324,231,226,225,222,221,218,217,214,215,211,304,206,205,202,201,113,112,108,38,39,43,44,47,46,50,120,53,52,55,56,59,58,62,61,135,65,67,68,71,141,232,239,332,331,402,424,441,459,490,538,780,823,826,855,816,773,774,794,878,872,802,803,754,756,809,810,761,763,895,924,964,1007,561,641,686,643,998,562,996,648,653,714,674,672,555,1024,569,1014,573,707,706,584,1027,991,628,669,666,645,647,993,576,997,982,909,827,767,765,759,542,482,478,442,409,367,279,278,360,275,357,415,448,476,502,453,350,420,493,540,480,461,451,339,247,342,251,345,255,256,163,158,157,153,154,149,150,240,147,72,2,5,4,7,8,10,11,14,84,17,16"
828,207si1032,4,4,julia,22322,17.784643083,17.818476375,0,0,"1007,561,604,641,686,998,562,996,648,714,674,672,555,1026,556,569,1014,573,706,707,584,1027,991,628,669,666,645,647,993,576,997,912,909,827,767,765,759,542,482,478,442,409,283,282,284,191,185,182,177,178,278,279,360,275,357,415,448,476,523,546,493,540,420,350,345,255,251,342,480,461,451,339,247,240,147,150,149,153,154,72,2,4,5,7,8,10,11,14,84,157,158,256,163,166,167,265,264,174,173,92,91,17,16,18,23,22,25,26,29,99,32,31,105,35,288,195,292,293,299,412,437,473,499,498,471,382,381,497,512,392,391,390,393,319,321,231,324,226,225,222,221,217,218,215,214,211,304,206,205,202,201,113,108,38,41,40,43,44,46,47,50,120,53,52,56,55,59,58,62,61,65,135,67,68,71,141,232,239,332,331,402,424,441,459,490,538,780,823,826,855,773,774,793,794,878,872,802,803,754,756,809,810,761,763,804,922,975"
829,32u159,8,8,julia,22664,0.086930541,0.0903255,0,0,"92,109,110,113,123,124,125,158,153,148,141,19,27,29,32,33,38,121,120,46,48,51,54,62,61,63,72,76,87,94,105,106"
830,32u159,8,8,cpp,22664,0.053374458,0.053527125,0,0,"92,109,110,113,123,124,125,158,153,148,141,19,27,29,32,33,38,121,120,46,48,51,54,62,61,63,72,76,87,94,105,106"
831,41gr202,7,7,cpp,23301,0.088420916,0.089906417,0,0,"193,181,179,177,165,163,124,119,118,94,92,86,85,82,79,78,77,76,75,74,73,67,66,63,70,53,50,15,0,1,7,9,11,18,21,23,145,151,196,199,201"
832,41gr202,7,7,julia,23301,0.14402775,0.160680625,0,0,"193,181,179,177,165,163,124,119,118,94,92,86,85,82,79,78,77,76,75,74,73,67,66,63,70,53,50,15,0,1,7,9,11,18,21,23,145,151,196,199,201"
833,115rat575,9,9,julia,2388,2.509762166,2.547530083,0,0,"558,562,563,566,568,571,550,525,502,480,458,459,434,433,410,389,365,343,320,297,274,227,226,180,181,179,178,176,151,172,171,169,146,124,100,99,78,81,82,85,109,133,110,113,90,44,19,16,14,12,33,10,32,29,27,25,24,47,71,95,118,140,141,162,184,185,186,211,212,234,278,300,324,348,347,369,393,415,417,396,374,352,354,330,284,262,263,264,265,291,313,314,337,360,381,404,428,427,451,474,497,493,469,467,466,465,487,485,484,506,507,531,532,555,557"
834,115rat575,9,9,cpp,2388,2.123378875,2.124212542,0,0,"558,562,563,566,568,571,550,526,502,480,458,459,434,433,411,389,365,343,320,297,274,227,226,203,181,179,178,176,151,172,171,169,146,124,100,99,78,81,82,85,109,133,110,113,67,44,17,16,14,12,33,10,32,29,27,25,24,47,71,95,118,140,141,162,184,185,186,211,212,234,278,300,324,348,347,369,393,415,417,395,374,352,354,330,284,262,263,264,265,291,313,314,337,360,382,404,428,427,451,474,497,493,469,467,466,465,487,485,484,506,507,531,532,555,557"
835,84fl417,5,5,cpp,9651,0.601413084,0.602278125,0,0,"61,68,89,86,94,95,73,79,80,75,98,97,101,104,291,285,251,377,376,374,373,372,368,247,241,208,202,392,406,403,401,400,102,71,59,39,36,32,340,341,344,346,332,130,138,144,22,29,14,16,11,5,20,30,18,7,21,349,350,352,355,337,338,154,160,166,172,35,37,40,42,49,51,54,56,50,48,46,44,41,38,52,58,57"
836,84fl417,5,5,julia,9651,0.84200925,0.861586125,0,0,"61,68,89,86,94,95,73,79,80,75,98,97,101,104,291,285,251,377,376,374,373,372,368,247,214,208,202,392,390,402,401,400,102,71,59,39,36,32,340,341,343,346,332,130,138,144,22,29,14,16,11,5,20,30,18,7,21,349,350,353,356,337,338,154,160,166,172,35,37,40,42,49,51,54,56,50,48,46,44,41,38,52,58,57"
837,87gr431,3,3,julia,101946,1.094834625,1.173052375,0,0,"326,315,318,321,313,300,296,292,276,277,271,268,258,257,220,192,190,142,136,26,25,15,0,74,75,73,67,82,78,81,204,203,227,229,230,232,234,235,239,240,243,246,244,245,250,389,251,386,383,377,366,365,363,361,401,402,404,403,422,423,424,425,426,427,430,429,428,419,418,417,421,412,410,408,407,406,413,405,358,356,352,353,342,341,339,332,372"
838,87gr431,3,3,cpp,101946,0.915624417,0.918202125,0,0,"74,75,73,67,82,78,81,204,203,227,229,230,232,234,235,239,240,243,246,244,245,250,389,251,386,383,377,366,365,363,361,401,402,404,403,422,423,424,425,426,427,430,429,428,419,418,417,421,412,410,408,407,406,413,405,358,356,352,353,342,341,339,332,372,326,315,318,321,313,300,296,292,276,277,271,268,258,257,220,192,190,142,136,26,25,15,0"
839,115u574,5,5,cpp,16689,2.182529125,2.18457475,0,0,"439,435,433,443,441,451,488,489,492,482,481,497,499,507,512,519,522,242,203,205,185,208,232,230,229,217,22,31,19,14,528,529,535,543,546,552,11,10,557,556,562,565,567,570,47,46,45,53,57,55,79,85,86,87,28,89,104,110,112,74,75,59,61,62,127,126,132,135,136,137,144,146,156,152,167,174,175,173,284,291,294,305,307,308,309,313,280,279,189,196,251,465,464,459,397,255,254,390,383,385,265,270,327,328,330,342,344,369,374,361,359,358,411,427,428"
840,115u574,5,5,julia,16689,2.273996875,2.310831792,0,0,"439,435,433,443,441,451,488,489,493,482,481,497,499,507,512,519,522,242,203,204,228,229,217,22,31,19,14,528,529,535,543,546,552,11,10,557,556,562,565,567,570,47,46,45,53,57,55,79,85,86,87,28,89,104,110,112,74,75,59,61,62,127,126,132,135,136,137,144,146,156,152,167,288,287,284,173,174,210,209,184,187,306,302,301,309,312,280,279,189,196,251,465,464,459,397,255,254,390,383,385,265,270,327,328,330,342,344,369,374,361,359,358,411,427,428"
841,200dsj1000,6,6,julia,9195460,13.753216875,13.942682459,0,0,"506,275,811,190,94,764,917,563,245,127,667,699,456,215,428,736,68,112,791,300,476,637,130,606,14,959,626,519,980,381,770,897,406,156,948,392,234,423,422,403,594,924,114,471,427,797,680,650,279,609,543,255,678,319,754,821,377,786,124,152,985,873,454,432,447,442,365,316,458,391,434,218,728,338,153,766,639,386,614,347,523,201,254,633,913,828,179,929,746,991,762,198,574,48,446,239,440,670,328,95,207,550,713,527,995,930,990,964,137,212,655,578,618,110,586,33,695,388,512,394,141,129,178,240,846,601,118,792,862,444,830,488,949,317,664,109,158,757,147,393,722,452,315,3,1,933,946,911,668,967,332,682,343,714,77,507,921,329,462,815,521,467,844,953,5,134,803,232,807,781,87,260,88,501,374,106,292,977,922,859,908,167,484,777,495,368,869,621,572,32,38,266,789,872,188,536,21,472,842,894"
842,200dsj1000,6,6,cpp,9187884,13.592277959,13.594089125,0,0,"618,110,586,33,695,580,576,388,512,394,769,601,846,404,470,792,118,735,164,293,688,488,34,845,812,798,424,750,998,18,745,147,393,722,505,288,902,3,401,888,682,343,714,77,507,921,329,462,521,815,844,953,5,134,803,232,807,781,87,260,88,501,374,106,292,977,922,859,908,167,777,495,368,621,572,32,38,266,789,872,188,536,21,472,842,894,506,275,811,190,94,764,917,563,245,127,667,699,456,215,428,718,159,450,68,112,791,300,476,637,130,606,14,959,626,519,980,381,770,897,406,156,948,392,234,423,422,403,594,924,114,471,427,797,680,650,279,609,543,255,678,319,754,821,377,786,124,152,985,873,454,432,447,442,365,316,458,391,434,218,728,338,153,766,639,386,614,347,523,201,254,633,913,828,179,929,746,991,762,198,574,48,446,239,440,670,328,95,207,550,713,527,995,930,990,964,137,212,655,578"
843,32u159,4,4,cpp,22664,0.052495875,0.052792917,0,0,"105,94,87,76,72,63,61,62,54,51,48,46,120,121,38,33,32,29,27,19,141,148,153,158,125,124,123,113,110,109,92,106"
844,32u159,4,4,julia,22664,0.08787325,0.091122791,0,0,"105,94,87,76,72,63,61,62,54,51,48,46,120,121,38,33,32,29,27,19,141,148,153,158,125,124,123,113,110,109,92,106"
845,134gr666,4,4,julia,163765,3.631787875,3.820116833,0,0,"107,115,114,116,117,125,124,129,133,135,136,81,82,76,75,65,66,62,92,95,97,664,663,661,662,660,659,653,654,655,656,657,658,635,597,599,609,610,611,622,485,619,475,473,466,465,462,463,464,477,480,478,1,2,4,7,19,24,25,27,32,30,11,15,17,308,309,0,311,316,321,289,285,260,244,250,235,234,139,166,172,170,148,183,187,189,193,206,216,217,220,224,211,214,230,232,231,233,202,201,200,164,160,158,157,486,454,459,519,525,526,536,541,551,555,552,573,572,576,579,583,590,585,593,636,638,646,647,640,641,642,644,648,665"
846,134gr666,4,4,cpp,164681,3.338156584,3.34422975,0,0,"107,115,114,116,117,125,124,129,133,135,136,81,82,76,51,43,41,12,17,308,309,0,464,463,437,462,465,466,473,475,614,609,608,611,622,485,481,477,480,478,1,2,4,11,7,19,24,25,52,55,63,66,92,95,97,664,663,661,662,660,659,653,652,651,655,656,657,658,635,636,638,646,644,642,641,640,647,639,592,594,589,583,579,576,572,573,552,555,551,541,536,526,525,519,459,490,416,413,407,403,328,299,294,266,250,235,234,139,166,172,170,148,183,187,190,191,160,159,163,200,201,202,233,231,232,230,214,211,224,219,207,216,217,665"
847,87gr431,2,2,cpp,101946,0.899634166,0.902143875,0,0,"244,245,250,389,251,386,383,377,366,365,363,361,401,402,404,403,422,423,424,425,426,427,430,429,428,419,418,417,421,412,410,408,407,406,413,405,358,356,352,353,342,341,339,332,372,326,315,318,321,313,300,296,292,276,277,271,268,258,257,220,192,190,142,136,26,25,15,0,74,75,73,67,82,78,81,204,203,227,229,230,232,234,235,239,240,243,246"
848,87gr431,2,2,julia,101946,1.192899125,1.272433334,0,0,"74,75,73,67,82,78,81,204,203,227,229,230,232,234,235,239,240,243,246,244,245,250,389,251,386,383,377,366,365,363,361,401,402,404,403,422,423,424,425,426,427,430,429,428,419,418,417,421,412,410,408,407,406,413,405,358,356,352,353,342,341,339,332,372,326,315,318,321,313,300,296,292,276,277,271,268,258,257,220,192,190,142,136,26,25,15,0"
849,72rbg358,10,10,julia,693,0.864611125,0.8728055,0,0,"252,335,8,23,212,88,140,110,41,43,7,15,25,215,250,2,57,203,74,48,100,194,67,319,115,164,348,177,340,301,150,170,162,68,124,5,148,36,118,17,117,92,275,342,13,121,187,247,161,341,10,4,142,109,325,107,178,265,210,184,310,158,343,190,14,179,108,111,154,9,217,201"
850,72rbg358,10,10,cpp,693,0.612492959,0.618672041,0,0,"348,158,343,140,110,10,59,162,88,117,252,335,2,212,194,67,111,170,190,14,161,341,41,43,7,15,25,215,250,8,100,68,9,217,201,36,118,142,109,325,107,148,154,124,5,177,340,301,150,48,247,92,275,342,203,74,95,178,108,319,115,321,337,210,184,187,23,57,17,13,121,179"
851,35ftv170,7,7,cpp,1205,0.05592325,0.059412875,0,0,"146,145,144,141,6,0,111,113,115,125,118,103,163,99,90,87,70,64,56,54,46,39,38,76,74,12,13,21,29,22,23,15,25,149,137"
852,35ftv170,7,7,julia,1205,0.095675792,0.099610667,0,0,"23,15,150,148,147,136,145,144,141,6,1,111,113,115,125,118,102,163,98,91,87,67,63,55,54,47,39,38,10,76,12,13,21,29,22"
853,113pa561,2,2,julia,1049,2.367380458,2.375968875,0,0,"242,243,239,151,148,145,141,165,480,484,485,408,413,416,458,512,503,508,506,237,236,250,248,251,281,285,283,558,557,553,552,546,544,545,549,477,478,468,466,443,387,448,449,393,396,372,369,368,363,379,427,341,356,352,350,332,330,0,152,155,112,116,122,126,180,55,70,46,42,36,35,11,18,21,30,64,73,85,82,100,101,103,211,213,194,195,191,214,219,202,252,258,259,253,256,261,309,310,311,314,315,321,303,305,306,307,300,293,291,278,271,272,274"
854,113pa561,2,2,cpp,1038,1.870355083,1.875999042,0,0,"277,293,300,307,306,305,303,319,315,314,311,310,264,261,256,253,259,258,252,202,213,208,205,101,88,81,82,83,73,64,22,30,18,19,11,36,43,42,70,56,180,182,187,189,190,214,137,220,222,240,228,237,249,250,248,251,281,285,283,558,557,553,547,546,544,545,472,475,478,468,445,443,387,448,449,395,396,372,369,368,365,379,427,341,356,352,350,332,323,0,152,155,162,164,139,165,480,484,485,408,410,416,458,512,503,508,506,229,239,266,272,271,278"
855,212u1060,6,6,cpp,106162,19.674351958,19.678030292,0,0,"669,633,627,622,616,613,436,610,605,603,598,597,451,452,454,558,562,552,553,468,475,479,481,496,502,503,514,504,509,508,493,492,367,366,369,372,377,485,411,463,423,424,417,431,429,400,398,395,393,387,389,273,272,268,267,279,281,283,285,310,252,256,261,197,194,190,183,181,168,166,155,143,140,135,126,125,7,8,4,1,0,1057,1053,1052,29,12,25,32,1043,1046,1038,1034,1031,1032,37,39,42,52,69,61,63,1028,1029,1015,991,985,975,974,964,963,949,958,80,76,82,87,86,101,97,95,110,109,882,879,872,871,909,865,217,212,211,207,206,259,232,236,230,842,851,921,919,916,901,899,898,952,953,933,945,942,941,827,939,936,938,837,833,822,821,808,810,814,316,307,303,300,299,349,351,348,344,327,324,330,337,340,342,794,792,779,778,765,757,751,534,541,543,542,747,740,738,732,731,734,736,574,578,579,725,699,722,720,708,703,689,674,673,676,678,713,717,718"
856,212u1060,6,6,julia,106052,23.068547583,23.195774583,0,0,"717,713,678,676,673,674,689,703,708,720,722,699,725,579,578,574,736,734,731,732,738,740,747,542,543,541,534,751,757,765,778,779,792,794,342,340,337,330,324,327,344,348,351,349,299,300,303,307,316,814,810,808,821,822,833,837,938,936,939,827,941,942,945,931,930,953,949,963,962,964,974,975,985,991,1015,1029,1028,63,61,69,70,51,76,81,82,87,86,100,18,20,23,40,37,1032,1031,1034,1038,1046,1049,1050,30,1052,1057,0,1,4,8,7,125,126,135,140,143,154,167,172,181,183,190,194,197,263,261,258,206,207,211,212,217,865,909,871,872,879,882,108,109,94,92,896,899,901,916,919,921,851,842,230,236,234,249,310,285,283,281,279,267,268,272,273,389,387,393,395,398,400,429,431,417,424,423,463,411,485,377,372,369,366,367,492,493,508,509,504,514,503,502,496,481,479,475,468,553,552,562,558,454,452,451,597,598,603,605,610,436,613,616,622,627,633,669,718"
857,60pr299,4,4,julia,22615,0.422662625,0.433462625,0,0,"7,6,1,2,147,151,296,293,213,288,215,220,219,279,282,281,229,227,163,164,167,197,234,272,237,241,192,244,247,254,259,258,255,177,175,119,118,54,55,51,57,59,58,37,62,32,33,68,72,71,24,23,82,94,95,96,140,157,156,142"
858,60pr299,4,4,cpp,22615,0.316485667,0.316755458,0,0,"7,6,1,2,147,151,296,293,213,288,215,220,219,279,282,281,229,227,163,164,167,197,234,272,237,241,192,244,247,254,259,258,255,177,175,119,118,54,55,51,57,59,58,37,62,32,33,68,72,71,24,23,82,94,95,96,140,157,156,142"
859,45tsp225,10,10,cpp,1612,0.13206225,0.133330292,0,0,"183,121,123,124,108,64,65,115,116,46,50,51,44,45,194,3,2,4,7,38,17,19,14,12,35,33,201,216,97,98,90,91,209,127,164,157,162,136,140,156,145,175,173,172,181"
860,45tsp225,10,10,julia,1612,0.197347083,0.202989833,0,0,"172,173,175,145,156,140,136,162,157,164,127,209,91,90,98,97,216,201,33,35,12,13,19,17,38,7,4,2,3,194,45,44,51,50,46,116,115,65,64,108,124,123,121,183,181"
861,145u724,8,8,julia,17289,5.324170375,5.3832935,0,0,"11,13,25,94,31,684,48,670,681,672,612,611,621,153,165,141,144,178,179,559,561,537,201,237,240,327,333,303,305,314,309,396,394,393,382,375,367,471,402,363,467,417,418,459,462,452,432,430,414,364,293,294,292,295,477,489,490,491,496,322,331,321,227,204,200,195,253,220,207,215,345,343,497,503,353,502,211,252,210,525,520,264,523,258,270,281,130,283,282,584,583,601,133,588,556,187,549,573,574,558,591,605,607,152,618,662,663,665,676,35,38,28,92,21,95,93,88,87,66,107,116,651,647,640,122,118,121,117,69,62,114,110,109,16,699,700,709,710,3,712,702,703,721,723,0"
862,145u724,8,8,cpp,17272,4.765225333,4.766566792,0,0,"723,721,10,3,712,697,695,698,701,709,700,699,16,109,110,114,62,69,649,121,118,122,640,647,651,116,107,66,87,102,46,688,44,28,43,683,669,664,676,665,663,662,618,152,607,605,591,558,574,573,549,187,556,588,133,601,583,584,282,283,130,281,270,258,523,264,520,525,210,252,211,502,353,503,497,343,345,215,207,220,253,195,200,204,227,321,331,322,496,491,490,489,477,295,292,294,293,364,414,430,434,452,462,459,418,417,467,363,402,471,367,375,382,393,394,396,314,309,305,303,333,327,240,237,201,537,561,559,179,178,143,141,165,153,613,612,654,670,48,47,94,25,13,11,0"
863,64lin318,10,10,cpp,20765,0.292947166,0.294281667,0,0,"217,223,244,246,250,253,256,261,270,275,297,304,308,302,298,285,282,276,169,192,185,193,197,196,195,189,186,64,60,62,80,88,92,91,90,316,49,50,43,40,35,26,19,10,9,2,8,4,111,107,112,127,136,37,153,160,148,208,141,139,224,219,216,212"
864,64lin318,10,10,julia,20765,0.395027208,0.407055666,0,0,"216,219,224,139,141,208,148,160,153,37,136,127,112,107,111,4,8,2,9,10,19,26,35,40,43,50,49,316,90,91,92,88,80,62,60,64,186,189,195,196,197,193,185,192,169,276,282,285,298,302,308,304,297,275,270,261,256,253,250,246,244,223,217,212"
865,45tsp225,2,2,julia,1612,0.218574125,0.224826292,0,0,"172,173,175,145,156,140,136,162,157,164,129,209,91,90,98,97,216,201,33,35,12,16,19,17,38,7,4,2,3,194,45,44,51,50,46,116,115,65,64,108,124,123,121,183,181"
866,45tsp225,2,2,cpp,1612,0.149577709,0.149805625,0,0,"183,121,123,124,108,64,65,115,116,46,206,51,44,45,194,3,2,4,7,38,17,19,15,12,35,33,201,216,97,98,90,91,209,127,164,157,162,136,140,156,145,175,173,172,181"
867,88pr439,9,9,cpp,60099,1.030016792,1.030871166,0,0,"283,227,185,82,50,48,43,78,56,35,34,76,74,72,62,63,22,20,18,101,103,143,146,144,142,152,155,138,124,98,128,162,171,249,247,258,318,322,324,305,266,267,232,222,274,295,335,362,377,386,400,403,404,427,428,414,418,413,388,378,376,347,351,290,289,285,231,188,187,186,280,281,341,340,372,380,390,392,397,406,421,432,429,423,407,433,434,438"
868,88pr439,9,9,julia,60099,1.218291,1.239934084,0,0,"283,227,185,82,50,48,43,78,56,35,34,76,74,72,62,63,22,20,18,101,103,143,146,144,142,152,155,138,124,98,128,162,171,249,247,258,318,323,324,306,266,267,232,222,274,295,335,362,377,386,400,403,416,417,428,414,418,413,388,378,376,347,351,290,289,285,231,188,187,186,280,281,341,340,372,380,390,392,397,406,421,432,429,423,407,433,434,438"
869,212u1060,8,8,julia,106052,21.55954875,21.682283167,0,0,"717,713,678,676,673,674,689,704,708,720,722,699,725,579,578,574,736,734,731,732,738,740,747,542,543,541,534,751,755,765,778,779,792,794,342,340,337,330,324,327,344,348,351,349,299,300,303,307,316,814,810,808,821,822,833,837,938,936,939,827,941,942,945,931,930,953,949,963,962,964,974,975,985,991,1015,1029,1028,63,61,69,70,51,76,81,82,87,86,100,18,20,23,40,37,1032,1031,1034,1038,1046,1049,1050,30,1052,1057,0,1,4,8,7,125,126,135,140,143,154,167,173,181,183,190,194,197,263,261,258,206,207,211,212,217,865,909,871,872,879,882,108,109,94,92,896,899,901,916,919,921,851,842,230,236,234,249,310,285,283,281,279,267,268,272,273,389,387,393,395,398,400,429,431,417,424,423,463,411,485,377,372,369,366,367,492,493,508,509,504,514,503,502,496,481,479,475,468,553,552,562,558,454,452,451,597,598,603,605,610,436,613,616,622,627,633,666,718"
870,212u1060,8,8,cpp,106385,16.954320542,16.956736625,0,0,"709,706,691,692,698,724,725,579,578,574,736,734,731,732,738,740,747,542,543,541,534,751,757,765,778,779,792,794,342,340,337,330,324,327,344,348,351,349,299,300,303,307,316,814,810,808,821,822,833,837,938,936,939,827,941,942,945,933,953,952,898,899,902,908,871,872,879,882,109,110,95,97,101,86,87,82,76,80,958,949,963,964,974,975,985,991,1015,1029,1028,63,61,69,52,42,39,37,1032,1031,1034,1038,1046,1043,32,25,12,29,1052,1053,1057,0,1,4,8,7,125,126,135,140,143,154,167,171,180,183,190,194,197,263,261,258,206,207,211,212,217,863,861,917,921,851,842,230,236,234,249,310,285,283,281,279,267,268,272,273,389,387,393,395,398,400,429,433,435,417,424,423,463,411,485,377,372,369,366,367,492,493,508,509,504,514,503,502,496,481,479,475,468,553,552,562,558,454,452,451,597,598,603,605,609,611,613,622,627,633,669,671,674,676,678,713,717,718"
871,56a280,4,4,cpp,1079,0.240487625,0.241130458,0,0,"56,44,45,36,35,33,122,123,28,25,21,18,132,270,271,10,8,5,276,3,279,242,245,227,226,224,213,211,206,253,258,263,264,139,141,197,196,192,190,182,181,176,174,160,173,171,169,92,93,76,75,86,115,64,66,67"
872,56a280,4,4,julia,1079,0.318446833,0.327805459,0,0,"66,64,115,82,75,76,93,92,101,170,173,160,174,176,181,182,190,192,196,197,141,139,264,263,258,253,206,211,213,224,225,227,245,243,279,2,276,5,8,10,271,15,132,18,21,25,28,123,122,33,35,36,45,44,56,67"
873,80rd400,9,9,julia,6361,0.768342459,0.787717083,0,0,"392,188,124,387,220,11,217,230,369,142,309,32,149,137,85,324,321,276,363,133,73,398,337,54,167,248,160,285,257,231,382,312,228,318,209,179,191,155,358,397,173,24,199,339,277,399,394,88,316,163,172,41,287,150,5,212,153,34,47,22,31,362,344,292,310,396,75,136,114,8,202,21,226,178,381,72,386,329,92,15"
874,80rd400,9,9,cpp,6361,0.657490667,0.658016333,0,0,"92,329,386,72,381,178,226,366,202,8,114,136,75,275,129,292,344,362,31,22,47,34,153,212,5,150,287,41,172,163,316,88,394,399,277,339,199,24,173,397,358,155,191,179,209,318,228,312,382,231,257,285,160,248,167,54,337,398,73,133,363,276,321,324,85,137,149,32,309,142,369,230,26,11,220,387,124,188,392,15"
875,81rbg403,3,3,cpp,1170,0.530283792,0.538570666,0,0,"128,235,127,109,78,24,211,171,182,38,110,111,222,250,135,270,375,90,62,175,384,383,67,66,77,100,98,32,274,272,28,115,194,324,106,149,347,188,173,214,233,380,248,238,229,82,247,105,19,179,241,112,47,174,177,361,51,7,58,183,17,170,123,23,69,193,80,65,129,35,283,33,162,186,108,120,254,345,37,42,252"
876,81rbg403,3,3,julia,1170,0.768585084,0.778098084,0,0,"211,110,38,175,24,78,128,109,108,120,182,58,254,105,19,111,123,177,82,247,241,112,47,222,135,270,100,44,233,324,252,235,32,274,272,41,69,77,31,214,402,248,193,80,238,229,283,171,179,149,7,115,194,380,129,35,188,299,60,33,174,185,106,345,37,42,361,347,65,384,383,67,90,186,183,17,375,127,162,23,62"
877,32u159,10,10,julia,22664,0.086394834,0.090409333,0,0,"105,94,87,76,72,63,61,62,54,51,48,46,120,121,38,33,32,29,27,19,141,148,153,158,125,124,123,113,110,109,92,106"
878,32u159,10,10,cpp,22664,0.053254083,0.053410542,0,0,"105,94,87,76,72,63,61,62,54,51,48,46,120,121,38,33,32,29,27,19,141,148,153,158,125,124,123,113,110,109,92,106"
879,80rd400,10,10,cpp,6361,0.635110625,0.635635167,0,0,"392,188,124,387,220,11,217,230,369,142,309,32,149,137,85,324,321,276,363,133,73,398,337,54,167,248,160,285,257,231,382,312,228,318,209,179,191,155,358,397,173,24,199,339,277,399,394,88,316,163,172,41,287,150,5,212,153,34,47,22,31,362,344,292,310,396,75,136,114,8,202,21,226,178,381,72,386,329,360,15"
880,80rd400,10,10,julia,6361,0.810543,0.828669708,0,0,"92,329,386,72,381,178,226,366,202,8,114,136,75,396,310,292,344,362,31,22,47,34,153,212,5,150,287,41,172,163,316,88,394,399,277,339,199,24,173,397,358,155,191,179,209,318,228,312,382,231,257,285,160,248,167,54,337,398,73,133,363,276,321,324,85,137,149,32,309,142,369,230,217,11,220,387,124,188,392,15"
881,107ali535,1,1,julia,128653,2.625064917,2.749893125,0,0,"466,122,378,162,391,246,416,369,435,377,217,488,244,321,288,160,236,442,502,406,534,176,420,149,245,83,76,317,437,327,485,427,196,237,131,55,253,104,71,341,203,9,32,34,291,306,152,78,477,41,227,330,215,84,405,5,355,371,368,225,100,460,52,434,345,59,379,280,373,73,349,474,451,428,526,516,234,47,60,421,297,91,455,507,409,417,429,282,273,501,120,393,133,247,312,308,172,382,4,301,226,525,523,25,221,338,18"
882,107ali535,1,1,cpp,128653,2.026790791,2.03234325,0,0,"338,221,25,523,525,226,301,4,382,172,308,312,247,133,393,120,501,273,282,429,417,409,507,455,91,297,421,60,47,234,516,526,428,451,474,349,73,373,280,379,59,345,434,52,460,100,225,111,371,355,5,405,84,215,330,227,41,477,78,152,306,291,34,32,9,203,341,71,104,253,55,131,237,196,427,485,327,437,317,76,83,245,149,420,176,534,406,502,442,236,160,288,321,244,488,217,377,435,369,416,246,391,162,378,122,466,18"
883,89pcb442,6,6,cpp,21657,1.024049417,1.025523625,0,0,"4,5,6,44,45,48,49,83,84,55,56,28,29,30,96,124,134,133,123,122,132,131,143,142,389,128,117,116,127,137,174,211,212,199,213,222,223,224,232,258,411,412,217,197,208,225,413,419,274,334,335,372,431,329,328,364,363,361,360,434,295,277,416,414,246,424,289,314,351,350,432,346,427,281,425,240,239,238,233,405,400,185,172,160,148,440,101,65,441"
884,89pcb442,6,6,julia,21740,1.391284042,1.414635125,0,0,"181,197,208,225,413,415,419,274,334,335,372,431,329,328,364,363,362,360,434,295,277,254,257,258,407,224,214,190,154,141,128,117,116,127,137,174,211,199,212,230,247,246,424,289,314,351,350,432,347,427,281,425,240,239,238,233,405,400,185,172,160,148,440,101,65,441,4,5,6,44,47,48,49,83,84,55,56,28,29,30,96,124,134,133,123,122,131,144,168"
885,81rbg403,2,2,julia,1170,0.759401583,0.768909,0,0,"235,38,174,193,123,186,42,283,183,17,182,179,254,105,19,110,23,115,32,274,272,41,69,77,100,44,233,324,177,361,7,101,90,62,35,375,162,58,127,252,170,238,229,128,109,24,149,347,129,248,33,135,270,345,299,60,241,112,47,108,120,65,384,383,67,82,175,78,211,194,380,188,37,13,306,214,171,111,222,185,106"
886,81rbg403,2,2,cpp,1170,0.531415625,0.539238583,0,0,"109,171,162,105,19,179,23,62,193,248,65,384,383,67,128,35,82,78,123,186,211,182,108,120,254,177,222,283,77,100,98,106,58,110,135,270,111,375,32,274,272,28,101,233,380,33,149,347,345,37,42,183,17,24,13,306,115,129,174,185,90,235,194,324,252,124,175,241,112,47,214,188,299,60,38,361,7,238,229,69,127"
887,46pr226,3,3,cpp,64007,0.107818042,0.108347125,0,0,"72,78,79,113,106,132,131,221,218,212,201,200,190,183,175,167,157,156,150,143,93,40,39,38,41,42,45,47,48,27,21,20,49,55,56,63,19,18,64,65,68,70,71,7,1,0"
888,46pr226,3,3,julia,64007,0.16240575,0.168637458,0,0,"65,64,18,19,63,56,55,49,20,21,27,48,47,45,42,41,38,39,40,93,143,150,156,158,171,175,185,190,195,201,206,215,221,131,132,106,113,79,78,72,0,1,7,71,70,68"
889,32u159,7,7,julia,22664,0.087653875,0.090715875,0,0,"92,109,110,113,123,124,125,158,153,148,141,19,27,29,32,33,38,121,120,46,48,51,54,62,61,63,72,76,87,94,105,106"
890,32u159,7,7,cpp,22664,0.055513542,0.0556805,0,0,"92,109,110,113,123,124,125,158,153,148,141,19,27,29,32,33,38,121,120,46,48,51,54,62,61,63,72,76,87,94,105,106"
891,64lin318,2,2,cpp,20765,0.293338375,0.294607459,0,0,"80,62,60,64,186,189,195,196,197,193,185,192,169,276,282,285,298,302,308,304,297,275,270,261,256,253,250,246,244,223,217,212,216,219,224,139,141,208,148,160,153,37,136,127,112,107,111,4,8,2,9,10,19,26,35,40,43,46,50,316,90,91,92,88"
892,64lin318,2,2,julia,20765,0.387699459,0.39982325,0,0,"316,49,50,43,40,35,26,19,10,9,2,8,4,111,107,112,127,136,37,153,160,148,208,141,139,224,219,216,212,218,223,244,246,250,253,256,261,270,275,297,304,308,302,298,285,282,276,169,192,185,193,197,196,195,189,186,64,60,62,80,88,92,91,90"
893,40kroa200,10,10,julia,13406,0.196686417,0.201828083,0,0,"77,15,62,43,47,164,103,91,105,3,107,68,58,88,163,22,172,90,181,194,4,195,71,129,113,102,142,7,111,46,30,157,166,192,26,131,110,171,31,6"
894,40kroa200,10,10,cpp,13406,0.102664667,0.1028545,0,0,"77,15,62,43,47,164,103,91,105,3,107,68,58,88,163,22,172,90,181,194,4,195,71,129,113,102,142,7,111,46,30,157,166,192,26,131,110,171,31,6"
895,53pr264,9,9,cpp,29549,0.181910458,0.182431125,0,0,"112,109,66,25,23,69,103,73,12,11,6,81,82,88,131,134,195,201,202,257,256,261,253,183,184,181,175,217,218,263,236,162,163,147,161,160,159,227,233,228,149,124,54,49,56,44,43,41,39,38,37,120,128"
896,53pr264,9,9,julia,29549,0.254030667,0.262508459,0,0,"120,37,38,39,41,42,44,56,49,125,124,149,229,233,226,159,160,161,147,163,162,236,263,218,217,175,181,184,183,253,261,256,257,202,201,195,134,131,88,82,81,6,11,12,73,103,70,23,25,24,109,112,128"
897,80rd400,8,8,julia,6361,0.814304916,0.833636167,0,0,"92,329,386,72,381,178,226,21,202,8,114,136,75,275,310,292,344,362,31,22,47,34,153,212,5,150,287,41,172,163,316,88,394,399,277,339,199,24,173,397,358,155,191,179,209,318,228,312,382,231,257,285,160,248,167,54,337,398,73,133,363,276,321,324,85,137,149,32,309,142,369,230,217,11,220,387,124,188,392,15"
898,80rd400,8,8,cpp,6361,0.605780417,0.606371167,0,0,"92,329,386,72,381,178,226,21,202,8,114,136,75,275,310,292,344,362,31,22,47,34,153,212,5,150,287,41,172,163,316,88,394,399,277,339,199,24,173,397,358,155,191,179,209,318,228,312,382,231,257,285,160,248,167,54,337,398,73,133,363,276,321,324,85,137,149,32,309,142,369,230,217,11,220,387,124,188,392,15"
899,39rat195,1,1,cpp,854,0.100842417,0.10119975,0,0,"15,14,2,4,7,23,35,36,49,62,63,75,87,101,115,126,127,140,153,151,165,193,192,189,174,173,170,157,132,119,106,94,82,81,66,53,55,44,29"
900,39rat195,1,1,julia,854,0.138397959,0.142834708,0,0,"44,55,53,66,81,82,94,106,119,132,157,170,172,174,189,192,193,179,151,153,140,127,126,115,101,87,75,63,62,49,36,35,23,7,3,2,14,15,29"
